num_records,time,formula,seed,best_loss,sample_size,epochs_run,dataset,python_version,torch_version,torch_choice_version,device,data_path,output_path,experiment_name,num_seeds,num_epochs,learning_rate,batch_size,cpu_name,cpu_count,gpu_name,run_date,task
3000,12.004072189331055,(user_latents|item) + (item_latents|constant),0,6422.0400390625,3000,3970,"ChoiceDataset(num_items=500, num_users=500, num_sessions=3000000, label=[], item_index=[3000], user_index=[3000], session_index=[3000], item_availability=[], user_latents=[500, 30], item_latents=[500, 30], device=cuda:0)","3.9.15 (main, Nov 24 2022, 14:31:59) 
[GCC 11.2.0]",2.5.1+cu124,1.0.6,cuda,/home/tianyudu/Development/torch-choice/paper_performance_benchmarks/torch_choice_benchmark_data_totally_synthetic,./benchmark_results_aurora_20250428,all,5,50000,0.03,-1,x86_64,16,NVIDIA GeForce RTX 3090,2025-04-28,num_records_experiment_large
5000,19.900779724121094,(user_latents|item) + (item_latents|constant),0,14428.5859375,5000,4269,"ChoiceDataset(num_items=500, num_users=500, num_sessions=3000000, label=[], item_index=[5000], user_index=[5000], session_index=[5000], item_availability=[], user_latents=[500, 30], item_latents=[500, 30], device=cuda:0)","3.9.15 (main, Nov 24 2022, 14:31:59) 
[GCC 11.2.0]",2.5.1+cu124,1.0.6,cuda,/home/tianyudu/Development/torch-choice/paper_performance_benchmarks/torch_choice_benchmark_data_totally_synthetic,./benchmark_results_aurora_20250428,all,5,50000,0.03,-1,x86_64,16,NVIDIA GeForce RTX 3090,2025-04-28,num_records_experiment_large
7000,18.9665310382843,(user_latents|item) + (item_latents|constant),0,23400.08203125,7000,2992,"ChoiceDataset(num_items=500, num_users=500, num_sessions=3000000, label=[], item_index=[7000], user_index=[7000], session_index=[7000], item_availability=[], user_latents=[500, 30], item_latents=[500, 30], device=cuda:0)","3.9.15 (main, Nov 24 2022, 14:31:59) 
[GCC 11.2.0]",2.5.1+cu124,1.0.6,cuda,/home/tianyudu/Development/torch-choice/paper_performance_benchmarks/torch_choice_benchmark_data_totally_synthetic,./benchmark_results_aurora_20250428,all,5,50000,0.03,-1,x86_64,16,NVIDIA GeForce RTX 3090,2025-04-28,num_records_experiment_large
10000,21.696113109588623,(user_latents|item) + (item_latents|constant),0,37662.03125,10000,2460,"ChoiceDataset(num_items=500, num_users=500, num_sessions=3000000, label=[], item_index=[10000], user_index=[10000], session_index=[10000], item_availability=[], user_latents=[500, 30], item_latents=[500, 30], device=cuda:0)","3.9.15 (main, Nov 24 2022, 14:31:59) 
[GCC 11.2.0]",2.5.1+cu124,1.0.6,cuda,/home/tianyudu/Development/torch-choice/paper_performance_benchmarks/torch_choice_benchmark_data_totally_synthetic,./benchmark_results_aurora_20250428,all,5,50000,0.03,-1,x86_64,16,NVIDIA GeForce RTX 3090,2025-04-28,num_records_experiment_large
30000,79.61371421813965,(user_latents|item) + (item_latents|constant),0,130225.3359375,30000,2985,"ChoiceDataset(num_items=500, num_users=500, num_sessions=3000000, label=[], item_index=[30000], user_index=[30000], session_index=[30000], item_availability=[], user_latents=[500, 30], item_latents=[500, 30], device=cuda:0)","3.9.15 (main, Nov 24 2022, 14:31:59) 
[GCC 11.2.0]",2.5.1+cu124,1.0.6,cuda,/home/tianyudu/Development/torch-choice/paper_performance_benchmarks/torch_choice_benchmark_data_totally_synthetic,./benchmark_results_aurora_20250428,all,5,50000,0.03,-1,x86_64,16,NVIDIA GeForce RTX 3090,2025-04-28,num_records_experiment_large
50000,128.47251534461975,(user_latents|item) + (item_latents|constant),0,222209.203125,50000,2731,"ChoiceDataset(num_items=500, num_users=500, num_sessions=3000000, label=[], item_index=[50000], user_index=[50000], session_index=[50000], item_availability=[], user_latents=[500, 30], item_latents=[500, 30], device=cuda:0)","3.9.15 (main, Nov 24 2022, 14:31:59) 
[GCC 11.2.0]",2.5.1+cu124,1.0.6,cuda,/home/tianyudu/Development/torch-choice/paper_performance_benchmarks/torch_choice_benchmark_data_totally_synthetic,./benchmark_results_aurora_20250428,all,5,50000,0.03,-1,x86_64,16,NVIDIA GeForce RTX 3090,2025-04-28,num_records_experiment_large
70000,178.54369068145752,(user_latents|item) + (item_latents|constant),0,313954.96875,70000,2664,"ChoiceDataset(num_items=500, num_users=500, num_sessions=3000000, label=[], item_index=[70000], user_index=[70000], session_index=[70000], item_availability=[], user_latents=[500, 30], item_latents=[500, 30], device=cuda:0)","3.9.15 (main, Nov 24 2022, 14:31:59) 
[GCC 11.2.0]",2.5.1+cu124,1.0.6,cuda,/home/tianyudu/Development/torch-choice/paper_performance_benchmarks/torch_choice_benchmark_data_totally_synthetic,./benchmark_results_aurora_20250428,all,5,50000,0.03,-1,x86_64,16,NVIDIA GeForce RTX 3090,2025-04-28,num_records_experiment_large
100000,265.0081470012665,(user_latents|item) + (item_latents|constant),0,452600.0625,100000,2811,"ChoiceDataset(num_items=500, num_users=500, num_sessions=3000000, label=[], item_index=[100000], user_index=[100000], session_index=[100000], item_availability=[], user_latents=[500, 30], item_latents=[500, 30], device=cuda:0)","3.9.15 (main, Nov 24 2022, 14:31:59) 
[GCC 11.2.0]",2.5.1+cu124,1.0.6,cuda,/home/tianyudu/Development/torch-choice/paper_performance_benchmarks/torch_choice_benchmark_data_totally_synthetic,./benchmark_results_aurora_20250428,all,5,50000,0.03,-1,x86_64,16,NVIDIA GeForce RTX 3090,2025-04-28,num_records_experiment_large
3000,11.239176034927368,(user_latents|item),0,6391.22705078125,3000,4758,"ChoiceDataset(num_items=500, num_users=500, num_sessions=3000000, label=[], item_index=[3000], user_index=[3000], session_index=[3000], item_availability=[], user_latents=[500, 30], item_latents=[500, 30], device=cuda:0)","3.9.15 (main, Nov 24 2022, 14:31:59) 
[GCC 11.2.0]",2.5.1+cu124,1.0.6,cuda,/home/tianyudu/Development/torch-choice/paper_performance_benchmarks/torch_choice_benchmark_data_totally_synthetic,./benchmark_results_aurora_20250428,all,5,50000,0.03,-1,x86_64,16,NVIDIA GeForce RTX 3090,2025-04-28,num_records_experiment_large
5000,15.69266390800476,(user_latents|item),0,14401.330078125,5000,4788,"ChoiceDataset(num_items=500, num_users=500, num_sessions=3000000, label=[], item_index=[5000], user_index=[5000], session_index=[5000], item_availability=[], user_latents=[500, 30], item_latents=[500, 30], device=cuda:0)","3.9.15 (main, Nov 24 2022, 14:31:59) 
[GCC 11.2.0]",2.5.1+cu124,1.0.6,cuda,/home/tianyudu/Development/torch-choice/paper_performance_benchmarks/torch_choice_benchmark_data_totally_synthetic,./benchmark_results_aurora_20250428,all,5,50000,0.03,-1,x86_64,16,NVIDIA GeForce RTX 3090,2025-04-28,num_records_experiment_large
7000,20.808362007141113,(user_latents|item),0,23271.9609375,7000,4862,"ChoiceDataset(num_items=500, num_users=500, num_sessions=3000000, label=[], item_index=[7000], user_index=[7000], session_index=[7000], item_availability=[], user_latents=[500, 30], item_latents=[500, 30], device=cuda:0)","3.9.15 (main, Nov 24 2022, 14:31:59) 
[GCC 11.2.0]",2.5.1+cu124,1.0.6,cuda,/home/tianyudu/Development/torch-choice/paper_performance_benchmarks/torch_choice_benchmark_data_totally_synthetic,./benchmark_results_aurora_20250428,all,5,50000,0.03,-1,x86_64,16,NVIDIA GeForce RTX 3090,2025-04-28,num_records_experiment_large
10000,22.1329984664917,(user_latents|item),0,37580.71875,10000,3866,"ChoiceDataset(num_items=500, num_users=500, num_sessions=3000000, label=[], item_index=[10000], user_index=[10000], session_index=[10000], item_availability=[], user_latents=[500, 30], item_latents=[500, 30], device=cuda:0)","3.9.15 (main, Nov 24 2022, 14:31:59) 
[GCC 11.2.0]",2.5.1+cu124,1.0.6,cuda,/home/tianyudu/Development/torch-choice/paper_performance_benchmarks/torch_choice_benchmark_data_totally_synthetic,./benchmark_results_aurora_20250428,all,5,50000,0.03,-1,x86_64,16,NVIDIA GeForce RTX 3090,2025-04-28,num_records_experiment_large
30000,46.80430316925049,(user_latents|item),0,130226.4453125,30000,3029,"ChoiceDataset(num_items=500, num_users=500, num_sessions=3000000, label=[], item_index=[30000], user_index=[30000], session_index=[30000], item_availability=[], user_latents=[500, 30], item_latents=[500, 30], device=cuda:0)","3.9.15 (main, Nov 24 2022, 14:31:59) 
[GCC 11.2.0]",2.5.1+cu124,1.0.6,cuda,/home/tianyudu/Development/torch-choice/paper_performance_benchmarks/torch_choice_benchmark_data_totally_synthetic,./benchmark_results_aurora_20250428,all,5,50000,0.03,-1,x86_64,16,NVIDIA GeForce RTX 3090,2025-04-28,num_records_experiment_large
50000,91.67052745819092,(user_latents|item),0,222164.34375,50000,2865,"ChoiceDataset(num_items=500, num_users=500, num_sessions=3000000, label=[], item_index=[50000], user_index=[50000], session_index=[50000], item_availability=[], user_latents=[500, 30], item_latents=[500, 30], device=cuda:0)","3.9.15 (main, Nov 24 2022, 14:31:59) 
[GCC 11.2.0]",2.5.1+cu124,1.0.6,cuda,/home/tianyudu/Development/torch-choice/paper_performance_benchmarks/torch_choice_benchmark_data_totally_synthetic,./benchmark_results_aurora_20250428,all,5,50000,0.03,-1,x86_64,16,NVIDIA GeForce RTX 3090,2025-04-28,num_records_experiment_large
70000,143.9169225692749,(user_latents|item),0,313815.3125,70000,3421,"ChoiceDataset(num_items=500, num_users=500, num_sessions=3000000, label=[], item_index=[70000], user_index=[70000], session_index=[70000], item_availability=[], user_latents=[500, 30], item_latents=[500, 30], device=cuda:0)","3.9.15 (main, Nov 24 2022, 14:31:59) 
[GCC 11.2.0]",2.5.1+cu124,1.0.6,cuda,/home/tianyudu/Development/torch-choice/paper_performance_benchmarks/torch_choice_benchmark_data_totally_synthetic,./benchmark_results_aurora_20250428,all,5,50000,0.03,-1,x86_64,16,NVIDIA GeForce RTX 3090,2025-04-28,num_records_experiment_large
100000,197.96965193748474,(user_latents|item),0,452451.59375,100000,3407,"ChoiceDataset(num_items=500, num_users=500, num_sessions=3000000, label=[], item_index=[100000], user_index=[100000], session_index=[100000], item_availability=[], user_latents=[500, 30], item_latents=[500, 30], device=cuda:0)","3.9.15 (main, Nov 24 2022, 14:31:59) 
[GCC 11.2.0]",2.5.1+cu124,1.0.6,cuda,/home/tianyudu/Development/torch-choice/paper_performance_benchmarks/torch_choice_benchmark_data_totally_synthetic,./benchmark_results_aurora_20250428,all,5,50000,0.03,-1,x86_64,16,NVIDIA GeForce RTX 3090,2025-04-28,num_records_experiment_large
3000,2.7597126960754395,(item_latents|constant),0,17905.99609375,3000,1271,"ChoiceDataset(num_items=500, num_users=500, num_sessions=3000000, label=[], item_index=[3000], user_index=[3000], session_index=[3000], item_availability=[], user_latents=[500, 30], item_latents=[500, 30], device=cuda:0)","3.9.15 (main, Nov 24 2022, 14:31:59) 
[GCC 11.2.0]",2.5.1+cu124,1.0.6,cuda,/home/tianyudu/Development/torch-choice/paper_performance_benchmarks/torch_choice_benchmark_data_totally_synthetic,./benchmark_results_aurora_20250428,all,5,50000,0.03,-1,x86_64,16,NVIDIA GeForce RTX 3090,2025-04-28,num_records_experiment_large
5000,3.985999822616577,(item_latents|constant),0,29811.45703125,5000,1323,"ChoiceDataset(num_items=500, num_users=500, num_sessions=3000000, label=[], item_index=[5000], user_index=[5000], session_index=[5000], item_availability=[], user_latents=[500, 30], item_latents=[500, 30], device=cuda:0)","3.9.15 (main, Nov 24 2022, 14:31:59) 
[GCC 11.2.0]",2.5.1+cu124,1.0.6,cuda,/home/tianyudu/Development/torch-choice/paper_performance_benchmarks/torch_choice_benchmark_data_totally_synthetic,./benchmark_results_aurora_20250428,all,5,50000,0.03,-1,x86_64,16,NVIDIA GeForce RTX 3090,2025-04-28,num_records_experiment_large
7000,5.288604974746704,(item_latents|constant),0,41665.8984375,7000,1301,"ChoiceDataset(num_items=500, num_users=500, num_sessions=3000000, label=[], item_index=[7000], user_index=[7000], session_index=[7000], item_availability=[], user_latents=[500, 30], item_latents=[500, 30], device=cuda:0)","3.9.15 (main, Nov 24 2022, 14:31:59) 
[GCC 11.2.0]",2.5.1+cu124,1.0.6,cuda,/home/tianyudu/Development/torch-choice/paper_performance_benchmarks/torch_choice_benchmark_data_totally_synthetic,./benchmark_results_aurora_20250428,all,5,50000,0.03,-1,x86_64,16,NVIDIA GeForce RTX 3090,2025-04-28,num_records_experiment_large
10000,6.7499706745147705,(item_latents|constant),0,59440.28125,10000,1288,"ChoiceDataset(num_items=500, num_users=500, num_sessions=3000000, label=[], item_index=[10000], user_index=[10000], session_index=[10000], item_availability=[], user_latents=[500, 30], item_latents=[500, 30], device=cuda:0)","3.9.15 (main, Nov 24 2022, 14:31:59) 
[GCC 11.2.0]",2.5.1+cu124,1.0.6,cuda,/home/tianyudu/Development/torch-choice/paper_performance_benchmarks/torch_choice_benchmark_data_totally_synthetic,./benchmark_results_aurora_20250428,all,5,50000,0.03,-1,x86_64,16,NVIDIA GeForce RTX 3090,2025-04-28,num_records_experiment_large
30000,18.258484363555908,(item_latents|constant),0,178137.53125,30000,1294,"ChoiceDataset(num_items=500, num_users=500, num_sessions=3000000, label=[], item_index=[30000], user_index=[30000], session_index=[30000], item_availability=[], user_latents=[500, 30], item_latents=[500, 30], device=cuda:0)","3.9.15 (main, Nov 24 2022, 14:31:59) 
[GCC 11.2.0]",2.5.1+cu124,1.0.6,cuda,/home/tianyudu/Development/torch-choice/paper_performance_benchmarks/torch_choice_benchmark_data_totally_synthetic,./benchmark_results_aurora_20250428,all,5,50000,0.03,-1,x86_64,16,NVIDIA GeForce RTX 3090,2025-04-28,num_records_experiment_large
50000,38.07859802246094,(item_latents|constant),0,296738.5625,50000,1308,"ChoiceDataset(num_items=500, num_users=500, num_sessions=3000000, label=[], item_index=[50000], user_index=[50000], session_index=[50000], item_availability=[], user_latents=[500, 30], item_latents=[500, 30], device=cuda:0)","3.9.15 (main, Nov 24 2022, 14:31:59) 
[GCC 11.2.0]",2.5.1+cu124,1.0.6,cuda,/home/tianyudu/Development/torch-choice/paper_performance_benchmarks/torch_choice_benchmark_data_totally_synthetic,./benchmark_results_aurora_20250428,all,5,50000,0.03,-1,x86_64,16,NVIDIA GeForce RTX 3090,2025-04-28,num_records_experiment_large
70000,50.92787313461304,(item_latents|constant),0,415435.875,70000,1273,"ChoiceDataset(num_items=500, num_users=500, num_sessions=3000000, label=[], item_index=[70000], user_index=[70000], session_index=[70000], item_availability=[], user_latents=[500, 30], item_latents=[500, 30], device=cuda:0)","3.9.15 (main, Nov 24 2022, 14:31:59) 
[GCC 11.2.0]",2.5.1+cu124,1.0.6,cuda,/home/tianyudu/Development/torch-choice/paper_performance_benchmarks/torch_choice_benchmark_data_totally_synthetic,./benchmark_results_aurora_20250428,all,5,50000,0.03,-1,x86_64,16,NVIDIA GeForce RTX 3090,2025-04-28,num_records_experiment_large
100000,69.12812352180481,(item_latents|constant),0,593783.25,100000,1261,"ChoiceDataset(num_items=500, num_users=500, num_sessions=3000000, label=[], item_index=[100000], user_index=[100000], session_index=[100000], item_availability=[], user_latents=[500, 30], item_latents=[500, 30], device=cuda:0)","3.9.15 (main, Nov 24 2022, 14:31:59) 
[GCC 11.2.0]",2.5.1+cu124,1.0.6,cuda,/home/tianyudu/Development/torch-choice/paper_performance_benchmarks/torch_choice_benchmark_data_totally_synthetic,./benchmark_results_aurora_20250428,all,5,50000,0.03,-1,x86_64,16,NVIDIA GeForce RTX 3090,2025-04-28,num_records_experiment_large
3000,11.457840919494629,(user_latents|item) + (item_latents|constant),1,6429.8837890625,3000,3747,"ChoiceDataset(num_items=500, num_users=500, num_sessions=3000000, label=[], item_index=[3000], user_index=[3000], session_index=[3000], item_availability=[], user_latents=[500, 30], item_latents=[500, 30], device=cuda:0)","3.9.15 (main, Nov 24 2022, 14:31:59) 
[GCC 11.2.0]",2.5.1+cu124,1.0.6,cuda,/home/tianyudu/Development/torch-choice/paper_performance_benchmarks/torch_choice_benchmark_data_totally_synthetic,./benchmark_results_aurora_20250428,all,5,50000,0.03,-1,x86_64,16,NVIDIA GeForce RTX 3090,2025-04-28,num_records_experiment_large
5000,15.702117919921875,(user_latents|item) + (item_latents|constant),1,14502.6748046875,5000,3329,"ChoiceDataset(num_items=500, num_users=500, num_sessions=3000000, label=[], item_index=[5000], user_index=[5000], session_index=[5000], item_availability=[], user_latents=[500, 30], item_latents=[500, 30], device=cuda:0)","3.9.15 (main, Nov 24 2022, 14:31:59) 
[GCC 11.2.0]",2.5.1+cu124,1.0.6,cuda,/home/tianyudu/Development/torch-choice/paper_performance_benchmarks/torch_choice_benchmark_data_totally_synthetic,./benchmark_results_aurora_20250428,all,5,50000,0.03,-1,x86_64,16,NVIDIA GeForce RTX 3090,2025-04-28,num_records_experiment_large
7000,18.55177903175354,(user_latents|item) + (item_latents|constant),1,23400.96875,7000,2792,"ChoiceDataset(num_items=500, num_users=500, num_sessions=3000000, label=[], item_index=[7000], user_index=[7000], session_index=[7000], item_availability=[], user_latents=[500, 30], item_latents=[500, 30], device=cuda:0)","3.9.15 (main, Nov 24 2022, 14:31:59) 
[GCC 11.2.0]",2.5.1+cu124,1.0.6,cuda,/home/tianyudu/Development/torch-choice/paper_performance_benchmarks/torch_choice_benchmark_data_totally_synthetic,./benchmark_results_aurora_20250428,all,5,50000,0.03,-1,x86_64,16,NVIDIA GeForce RTX 3090,2025-04-28,num_records_experiment_large
10000,24.604918956756592,(user_latents|item) + (item_latents|constant),1,37600.28515625,10000,2762,"ChoiceDataset(num_items=500, num_users=500, num_sessions=3000000, label=[], item_index=[10000], user_index=[10000], session_index=[10000], item_availability=[], user_latents=[500, 30], item_latents=[500, 30], device=cuda:0)","3.9.15 (main, Nov 24 2022, 14:31:59) 
[GCC 11.2.0]",2.5.1+cu124,1.0.6,cuda,/home/tianyudu/Development/torch-choice/paper_performance_benchmarks/torch_choice_benchmark_data_totally_synthetic,./benchmark_results_aurora_20250428,all,5,50000,0.03,-1,x86_64,16,NVIDIA GeForce RTX 3090,2025-04-28,num_records_experiment_large
30000,78.49013900756836,(user_latents|item) + (item_latents|constant),1,130213.59375,30000,2921,"ChoiceDataset(num_items=500, num_users=500, num_sessions=3000000, label=[], item_index=[30000], user_index=[30000], session_index=[30000], item_availability=[], user_latents=[500, 30], item_latents=[500, 30], device=cuda:0)","3.9.15 (main, Nov 24 2022, 14:31:59) 
[GCC 11.2.0]",2.5.1+cu124,1.0.6,cuda,/home/tianyudu/Development/torch-choice/paper_performance_benchmarks/torch_choice_benchmark_data_totally_synthetic,./benchmark_results_aurora_20250428,all,5,50000,0.03,-1,x86_64,16,NVIDIA GeForce RTX 3090,2025-04-28,num_records_experiment_large
50000,132.7350606918335,(user_latents|item) + (item_latents|constant),1,222197.015625,50000,2820,"ChoiceDataset(num_items=500, num_users=500, num_sessions=3000000, label=[], item_index=[50000], user_index=[50000], session_index=[50000], item_availability=[], user_latents=[500, 30], item_latents=[500, 30], device=cuda:0)","3.9.15 (main, Nov 24 2022, 14:31:59) 
[GCC 11.2.0]",2.5.1+cu124,1.0.6,cuda,/home/tianyudu/Development/torch-choice/paper_performance_benchmarks/torch_choice_benchmark_data_totally_synthetic,./benchmark_results_aurora_20250428,all,5,50000,0.03,-1,x86_64,16,NVIDIA GeForce RTX 3090,2025-04-28,num_records_experiment_large
70000,203.3741433620453,(user_latents|item) + (item_latents|constant),1,313829.75,70000,3035,"ChoiceDataset(num_items=500, num_users=500, num_sessions=3000000, label=[], item_index=[70000], user_index=[70000], session_index=[70000], item_availability=[], user_latents=[500, 30], item_latents=[500, 30], device=cuda:0)","3.9.15 (main, Nov 24 2022, 14:31:59) 
[GCC 11.2.0]",2.5.1+cu124,1.0.6,cuda,/home/tianyudu/Development/torch-choice/paper_performance_benchmarks/torch_choice_benchmark_data_totally_synthetic,./benchmark_results_aurora_20250428,all,5,50000,0.03,-1,x86_64,16,NVIDIA GeForce RTX 3090,2025-04-28,num_records_experiment_large
100000,262.7704117298126,(user_latents|item) + (item_latents|constant),1,452648.375,100000,2796,"ChoiceDataset(num_items=500, num_users=500, num_sessions=3000000, label=[], item_index=[100000], user_index=[100000], session_index=[100000], item_availability=[], user_latents=[500, 30], item_latents=[500, 30], device=cuda:0)","3.9.15 (main, Nov 24 2022, 14:31:59) 
[GCC 11.2.0]",2.5.1+cu124,1.0.6,cuda,/home/tianyudu/Development/torch-choice/paper_performance_benchmarks/torch_choice_benchmark_data_totally_synthetic,./benchmark_results_aurora_20250428,all,5,50000,0.03,-1,x86_64,16,NVIDIA GeForce RTX 3090,2025-04-28,num_records_experiment_large
3000,12.246632099151611,(user_latents|item),1,6373.58984375,3000,5203,"ChoiceDataset(num_items=500, num_users=500, num_sessions=3000000, label=[], item_index=[3000], user_index=[3000], session_index=[3000], item_availability=[], user_latents=[500, 30], item_latents=[500, 30], device=cuda:0)","3.9.15 (main, Nov 24 2022, 14:31:59) 
[GCC 11.2.0]",2.5.1+cu124,1.0.6,cuda,/home/tianyudu/Development/torch-choice/paper_performance_benchmarks/torch_choice_benchmark_data_totally_synthetic,./benchmark_results_aurora_20250428,all,5,50000,0.03,-1,x86_64,16,NVIDIA GeForce RTX 3090,2025-04-28,num_records_experiment_large
5000,14.085606336593628,(user_latents|item),1,14429.677734375,5000,4259,"ChoiceDataset(num_items=500, num_users=500, num_sessions=3000000, label=[], item_index=[5000], user_index=[5000], session_index=[5000], item_availability=[], user_latents=[500, 30], item_latents=[500, 30], device=cuda:0)","3.9.15 (main, Nov 24 2022, 14:31:59) 
[GCC 11.2.0]",2.5.1+cu124,1.0.6,cuda,/home/tianyudu/Development/torch-choice/paper_performance_benchmarks/torch_choice_benchmark_data_totally_synthetic,./benchmark_results_aurora_20250428,all,5,50000,0.03,-1,x86_64,16,NVIDIA GeForce RTX 3090,2025-04-28,num_records_experiment_large
7000,17.679206132888794,(user_latents|item),1,23300.93359375,7000,4111,"ChoiceDataset(num_items=500, num_users=500, num_sessions=3000000, label=[], item_index=[7000], user_index=[7000], session_index=[7000], item_availability=[], user_latents=[500, 30], item_latents=[500, 30], device=cuda:0)","3.9.15 (main, Nov 24 2022, 14:31:59) 
[GCC 11.2.0]",2.5.1+cu124,1.0.6,cuda,/home/tianyudu/Development/torch-choice/paper_performance_benchmarks/torch_choice_benchmark_data_totally_synthetic,./benchmark_results_aurora_20250428,all,5,50000,0.03,-1,x86_64,16,NVIDIA GeForce RTX 3090,2025-04-28,num_records_experiment_large
10000,21.407777786254883,(user_latents|item),1,37580.0703125,10000,3744,"ChoiceDataset(num_items=500, num_users=500, num_sessions=3000000, label=[], item_index=[10000], user_index=[10000], session_index=[10000], item_availability=[], user_latents=[500, 30], item_latents=[500, 30], device=cuda:0)","3.9.15 (main, Nov 24 2022, 14:31:59) 
[GCC 11.2.0]",2.5.1+cu124,1.0.6,cuda,/home/tianyudu/Development/torch-choice/paper_performance_benchmarks/torch_choice_benchmark_data_totally_synthetic,./benchmark_results_aurora_20250428,all,5,50000,0.03,-1,x86_64,16,NVIDIA GeForce RTX 3090,2025-04-28,num_records_experiment_large
30000,49.522382974624634,(user_latents|item),1,130207.1796875,30000,3207,"ChoiceDataset(num_items=500, num_users=500, num_sessions=3000000, label=[], item_index=[30000], user_index=[30000], session_index=[30000], item_availability=[], user_latents=[500, 30], item_latents=[500, 30], device=cuda:0)","3.9.15 (main, Nov 24 2022, 14:31:59) 
[GCC 11.2.0]",2.5.1+cu124,1.0.6,cuda,/home/tianyudu/Development/torch-choice/paper_performance_benchmarks/torch_choice_benchmark_data_totally_synthetic,./benchmark_results_aurora_20250428,all,5,50000,0.03,-1,x86_64,16,NVIDIA GeForce RTX 3090,2025-04-28,num_records_experiment_large
50000,95.29930019378662,(user_latents|item),1,222141.53125,50000,3021,"ChoiceDataset(num_items=500, num_users=500, num_sessions=3000000, label=[], item_index=[50000], user_index=[50000], session_index=[50000], item_availability=[], user_latents=[500, 30], item_latents=[500, 30], device=cuda:0)","3.9.15 (main, Nov 24 2022, 14:31:59) 
[GCC 11.2.0]",2.5.1+cu124,1.0.6,cuda,/home/tianyudu/Development/torch-choice/paper_performance_benchmarks/torch_choice_benchmark_data_totally_synthetic,./benchmark_results_aurora_20250428,all,5,50000,0.03,-1,x86_64,16,NVIDIA GeForce RTX 3090,2025-04-28,num_records_experiment_large
70000,121.02150392532349,(user_latents|item),1,313873.84375,70000,2876,"ChoiceDataset(num_items=500, num_users=500, num_sessions=3000000, label=[], item_index=[70000], user_index=[70000], session_index=[70000], item_availability=[], user_latents=[500, 30], item_latents=[500, 30], device=cuda:0)","3.9.15 (main, Nov 24 2022, 14:31:59) 
[GCC 11.2.0]",2.5.1+cu124,1.0.6,cuda,/home/tianyudu/Development/torch-choice/paper_performance_benchmarks/torch_choice_benchmark_data_totally_synthetic,./benchmark_results_aurora_20250428,all,5,50000,0.03,-1,x86_64,16,NVIDIA GeForce RTX 3090,2025-04-28,num_records_experiment_large
100000,180.32910132408142,(user_latents|item),1,452504.9375,100000,3122,"ChoiceDataset(num_items=500, num_users=500, num_sessions=3000000, label=[], item_index=[100000], user_index=[100000], session_index=[100000], item_availability=[], user_latents=[500, 30], item_latents=[500, 30], device=cuda:0)","3.9.15 (main, Nov 24 2022, 14:31:59) 
[GCC 11.2.0]",2.5.1+cu124,1.0.6,cuda,/home/tianyudu/Development/torch-choice/paper_performance_benchmarks/torch_choice_benchmark_data_totally_synthetic,./benchmark_results_aurora_20250428,all,5,50000,0.03,-1,x86_64,16,NVIDIA GeForce RTX 3090,2025-04-28,num_records_experiment_large
3000,2.271807909011841,(item_latents|constant),1,17905.99609375,3000,1053,"ChoiceDataset(num_items=500, num_users=500, num_sessions=3000000, label=[], item_index=[3000], user_index=[3000], session_index=[3000], item_availability=[], user_latents=[500, 30], item_latents=[500, 30], device=cuda:0)","3.9.15 (main, Nov 24 2022, 14:31:59) 
[GCC 11.2.0]",2.5.1+cu124,1.0.6,cuda,/home/tianyudu/Development/torch-choice/paper_performance_benchmarks/torch_choice_benchmark_data_totally_synthetic,./benchmark_results_aurora_20250428,all,5,50000,0.03,-1,x86_64,16,NVIDIA GeForce RTX 3090,2025-04-28,num_records_experiment_large
5000,3.365241527557373,(item_latents|constant),1,29811.45703125,5000,1118,"ChoiceDataset(num_items=500, num_users=500, num_sessions=3000000, label=[], item_index=[5000], user_index=[5000], session_index=[5000], item_availability=[], user_latents=[500, 30], item_latents=[500, 30], device=cuda:0)","3.9.15 (main, Nov 24 2022, 14:31:59) 
[GCC 11.2.0]",2.5.1+cu124,1.0.6,cuda,/home/tianyudu/Development/torch-choice/paper_performance_benchmarks/torch_choice_benchmark_data_totally_synthetic,./benchmark_results_aurora_20250428,all,5,50000,0.03,-1,x86_64,16,NVIDIA GeForce RTX 3090,2025-04-28,num_records_experiment_large
7000,4.188592195510864,(item_latents|constant),1,41665.8984375,7000,1055,"ChoiceDataset(num_items=500, num_users=500, num_sessions=3000000, label=[], item_index=[7000], user_index=[7000], session_index=[7000], item_availability=[], user_latents=[500, 30], item_latents=[500, 30], device=cuda:0)","3.9.15 (main, Nov 24 2022, 14:31:59) 
[GCC 11.2.0]",2.5.1+cu124,1.0.6,cuda,/home/tianyudu/Development/torch-choice/paper_performance_benchmarks/torch_choice_benchmark_data_totally_synthetic,./benchmark_results_aurora_20250428,all,5,50000,0.03,-1,x86_64,16,NVIDIA GeForce RTX 3090,2025-04-28,num_records_experiment_large
10000,5.742253303527832,(item_latents|constant),1,59440.27734375,10000,1081,"ChoiceDataset(num_items=500, num_users=500, num_sessions=3000000, label=[], item_index=[10000], user_index=[10000], session_index=[10000], item_availability=[], user_latents=[500, 30], item_latents=[500, 30], device=cuda:0)","3.9.15 (main, Nov 24 2022, 14:31:59) 
[GCC 11.2.0]",2.5.1+cu124,1.0.6,cuda,/home/tianyudu/Development/torch-choice/paper_performance_benchmarks/torch_choice_benchmark_data_totally_synthetic,./benchmark_results_aurora_20250428,all,5,50000,0.03,-1,x86_64,16,NVIDIA GeForce RTX 3090,2025-04-28,num_records_experiment_large
30000,14.782090187072754,(item_latents|constant),1,178137.53125,30000,1056,"ChoiceDataset(num_items=500, num_users=500, num_sessions=3000000, label=[], item_index=[30000], user_index=[30000], session_index=[30000], item_availability=[], user_latents=[500, 30], item_latents=[500, 30], device=cuda:0)","3.9.15 (main, Nov 24 2022, 14:31:59) 
[GCC 11.2.0]",2.5.1+cu124,1.0.6,cuda,/home/tianyudu/Development/torch-choice/paper_performance_benchmarks/torch_choice_benchmark_data_totally_synthetic,./benchmark_results_aurora_20250428,all,5,50000,0.03,-1,x86_64,16,NVIDIA GeForce RTX 3090,2025-04-28,num_records_experiment_large
50000,30.58538794517517,(item_latents|constant),1,296738.5625,50000,1073,"ChoiceDataset(num_items=500, num_users=500, num_sessions=3000000, label=[], item_index=[50000], user_index=[50000], session_index=[50000], item_availability=[], user_latents=[500, 30], item_latents=[500, 30], device=cuda:0)","3.9.15 (main, Nov 24 2022, 14:31:59) 
[GCC 11.2.0]",2.5.1+cu124,1.0.6,cuda,/home/tianyudu/Development/torch-choice/paper_performance_benchmarks/torch_choice_benchmark_data_totally_synthetic,./benchmark_results_aurora_20250428,all,5,50000,0.03,-1,x86_64,16,NVIDIA GeForce RTX 3090,2025-04-28,num_records_experiment_large
70000,44.09451985359192,(item_latents|constant),1,415435.8125,70000,1103,"ChoiceDataset(num_items=500, num_users=500, num_sessions=3000000, label=[], item_index=[70000], user_index=[70000], session_index=[70000], item_availability=[], user_latents=[500, 30], item_latents=[500, 30], device=cuda:0)","3.9.15 (main, Nov 24 2022, 14:31:59) 
[GCC 11.2.0]",2.5.1+cu124,1.0.6,cuda,/home/tianyudu/Development/torch-choice/paper_performance_benchmarks/torch_choice_benchmark_data_totally_synthetic,./benchmark_results_aurora_20250428,all,5,50000,0.03,-1,x86_64,16,NVIDIA GeForce RTX 3090,2025-04-28,num_records_experiment_large
100000,61.16934156417847,(item_latents|constant),1,593783.125,100000,1114,"ChoiceDataset(num_items=500, num_users=500, num_sessions=3000000, label=[], item_index=[100000], user_index=[100000], session_index=[100000], item_availability=[], user_latents=[500, 30], item_latents=[500, 30], device=cuda:0)","3.9.15 (main, Nov 24 2022, 14:31:59) 
[GCC 11.2.0]",2.5.1+cu124,1.0.6,cuda,/home/tianyudu/Development/torch-choice/paper_performance_benchmarks/torch_choice_benchmark_data_totally_synthetic,./benchmark_results_aurora_20250428,all,5,50000,0.03,-1,x86_64,16,NVIDIA GeForce RTX 3090,2025-04-28,num_records_experiment_large
3000,11.168842077255249,(user_latents|item) + (item_latents|constant),2,6430.759765625,3000,3693,"ChoiceDataset(num_items=500, num_users=500, num_sessions=3000000, label=[], item_index=[3000], user_index=[3000], session_index=[3000], item_availability=[], user_latents=[500, 30], item_latents=[500, 30], device=cuda:0)","3.9.15 (main, Nov 24 2022, 14:31:59) 
[GCC 11.2.0]",2.5.1+cu124,1.0.6,cuda,/home/tianyudu/Development/torch-choice/paper_performance_benchmarks/torch_choice_benchmark_data_totally_synthetic,./benchmark_results_aurora_20250428,all,5,50000,0.03,-1,x86_64,16,NVIDIA GeForce RTX 3090,2025-04-28,num_records_experiment_large
5000,22.123854637145996,(user_latents|item) + (item_latents|constant),2,14399.296875,5000,4679,"ChoiceDataset(num_items=500, num_users=500, num_sessions=3000000, label=[], item_index=[5000], user_index=[5000], session_index=[5000], item_availability=[], user_latents=[500, 30], item_latents=[500, 30], device=cuda:0)","3.9.15 (main, Nov 24 2022, 14:31:59) 
[GCC 11.2.0]",2.5.1+cu124,1.0.6,cuda,/home/tianyudu/Development/torch-choice/paper_performance_benchmarks/torch_choice_benchmark_data_totally_synthetic,./benchmark_results_aurora_20250428,all,5,50000,0.03,-1,x86_64,16,NVIDIA GeForce RTX 3090,2025-04-28,num_records_experiment_large
7000,18.8065402507782,(user_latents|item) + (item_latents|constant),2,23402.14453125,7000,2953,"ChoiceDataset(num_items=500, num_users=500, num_sessions=3000000, label=[], item_index=[7000], user_index=[7000], session_index=[7000], item_availability=[], user_latents=[500, 30], item_latents=[500, 30], device=cuda:0)","3.9.15 (main, Nov 24 2022, 14:31:59) 
[GCC 11.2.0]",2.5.1+cu124,1.0.6,cuda,/home/tianyudu/Development/torch-choice/paper_performance_benchmarks/torch_choice_benchmark_data_totally_synthetic,./benchmark_results_aurora_20250428,all,5,50000,0.03,-1,x86_64,16,NVIDIA GeForce RTX 3090,2025-04-28,num_records_experiment_large
10000,31.241885900497437,(user_latents|item) + (item_latents|constant),2,37587.7109375,10000,3510,"ChoiceDataset(num_items=500, num_users=500, num_sessions=3000000, label=[], item_index=[10000], user_index=[10000], session_index=[10000], item_availability=[], user_latents=[500, 30], item_latents=[500, 30], device=cuda:0)","3.9.15 (main, Nov 24 2022, 14:31:59) 
[GCC 11.2.0]",2.5.1+cu124,1.0.6,cuda,/home/tianyudu/Development/torch-choice/paper_performance_benchmarks/torch_choice_benchmark_data_totally_synthetic,./benchmark_results_aurora_20250428,all,5,50000,0.03,-1,x86_64,16,NVIDIA GeForce RTX 3090,2025-04-28,num_records_experiment_large
30000,62.11339473724365,(user_latents|item) + (item_latents|constant),2,130356.078125,30000,2314,"ChoiceDataset(num_items=500, num_users=500, num_sessions=3000000, label=[], item_index=[30000], user_index=[30000], session_index=[30000], item_availability=[], user_latents=[500, 30], item_latents=[500, 30], device=cuda:0)","3.9.15 (main, Nov 24 2022, 14:31:59) 
[GCC 11.2.0]",2.5.1+cu124,1.0.6,cuda,/home/tianyudu/Development/torch-choice/paper_performance_benchmarks/torch_choice_benchmark_data_totally_synthetic,./benchmark_results_aurora_20250428,all,5,50000,0.03,-1,x86_64,16,NVIDIA GeForce RTX 3090,2025-04-28,num_records_experiment_large
50000,104.207435131073,(user_latents|item) + (item_latents|constant),2,222417.65625,50000,2213,"ChoiceDataset(num_items=500, num_users=500, num_sessions=3000000, label=[], item_index=[50000], user_index=[50000], session_index=[50000], item_availability=[], user_latents=[500, 30], item_latents=[500, 30], device=cuda:0)","3.9.15 (main, Nov 24 2022, 14:31:59) 
[GCC 11.2.0]",2.5.1+cu124,1.0.6,cuda,/home/tianyudu/Development/torch-choice/paper_performance_benchmarks/torch_choice_benchmark_data_totally_synthetic,./benchmark_results_aurora_20250428,all,5,50000,0.03,-1,x86_64,16,NVIDIA GeForce RTX 3090,2025-04-28,num_records_experiment_large
70000,218.42255640029907,(user_latents|item) + (item_latents|constant),2,313837.4375,70000,3256,"ChoiceDataset(num_items=500, num_users=500, num_sessions=3000000, label=[], item_index=[70000], user_index=[70000], session_index=[70000], item_availability=[], user_latents=[500, 30], item_latents=[500, 30], device=cuda:0)","3.9.15 (main, Nov 24 2022, 14:31:59) 
[GCC 11.2.0]",2.5.1+cu124,1.0.6,cuda,/home/tianyudu/Development/torch-choice/paper_performance_benchmarks/torch_choice_benchmark_data_totally_synthetic,./benchmark_results_aurora_20250428,all,5,50000,0.03,-1,x86_64,16,NVIDIA GeForce RTX 3090,2025-04-28,num_records_experiment_large
100000,262.98145294189453,(user_latents|item) + (item_latents|constant),2,452681.84375,100000,2793,"ChoiceDataset(num_items=500, num_users=500, num_sessions=3000000, label=[], item_index=[100000], user_index=[100000], session_index=[100000], item_availability=[], user_latents=[500, 30], item_latents=[500, 30], device=cuda:0)","3.9.15 (main, Nov 24 2022, 14:31:59) 
[GCC 11.2.0]",2.5.1+cu124,1.0.6,cuda,/home/tianyudu/Development/torch-choice/paper_performance_benchmarks/torch_choice_benchmark_data_totally_synthetic,./benchmark_results_aurora_20250428,all,5,50000,0.03,-1,x86_64,16,NVIDIA GeForce RTX 3090,2025-04-28,num_records_experiment_large
3000,10.928278923034668,(user_latents|item),2,6385.07470703125,3000,4802,"ChoiceDataset(num_items=500, num_users=500, num_sessions=3000000, label=[], item_index=[3000], user_index=[3000], session_index=[3000], item_availability=[], user_latents=[500, 30], item_latents=[500, 30], device=cuda:0)","3.9.15 (main, Nov 24 2022, 14:31:59) 
[GCC 11.2.0]",2.5.1+cu124,1.0.6,cuda,/home/tianyudu/Development/torch-choice/paper_performance_benchmarks/torch_choice_benchmark_data_totally_synthetic,./benchmark_results_aurora_20250428,all,5,50000,0.03,-1,x86_64,16,NVIDIA GeForce RTX 3090,2025-04-28,num_records_experiment_large
5000,15.617073774337769,(user_latents|item),2,14393.9287109375,5000,4706,"ChoiceDataset(num_items=500, num_users=500, num_sessions=3000000, label=[], item_index=[5000], user_index=[5000], session_index=[5000], item_availability=[], user_latents=[500, 30], item_latents=[500, 30], device=cuda:0)","3.9.15 (main, Nov 24 2022, 14:31:59) 
[GCC 11.2.0]",2.5.1+cu124,1.0.6,cuda,/home/tianyudu/Development/torch-choice/paper_performance_benchmarks/torch_choice_benchmark_data_totally_synthetic,./benchmark_results_aurora_20250428,all,5,50000,0.03,-1,x86_64,16,NVIDIA GeForce RTX 3090,2025-04-28,num_records_experiment_large
7000,19.857972383499146,(user_latents|item),2,23279.73046875,7000,4651,"ChoiceDataset(num_items=500, num_users=500, num_sessions=3000000, label=[], item_index=[7000], user_index=[7000], session_index=[7000], item_availability=[], user_latents=[500, 30], item_latents=[500, 30], device=cuda:0)","3.9.15 (main, Nov 24 2022, 14:31:59) 
[GCC 11.2.0]",2.5.1+cu124,1.0.6,cuda,/home/tianyudu/Development/torch-choice/paper_performance_benchmarks/torch_choice_benchmark_data_totally_synthetic,./benchmark_results_aurora_20250428,all,5,50000,0.03,-1,x86_64,16,NVIDIA GeForce RTX 3090,2025-04-28,num_records_experiment_large
10000,22.5847008228302,(user_latents|item),2,37588.828125,10000,3934,"ChoiceDataset(num_items=500, num_users=500, num_sessions=3000000, label=[], item_index=[10000], user_index=[10000], session_index=[10000], item_availability=[], user_latents=[500, 30], item_latents=[500, 30], device=cuda:0)","3.9.15 (main, Nov 24 2022, 14:31:59) 
[GCC 11.2.0]",2.5.1+cu124,1.0.6,cuda,/home/tianyudu/Development/torch-choice/paper_performance_benchmarks/torch_choice_benchmark_data_totally_synthetic,./benchmark_results_aurora_20250428,all,5,50000,0.03,-1,x86_64,16,NVIDIA GeForce RTX 3090,2025-04-28,num_records_experiment_large
30000,53.764312744140625,(user_latents|item),2,130216.296875,30000,3465,"ChoiceDataset(num_items=500, num_users=500, num_sessions=3000000, label=[], item_index=[30000], user_index=[30000], session_index=[30000], item_availability=[], user_latents=[500, 30], item_latents=[500, 30], device=cuda:0)","3.9.15 (main, Nov 24 2022, 14:31:59) 
[GCC 11.2.0]",2.5.1+cu124,1.0.6,cuda,/home/tianyudu/Development/torch-choice/paper_performance_benchmarks/torch_choice_benchmark_data_totally_synthetic,./benchmark_results_aurora_20250428,all,5,50000,0.03,-1,x86_64,16,NVIDIA GeForce RTX 3090,2025-04-28,num_records_experiment_large
50000,114.75746297836304,(user_latents|item),2,222123.09375,50000,3660,"ChoiceDataset(num_items=500, num_users=500, num_sessions=3000000, label=[], item_index=[50000], user_index=[50000], session_index=[50000], item_availability=[], user_latents=[500, 30], item_latents=[500, 30], device=cuda:0)","3.9.15 (main, Nov 24 2022, 14:31:59) 
[GCC 11.2.0]",2.5.1+cu124,1.0.6,cuda,/home/tianyudu/Development/torch-choice/paper_performance_benchmarks/torch_choice_benchmark_data_totally_synthetic,./benchmark_results_aurora_20250428,all,5,50000,0.03,-1,x86_64,16,NVIDIA GeForce RTX 3090,2025-04-28,num_records_experiment_large
70000,149.61955070495605,(user_latents|item),2,313841.6875,70000,3560,"ChoiceDataset(num_items=500, num_users=500, num_sessions=3000000, label=[], item_index=[70000], user_index=[70000], session_index=[70000], item_availability=[], user_latents=[500, 30], item_latents=[500, 30], device=cuda:0)","3.9.15 (main, Nov 24 2022, 14:31:59) 
[GCC 11.2.0]",2.5.1+cu124,1.0.6,cuda,/home/tianyudu/Development/torch-choice/paper_performance_benchmarks/torch_choice_benchmark_data_totally_synthetic,./benchmark_results_aurora_20250428,all,5,50000,0.03,-1,x86_64,16,NVIDIA GeForce RTX 3090,2025-04-28,num_records_experiment_large
100000,193.78466248512268,(user_latents|item),2,452523.5625,100000,3355,"ChoiceDataset(num_items=500, num_users=500, num_sessions=3000000, label=[], item_index=[100000], user_index=[100000], session_index=[100000], item_availability=[], user_latents=[500, 30], item_latents=[500, 30], device=cuda:0)","3.9.15 (main, Nov 24 2022, 14:31:59) 
[GCC 11.2.0]",2.5.1+cu124,1.0.6,cuda,/home/tianyudu/Development/torch-choice/paper_performance_benchmarks/torch_choice_benchmark_data_totally_synthetic,./benchmark_results_aurora_20250428,all,5,50000,0.03,-1,x86_64,16,NVIDIA GeForce RTX 3090,2025-04-28,num_records_experiment_large
3000,2.5177884101867676,(item_latents|constant),2,17905.99609375,3000,1132,"ChoiceDataset(num_items=500, num_users=500, num_sessions=3000000, label=[], item_index=[3000], user_index=[3000], session_index=[3000], item_availability=[], user_latents=[500, 30], item_latents=[500, 30], device=cuda:0)","3.9.15 (main, Nov 24 2022, 14:31:59) 
[GCC 11.2.0]",2.5.1+cu124,1.0.6,cuda,/home/tianyudu/Development/torch-choice/paper_performance_benchmarks/torch_choice_benchmark_data_totally_synthetic,./benchmark_results_aurora_20250428,all,5,50000,0.03,-1,x86_64,16,NVIDIA GeForce RTX 3090,2025-04-28,num_records_experiment_large
5000,3.57076358795166,(item_latents|constant),2,29811.45703125,5000,1188,"ChoiceDataset(num_items=500, num_users=500, num_sessions=3000000, label=[], item_index=[5000], user_index=[5000], session_index=[5000], item_availability=[], user_latents=[500, 30], item_latents=[500, 30], device=cuda:0)","3.9.15 (main, Nov 24 2022, 14:31:59) 
[GCC 11.2.0]",2.5.1+cu124,1.0.6,cuda,/home/tianyudu/Development/torch-choice/paper_performance_benchmarks/torch_choice_benchmark_data_totally_synthetic,./benchmark_results_aurora_20250428,all,5,50000,0.03,-1,x86_64,16,NVIDIA GeForce RTX 3090,2025-04-28,num_records_experiment_large
7000,4.636300802230835,(item_latents|constant),2,41665.8984375,7000,1123,"ChoiceDataset(num_items=500, num_users=500, num_sessions=3000000, label=[], item_index=[7000], user_index=[7000], session_index=[7000], item_availability=[], user_latents=[500, 30], item_latents=[500, 30], device=cuda:0)","3.9.15 (main, Nov 24 2022, 14:31:59) 
[GCC 11.2.0]",2.5.1+cu124,1.0.6,cuda,/home/tianyudu/Development/torch-choice/paper_performance_benchmarks/torch_choice_benchmark_data_totally_synthetic,./benchmark_results_aurora_20250428,all,5,50000,0.03,-1,x86_64,16,NVIDIA GeForce RTX 3090,2025-04-28,num_records_experiment_large
10000,6.3053059577941895,(item_latents|constant),2,59440.27734375,10000,1164,"ChoiceDataset(num_items=500, num_users=500, num_sessions=3000000, label=[], item_index=[10000], user_index=[10000], session_index=[10000], item_availability=[], user_latents=[500, 30], item_latents=[500, 30], device=cuda:0)","3.9.15 (main, Nov 24 2022, 14:31:59) 
[GCC 11.2.0]",2.5.1+cu124,1.0.6,cuda,/home/tianyudu/Development/torch-choice/paper_performance_benchmarks/torch_choice_benchmark_data_totally_synthetic,./benchmark_results_aurora_20250428,all,5,50000,0.03,-1,x86_64,16,NVIDIA GeForce RTX 3090,2025-04-28,num_records_experiment_large
30000,15.507397413253784,(item_latents|constant),2,178137.53125,30000,1104,"ChoiceDataset(num_items=500, num_users=500, num_sessions=3000000, label=[], item_index=[30000], user_index=[30000], session_index=[30000], item_availability=[], user_latents=[500, 30], item_latents=[500, 30], device=cuda:0)","3.9.15 (main, Nov 24 2022, 14:31:59) 
[GCC 11.2.0]",2.5.1+cu124,1.0.6,cuda,/home/tianyudu/Development/torch-choice/paper_performance_benchmarks/torch_choice_benchmark_data_totally_synthetic,./benchmark_results_aurora_20250428,all,5,50000,0.03,-1,x86_64,16,NVIDIA GeForce RTX 3090,2025-04-28,num_records_experiment_large
50000,32.24007272720337,(item_latents|constant),2,296738.5625,50000,1109,"ChoiceDataset(num_items=500, num_users=500, num_sessions=3000000, label=[], item_index=[50000], user_index=[50000], session_index=[50000], item_availability=[], user_latents=[500, 30], item_latents=[500, 30], device=cuda:0)","3.9.15 (main, Nov 24 2022, 14:31:59) 
[GCC 11.2.0]",2.5.1+cu124,1.0.6,cuda,/home/tianyudu/Development/torch-choice/paper_performance_benchmarks/torch_choice_benchmark_data_totally_synthetic,./benchmark_results_aurora_20250428,all,5,50000,0.03,-1,x86_64,16,NVIDIA GeForce RTX 3090,2025-04-28,num_records_experiment_large
70000,46.163856983184814,(item_latents|constant),2,415435.8125,70000,1154,"ChoiceDataset(num_items=500, num_users=500, num_sessions=3000000, label=[], item_index=[70000], user_index=[70000], session_index=[70000], item_availability=[], user_latents=[500, 30], item_latents=[500, 30], device=cuda:0)","3.9.15 (main, Nov 24 2022, 14:31:59) 
[GCC 11.2.0]",2.5.1+cu124,1.0.6,cuda,/home/tianyudu/Development/torch-choice/paper_performance_benchmarks/torch_choice_benchmark_data_totally_synthetic,./benchmark_results_aurora_20250428,all,5,50000,0.03,-1,x86_64,16,NVIDIA GeForce RTX 3090,2025-04-28,num_records_experiment_large
100000,63.03775930404663,(item_latents|constant),2,593783.125,100000,1153,"ChoiceDataset(num_items=500, num_users=500, num_sessions=3000000, label=[], item_index=[100000], user_index=[100000], session_index=[100000], item_availability=[], user_latents=[500, 30], item_latents=[500, 30], device=cuda:0)","3.9.15 (main, Nov 24 2022, 14:31:59) 
[GCC 11.2.0]",2.5.1+cu124,1.0.6,cuda,/home/tianyudu/Development/torch-choice/paper_performance_benchmarks/torch_choice_benchmark_data_totally_synthetic,./benchmark_results_aurora_20250428,all,5,50000,0.03,-1,x86_64,16,NVIDIA GeForce RTX 3090,2025-04-28,num_records_experiment_large
3000,11.745508193969727,(user_latents|item) + (item_latents|constant),3,6424.3447265625,3000,3848,"ChoiceDataset(num_items=500, num_users=500, num_sessions=3000000, label=[], item_index=[3000], user_index=[3000], session_index=[3000], item_availability=[], user_latents=[500, 30], item_latents=[500, 30], device=cuda:0)","3.9.15 (main, Nov 24 2022, 14:31:59) 
[GCC 11.2.0]",2.5.1+cu124,1.0.6,cuda,/home/tianyudu/Development/torch-choice/paper_performance_benchmarks/torch_choice_benchmark_data_totally_synthetic,./benchmark_results_aurora_20250428,all,5,50000,0.03,-1,x86_64,16,NVIDIA GeForce RTX 3090,2025-04-28,num_records_experiment_large
5000,23.2324321269989,(user_latents|item) + (item_latents|constant),3,14393.3544921875,5000,4914,"ChoiceDataset(num_items=500, num_users=500, num_sessions=3000000, label=[], item_index=[5000], user_index=[5000], session_index=[5000], item_availability=[], user_latents=[500, 30], item_latents=[500, 30], device=cuda:0)","3.9.15 (main, Nov 24 2022, 14:31:59) 
[GCC 11.2.0]",2.5.1+cu124,1.0.6,cuda,/home/tianyudu/Development/torch-choice/paper_performance_benchmarks/torch_choice_benchmark_data_totally_synthetic,./benchmark_results_aurora_20250428,all,5,50000,0.03,-1,x86_64,16,NVIDIA GeForce RTX 3090,2025-04-28,num_records_experiment_large
7000,25.565762758255005,(user_latents|item) + (item_latents|constant),3,23289.94921875,7000,4002,"ChoiceDataset(num_items=500, num_users=500, num_sessions=3000000, label=[], item_index=[7000], user_index=[7000], session_index=[7000], item_availability=[], user_latents=[500, 30], item_latents=[500, 30], device=cuda:0)","3.9.15 (main, Nov 24 2022, 14:31:59) 
[GCC 11.2.0]",2.5.1+cu124,1.0.6,cuda,/home/tianyudu/Development/torch-choice/paper_performance_benchmarks/torch_choice_benchmark_data_totally_synthetic,./benchmark_results_aurora_20250428,all,5,50000,0.03,-1,x86_64,16,NVIDIA GeForce RTX 3090,2025-04-28,num_records_experiment_large
10000,23.72067379951477,(user_latents|item) + (item_latents|constant),3,37602.7734375,10000,2665,"ChoiceDataset(num_items=500, num_users=500, num_sessions=3000000, label=[], item_index=[10000], user_index=[10000], session_index=[10000], item_availability=[], user_latents=[500, 30], item_latents=[500, 30], device=cuda:0)","3.9.15 (main, Nov 24 2022, 14:31:59) 
[GCC 11.2.0]",2.5.1+cu124,1.0.6,cuda,/home/tianyudu/Development/torch-choice/paper_performance_benchmarks/torch_choice_benchmark_data_totally_synthetic,./benchmark_results_aurora_20250428,all,5,50000,0.03,-1,x86_64,16,NVIDIA GeForce RTX 3090,2025-04-28,num_records_experiment_large
30000,65.35421299934387,(user_latents|item) + (item_latents|constant),3,130273.546875,30000,2430,"ChoiceDataset(num_items=500, num_users=500, num_sessions=3000000, label=[], item_index=[30000], user_index=[30000], session_index=[30000], item_availability=[], user_latents=[500, 30], item_latents=[500, 30], device=cuda:0)","3.9.15 (main, Nov 24 2022, 14:31:59) 
[GCC 11.2.0]",2.5.1+cu124,1.0.6,cuda,/home/tianyudu/Development/torch-choice/paper_performance_benchmarks/torch_choice_benchmark_data_totally_synthetic,./benchmark_results_aurora_20250428,all,5,50000,0.03,-1,x86_64,16,NVIDIA GeForce RTX 3090,2025-04-28,num_records_experiment_large
50000,123.59908127784729,(user_latents|item) + (item_latents|constant),3,222199.6875,50000,2631,"ChoiceDataset(num_items=500, num_users=500, num_sessions=3000000, label=[], item_index=[50000], user_index=[50000], session_index=[50000], item_availability=[], user_latents=[500, 30], item_latents=[500, 30], device=cuda:0)","3.9.15 (main, Nov 24 2022, 14:31:59) 
[GCC 11.2.0]",2.5.1+cu124,1.0.6,cuda,/home/tianyudu/Development/torch-choice/paper_performance_benchmarks/torch_choice_benchmark_data_totally_synthetic,./benchmark_results_aurora_20250428,all,5,50000,0.03,-1,x86_64,16,NVIDIA GeForce RTX 3090,2025-04-28,num_records_experiment_large
70000,168.73440027236938,(user_latents|item) + (item_latents|constant),3,313967.09375,70000,2515,"ChoiceDataset(num_items=500, num_users=500, num_sessions=3000000, label=[], item_index=[70000], user_index=[70000], session_index=[70000], item_availability=[], user_latents=[500, 30], item_latents=[500, 30], device=cuda:0)","3.9.15 (main, Nov 24 2022, 14:31:59) 
[GCC 11.2.0]",2.5.1+cu124,1.0.6,cuda,/home/tianyudu/Development/torch-choice/paper_performance_benchmarks/torch_choice_benchmark_data_totally_synthetic,./benchmark_results_aurora_20250428,all,5,50000,0.03,-1,x86_64,16,NVIDIA GeForce RTX 3090,2025-04-28,num_records_experiment_large
100000,216.5008261203766,(user_latents|item) + (item_latents|constant),3,452842.9375,100000,2302,"ChoiceDataset(num_items=500, num_users=500, num_sessions=3000000, label=[], item_index=[100000], user_index=[100000], session_index=[100000], item_availability=[], user_latents=[500, 30], item_latents=[500, 30], device=cuda:0)","3.9.15 (main, Nov 24 2022, 14:31:59) 
[GCC 11.2.0]",2.5.1+cu124,1.0.6,cuda,/home/tianyudu/Development/torch-choice/paper_performance_benchmarks/torch_choice_benchmark_data_totally_synthetic,./benchmark_results_aurora_20250428,all,5,50000,0.03,-1,x86_64,16,NVIDIA GeForce RTX 3090,2025-04-28,num_records_experiment_large
3000,13.833898544311523,(user_latents|item),3,6355.6875,3000,6011,"ChoiceDataset(num_items=500, num_users=500, num_sessions=3000000, label=[], item_index=[3000], user_index=[3000], session_index=[3000], item_availability=[], user_latents=[500, 30], item_latents=[500, 30], device=cuda:0)","3.9.15 (main, Nov 24 2022, 14:31:59) 
[GCC 11.2.0]",2.5.1+cu124,1.0.6,cuda,/home/tianyudu/Development/torch-choice/paper_performance_benchmarks/torch_choice_benchmark_data_totally_synthetic,./benchmark_results_aurora_20250428,all,5,50000,0.03,-1,x86_64,16,NVIDIA GeForce RTX 3090,2025-04-28,num_records_experiment_large
5000,17.571637868881226,(user_latents|item),3,14382.23046875,5000,5381,"ChoiceDataset(num_items=500, num_users=500, num_sessions=3000000, label=[], item_index=[5000], user_index=[5000], session_index=[5000], item_availability=[], user_latents=[500, 30], item_latents=[500, 30], device=cuda:0)","3.9.15 (main, Nov 24 2022, 14:31:59) 
[GCC 11.2.0]",2.5.1+cu124,1.0.6,cuda,/home/tianyudu/Development/torch-choice/paper_performance_benchmarks/torch_choice_benchmark_data_totally_synthetic,./benchmark_results_aurora_20250428,all,5,50000,0.03,-1,x86_64,16,NVIDIA GeForce RTX 3090,2025-04-28,num_records_experiment_large
7000,18.73884081840515,(user_latents|item),3,23289.283203125,7000,4407,"ChoiceDataset(num_items=500, num_users=500, num_sessions=3000000, label=[], item_index=[7000], user_index=[7000], session_index=[7000], item_availability=[], user_latents=[500, 30], item_latents=[500, 30], device=cuda:0)","3.9.15 (main, Nov 24 2022, 14:31:59) 
[GCC 11.2.0]",2.5.1+cu124,1.0.6,cuda,/home/tianyudu/Development/torch-choice/paper_performance_benchmarks/torch_choice_benchmark_data_totally_synthetic,./benchmark_results_aurora_20250428,all,5,50000,0.03,-1,x86_64,16,NVIDIA GeForce RTX 3090,2025-04-28,num_records_experiment_large
10000,20.695005178451538,(user_latents|item),3,37583.94921875,10000,3607,"ChoiceDataset(num_items=500, num_users=500, num_sessions=3000000, label=[], item_index=[10000], user_index=[10000], session_index=[10000], item_availability=[], user_latents=[500, 30], item_latents=[500, 30], device=cuda:0)","3.9.15 (main, Nov 24 2022, 14:31:59) 
[GCC 11.2.0]",2.5.1+cu124,1.0.6,cuda,/home/tianyudu/Development/torch-choice/paper_performance_benchmarks/torch_choice_benchmark_data_totally_synthetic,./benchmark_results_aurora_20250428,all,5,50000,0.03,-1,x86_64,16,NVIDIA GeForce RTX 3090,2025-04-28,num_records_experiment_large
30000,51.604257583618164,(user_latents|item),3,130201.1328125,30000,3333,"ChoiceDataset(num_items=500, num_users=500, num_sessions=3000000, label=[], item_index=[30000], user_index=[30000], session_index=[30000], item_availability=[], user_latents=[500, 30], item_latents=[500, 30], device=cuda:0)","3.9.15 (main, Nov 24 2022, 14:31:59) 
[GCC 11.2.0]",2.5.1+cu124,1.0.6,cuda,/home/tianyudu/Development/torch-choice/paper_performance_benchmarks/torch_choice_benchmark_data_totally_synthetic,./benchmark_results_aurora_20250428,all,5,50000,0.03,-1,x86_64,16,NVIDIA GeForce RTX 3090,2025-04-28,num_records_experiment_large
50000,100.94280123710632,(user_latents|item),3,222125.25,50000,3230,"ChoiceDataset(num_items=500, num_users=500, num_sessions=3000000, label=[], item_index=[50000], user_index=[50000], session_index=[50000], item_availability=[], user_latents=[500, 30], item_latents=[500, 30], device=cuda:0)","3.9.15 (main, Nov 24 2022, 14:31:59) 
[GCC 11.2.0]",2.5.1+cu124,1.0.6,cuda,/home/tianyudu/Development/torch-choice/paper_performance_benchmarks/torch_choice_benchmark_data_totally_synthetic,./benchmark_results_aurora_20250428,all,5,50000,0.03,-1,x86_64,16,NVIDIA GeForce RTX 3090,2025-04-28,num_records_experiment_large
70000,135.44660639762878,(user_latents|item),3,313817.5625,70000,3241,"ChoiceDataset(num_items=500, num_users=500, num_sessions=3000000, label=[], item_index=[70000], user_index=[70000], session_index=[70000], item_availability=[], user_latents=[500, 30], item_latents=[500, 30], device=cuda:0)","3.9.15 (main, Nov 24 2022, 14:31:59) 
[GCC 11.2.0]",2.5.1+cu124,1.0.6,cuda,/home/tianyudu/Development/torch-choice/paper_performance_benchmarks/torch_choice_benchmark_data_totally_synthetic,./benchmark_results_aurora_20250428,all,5,50000,0.03,-1,x86_64,16,NVIDIA GeForce RTX 3090,2025-04-28,num_records_experiment_large
100000,178.89153242111206,(user_latents|item),3,452476.4375,100000,3111,"ChoiceDataset(num_items=500, num_users=500, num_sessions=3000000, label=[], item_index=[100000], user_index=[100000], session_index=[100000], item_availability=[], user_latents=[500, 30], item_latents=[500, 30], device=cuda:0)","3.9.15 (main, Nov 24 2022, 14:31:59) 
[GCC 11.2.0]",2.5.1+cu124,1.0.6,cuda,/home/tianyudu/Development/torch-choice/paper_performance_benchmarks/torch_choice_benchmark_data_totally_synthetic,./benchmark_results_aurora_20250428,all,5,50000,0.03,-1,x86_64,16,NVIDIA GeForce RTX 3090,2025-04-28,num_records_experiment_large
3000,2.182709217071533,(item_latents|constant),3,17905.99609375,3000,1012,"ChoiceDataset(num_items=500, num_users=500, num_sessions=3000000, label=[], item_index=[3000], user_index=[3000], session_index=[3000], item_availability=[], user_latents=[500, 30], item_latents=[500, 30], device=cuda:0)","3.9.15 (main, Nov 24 2022, 14:31:59) 
[GCC 11.2.0]",2.5.1+cu124,1.0.6,cuda,/home/tianyudu/Development/torch-choice/paper_performance_benchmarks/torch_choice_benchmark_data_totally_synthetic,./benchmark_results_aurora_20250428,all,5,50000,0.03,-1,x86_64,16,NVIDIA GeForce RTX 3090,2025-04-28,num_records_experiment_large
5000,3.192282199859619,(item_latents|constant),3,29811.45703125,5000,1059,"ChoiceDataset(num_items=500, num_users=500, num_sessions=3000000, label=[], item_index=[5000], user_index=[5000], session_index=[5000], item_availability=[], user_latents=[500, 30], item_latents=[500, 30], device=cuda:0)","3.9.15 (main, Nov 24 2022, 14:31:59) 
[GCC 11.2.0]",2.5.1+cu124,1.0.6,cuda,/home/tianyudu/Development/torch-choice/paper_performance_benchmarks/torch_choice_benchmark_data_totally_synthetic,./benchmark_results_aurora_20250428,all,5,50000,0.03,-1,x86_64,16,NVIDIA GeForce RTX 3090,2025-04-28,num_records_experiment_large
7000,3.9018096923828125,(item_latents|constant),3,41665.8984375,7000,1006,"ChoiceDataset(num_items=500, num_users=500, num_sessions=3000000, label=[], item_index=[7000], user_index=[7000], session_index=[7000], item_availability=[], user_latents=[500, 30], item_latents=[500, 30], device=cuda:0)","3.9.15 (main, Nov 24 2022, 14:31:59) 
[GCC 11.2.0]",2.5.1+cu124,1.0.6,cuda,/home/tianyudu/Development/torch-choice/paper_performance_benchmarks/torch_choice_benchmark_data_totally_synthetic,./benchmark_results_aurora_20250428,all,5,50000,0.03,-1,x86_64,16,NVIDIA GeForce RTX 3090,2025-04-28,num_records_experiment_large
10000,5.498114109039307,(item_latents|constant),3,59440.27734375,10000,1043,"ChoiceDataset(num_items=500, num_users=500, num_sessions=3000000, label=[], item_index=[10000], user_index=[10000], session_index=[10000], item_availability=[], user_latents=[500, 30], item_latents=[500, 30], device=cuda:0)","3.9.15 (main, Nov 24 2022, 14:31:59) 
[GCC 11.2.0]",2.5.1+cu124,1.0.6,cuda,/home/tianyudu/Development/torch-choice/paper_performance_benchmarks/torch_choice_benchmark_data_totally_synthetic,./benchmark_results_aurora_20250428,all,5,50000,0.03,-1,x86_64,16,NVIDIA GeForce RTX 3090,2025-04-28,num_records_experiment_large
30000,14.082401275634766,(item_latents|constant),3,178137.53125,30000,1002,"ChoiceDataset(num_items=500, num_users=500, num_sessions=3000000, label=[], item_index=[30000], user_index=[30000], session_index=[30000], item_availability=[], user_latents=[500, 30], item_latents=[500, 30], device=cuda:0)","3.9.15 (main, Nov 24 2022, 14:31:59) 
[GCC 11.2.0]",2.5.1+cu124,1.0.6,cuda,/home/tianyudu/Development/torch-choice/paper_performance_benchmarks/torch_choice_benchmark_data_totally_synthetic,./benchmark_results_aurora_20250428,all,5,50000,0.03,-1,x86_64,16,NVIDIA GeForce RTX 3090,2025-04-28,num_records_experiment_large
50000,29.24912977218628,(item_latents|constant),3,296738.5625,50000,1017,"ChoiceDataset(num_items=500, num_users=500, num_sessions=3000000, label=[], item_index=[50000], user_index=[50000], session_index=[50000], item_availability=[], user_latents=[500, 30], item_latents=[500, 30], device=cuda:0)","3.9.15 (main, Nov 24 2022, 14:31:59) 
[GCC 11.2.0]",2.5.1+cu124,1.0.6,cuda,/home/tianyudu/Development/torch-choice/paper_performance_benchmarks/torch_choice_benchmark_data_totally_synthetic,./benchmark_results_aurora_20250428,all,5,50000,0.03,-1,x86_64,16,NVIDIA GeForce RTX 3090,2025-04-28,num_records_experiment_large
70000,39.896966218948364,(item_latents|constant),3,415435.84375,70000,998,"ChoiceDataset(num_items=500, num_users=500, num_sessions=3000000, label=[], item_index=[70000], user_index=[70000], session_index=[70000], item_availability=[], user_latents=[500, 30], item_latents=[500, 30], device=cuda:0)","3.9.15 (main, Nov 24 2022, 14:31:59) 
[GCC 11.2.0]",2.5.1+cu124,1.0.6,cuda,/home/tianyudu/Development/torch-choice/paper_performance_benchmarks/torch_choice_benchmark_data_totally_synthetic,./benchmark_results_aurora_20250428,all,5,50000,0.03,-1,x86_64,16,NVIDIA GeForce RTX 3090,2025-04-28,num_records_experiment_large
100000,52.26559090614319,(item_latents|constant),3,593783.25,100000,962,"ChoiceDataset(num_items=500, num_users=500, num_sessions=3000000, label=[], item_index=[100000], user_index=[100000], session_index=[100000], item_availability=[], user_latents=[500, 30], item_latents=[500, 30], device=cuda:0)","3.9.15 (main, Nov 24 2022, 14:31:59) 
[GCC 11.2.0]",2.5.1+cu124,1.0.6,cuda,/home/tianyudu/Development/torch-choice/paper_performance_benchmarks/torch_choice_benchmark_data_totally_synthetic,./benchmark_results_aurora_20250428,all,5,50000,0.03,-1,x86_64,16,NVIDIA GeForce RTX 3090,2025-04-28,num_records_experiment_large
3000,10.680223941802979,(user_latents|item) + (item_latents|constant),4,6445.12939453125,3000,3494,"ChoiceDataset(num_items=500, num_users=500, num_sessions=3000000, label=[], item_index=[3000], user_index=[3000], session_index=[3000], item_availability=[], user_latents=[500, 30], item_latents=[500, 30], device=cuda:0)","3.9.15 (main, Nov 24 2022, 14:31:59) 
[GCC 11.2.0]",2.5.1+cu124,1.0.6,cuda,/home/tianyudu/Development/torch-choice/paper_performance_benchmarks/torch_choice_benchmark_data_totally_synthetic,./benchmark_results_aurora_20250428,all,5,50000,0.03,-1,x86_64,16,NVIDIA GeForce RTX 3090,2025-04-28,num_records_experiment_large
5000,17.56471085548401,(user_latents|item) + (item_latents|constant),4,14468.2900390625,5000,3742,"ChoiceDataset(num_items=500, num_users=500, num_sessions=3000000, label=[], item_index=[5000], user_index=[5000], session_index=[5000], item_availability=[], user_latents=[500, 30], item_latents=[500, 30], device=cuda:0)","3.9.15 (main, Nov 24 2022, 14:31:59) 
[GCC 11.2.0]",2.5.1+cu124,1.0.6,cuda,/home/tianyudu/Development/torch-choice/paper_performance_benchmarks/torch_choice_benchmark_data_totally_synthetic,./benchmark_results_aurora_20250428,all,5,50000,0.03,-1,x86_64,16,NVIDIA GeForce RTX 3090,2025-04-28,num_records_experiment_large
7000,17.47238254547119,(user_latents|item) + (item_latents|constant),4,23405.3828125,7000,2737,"ChoiceDataset(num_items=500, num_users=500, num_sessions=3000000, label=[], item_index=[7000], user_index=[7000], session_index=[7000], item_availability=[], user_latents=[500, 30], item_latents=[500, 30], device=cuda:0)","3.9.15 (main, Nov 24 2022, 14:31:59) 
[GCC 11.2.0]",2.5.1+cu124,1.0.6,cuda,/home/tianyudu/Development/torch-choice/paper_performance_benchmarks/torch_choice_benchmark_data_totally_synthetic,./benchmark_results_aurora_20250428,all,5,50000,0.03,-1,x86_64,16,NVIDIA GeForce RTX 3090,2025-04-28,num_records_experiment_large
10000,22.601544618606567,(user_latents|item) + (item_latents|constant),4,37627.4296875,10000,2542,"ChoiceDataset(num_items=500, num_users=500, num_sessions=3000000, label=[], item_index=[10000], user_index=[10000], session_index=[10000], item_availability=[], user_latents=[500, 30], item_latents=[500, 30], device=cuda:0)","3.9.15 (main, Nov 24 2022, 14:31:59) 
[GCC 11.2.0]",2.5.1+cu124,1.0.6,cuda,/home/tianyudu/Development/torch-choice/paper_performance_benchmarks/torch_choice_benchmark_data_totally_synthetic,./benchmark_results_aurora_20250428,all,5,50000,0.03,-1,x86_64,16,NVIDIA GeForce RTX 3090,2025-04-28,num_records_experiment_large
30000,61.922088623046875,(user_latents|item) + (item_latents|constant),4,130323.4609375,30000,2301,"ChoiceDataset(num_items=500, num_users=500, num_sessions=3000000, label=[], item_index=[30000], user_index=[30000], session_index=[30000], item_availability=[], user_latents=[500, 30], item_latents=[500, 30], device=cuda:0)","3.9.15 (main, Nov 24 2022, 14:31:59) 
[GCC 11.2.0]",2.5.1+cu124,1.0.6,cuda,/home/tianyudu/Development/torch-choice/paper_performance_benchmarks/torch_choice_benchmark_data_totally_synthetic,./benchmark_results_aurora_20250428,all,5,50000,0.03,-1,x86_64,16,NVIDIA GeForce RTX 3090,2025-04-28,num_records_experiment_large
50000,127.39669704437256,(user_latents|item) + (item_latents|constant),4,222219.234375,50000,2712,"ChoiceDataset(num_items=500, num_users=500, num_sessions=3000000, label=[], item_index=[50000], user_index=[50000], session_index=[50000], item_availability=[], user_latents=[500, 30], item_latents=[500, 30], device=cuda:0)","3.9.15 (main, Nov 24 2022, 14:31:59) 
[GCC 11.2.0]",2.5.1+cu124,1.0.6,cuda,/home/tianyudu/Development/torch-choice/paper_performance_benchmarks/torch_choice_benchmark_data_totally_synthetic,./benchmark_results_aurora_20250428,all,5,50000,0.03,-1,x86_64,16,NVIDIA GeForce RTX 3090,2025-04-28,num_records_experiment_large
70000,184.52600860595703,(user_latents|item) + (item_latents|constant),4,313955.3125,70000,2755,"ChoiceDataset(num_items=500, num_users=500, num_sessions=3000000, label=[], item_index=[70000], user_index=[70000], session_index=[70000], item_availability=[], user_latents=[500, 30], item_latents=[500, 30], device=cuda:0)","3.9.15 (main, Nov 24 2022, 14:31:59) 
[GCC 11.2.0]",2.5.1+cu124,1.0.6,cuda,/home/tianyudu/Development/torch-choice/paper_performance_benchmarks/torch_choice_benchmark_data_totally_synthetic,./benchmark_results_aurora_20250428,all,5,50000,0.03,-1,x86_64,16,NVIDIA GeForce RTX 3090,2025-04-28,num_records_experiment_large
100000,238.53195810317993,(user_latents|item) + (item_latents|constant),4,452762.6875,100000,2531,"ChoiceDataset(num_items=500, num_users=500, num_sessions=3000000, label=[], item_index=[100000], user_index=[100000], session_index=[100000], item_availability=[], user_latents=[500, 30], item_latents=[500, 30], device=cuda:0)","3.9.15 (main, Nov 24 2022, 14:31:59) 
[GCC 11.2.0]",2.5.1+cu124,1.0.6,cuda,/home/tianyudu/Development/torch-choice/paper_performance_benchmarks/torch_choice_benchmark_data_totally_synthetic,./benchmark_results_aurora_20250428,all,5,50000,0.03,-1,x86_64,16,NVIDIA GeForce RTX 3090,2025-04-28,num_records_experiment_large
3000,10.629404306411743,(user_latents|item),4,6399.7001953125,3000,4533,"ChoiceDataset(num_items=500, num_users=500, num_sessions=3000000, label=[], item_index=[3000], user_index=[3000], session_index=[3000], item_availability=[], user_latents=[500, 30], item_latents=[500, 30], device=cuda:0)","3.9.15 (main, Nov 24 2022, 14:31:59) 
[GCC 11.2.0]",2.5.1+cu124,1.0.6,cuda,/home/tianyudu/Development/torch-choice/paper_performance_benchmarks/torch_choice_benchmark_data_totally_synthetic,./benchmark_results_aurora_20250428,all,5,50000,0.03,-1,x86_64,16,NVIDIA GeForce RTX 3090,2025-04-28,num_records_experiment_large
5000,14.37664270401001,(user_latents|item),4,14435.9873046875,5000,4342,"ChoiceDataset(num_items=500, num_users=500, num_sessions=3000000, label=[], item_index=[5000], user_index=[5000], session_index=[5000], item_availability=[], user_latents=[500, 30], item_latents=[500, 30], device=cuda:0)","3.9.15 (main, Nov 24 2022, 14:31:59) 
[GCC 11.2.0]",2.5.1+cu124,1.0.6,cuda,/home/tianyudu/Development/torch-choice/paper_performance_benchmarks/torch_choice_benchmark_data_totally_synthetic,./benchmark_results_aurora_20250428,all,5,50000,0.03,-1,x86_64,16,NVIDIA GeForce RTX 3090,2025-04-28,num_records_experiment_large
7000,17.30591869354248,(user_latents|item),4,23304.8046875,7000,4029,"ChoiceDataset(num_items=500, num_users=500, num_sessions=3000000, label=[], item_index=[7000], user_index=[7000], session_index=[7000], item_availability=[], user_latents=[500, 30], item_latents=[500, 30], device=cuda:0)","3.9.15 (main, Nov 24 2022, 14:31:59) 
[GCC 11.2.0]",2.5.1+cu124,1.0.6,cuda,/home/tianyudu/Development/torch-choice/paper_performance_benchmarks/torch_choice_benchmark_data_totally_synthetic,./benchmark_results_aurora_20250428,all,5,50000,0.03,-1,x86_64,16,NVIDIA GeForce RTX 3090,2025-04-28,num_records_experiment_large
10000,21.405507564544678,(user_latents|item),4,37580.70703125,10000,3737,"ChoiceDataset(num_items=500, num_users=500, num_sessions=3000000, label=[], item_index=[10000], user_index=[10000], session_index=[10000], item_availability=[], user_latents=[500, 30], item_latents=[500, 30], device=cuda:0)","3.9.15 (main, Nov 24 2022, 14:31:59) 
[GCC 11.2.0]",2.5.1+cu124,1.0.6,cuda,/home/tianyudu/Development/torch-choice/paper_performance_benchmarks/torch_choice_benchmark_data_totally_synthetic,./benchmark_results_aurora_20250428,all,5,50000,0.03,-1,x86_64,16,NVIDIA GeForce RTX 3090,2025-04-28,num_records_experiment_large
30000,51.50799798965454,(user_latents|item),4,130205.28125,30000,3339,"ChoiceDataset(num_items=500, num_users=500, num_sessions=3000000, label=[], item_index=[30000], user_index=[30000], session_index=[30000], item_availability=[], user_latents=[500, 30], item_latents=[500, 30], device=cuda:0)","3.9.15 (main, Nov 24 2022, 14:31:59) 
[GCC 11.2.0]",2.5.1+cu124,1.0.6,cuda,/home/tianyudu/Development/torch-choice/paper_performance_benchmarks/torch_choice_benchmark_data_totally_synthetic,./benchmark_results_aurora_20250428,all,5,50000,0.03,-1,x86_64,16,NVIDIA GeForce RTX 3090,2025-04-28,num_records_experiment_large
50000,103.99740481376648,(user_latents|item),4,222118.25,50000,3351,"ChoiceDataset(num_items=500, num_users=500, num_sessions=3000000, label=[], item_index=[50000], user_index=[50000], session_index=[50000], item_availability=[], user_latents=[500, 30], item_latents=[500, 30], device=cuda:0)","3.9.15 (main, Nov 24 2022, 14:31:59) 
[GCC 11.2.0]",2.5.1+cu124,1.0.6,cuda,/home/tianyudu/Development/torch-choice/paper_performance_benchmarks/torch_choice_benchmark_data_totally_synthetic,./benchmark_results_aurora_20250428,all,5,50000,0.03,-1,x86_64,16,NVIDIA GeForce RTX 3090,2025-04-28,num_records_experiment_large
70000,145.17355036735535,(user_latents|item),4,313818.75,70000,3469,"ChoiceDataset(num_items=500, num_users=500, num_sessions=3000000, label=[], item_index=[70000], user_index=[70000], session_index=[70000], item_availability=[], user_latents=[500, 30], item_latents=[500, 30], device=cuda:0)","3.9.15 (main, Nov 24 2022, 14:31:59) 
[GCC 11.2.0]",2.5.1+cu124,1.0.6,cuda,/home/tianyudu/Development/torch-choice/paper_performance_benchmarks/torch_choice_benchmark_data_totally_synthetic,./benchmark_results_aurora_20250428,all,5,50000,0.03,-1,x86_64,16,NVIDIA GeForce RTX 3090,2025-04-28,num_records_experiment_large
100000,184.464026927948,(user_latents|item),4,452488.625,100000,3201,"ChoiceDataset(num_items=500, num_users=500, num_sessions=3000000, label=[], item_index=[100000], user_index=[100000], session_index=[100000], item_availability=[], user_latents=[500, 30], item_latents=[500, 30], device=cuda:0)","3.9.15 (main, Nov 24 2022, 14:31:59) 
[GCC 11.2.0]",2.5.1+cu124,1.0.6,cuda,/home/tianyudu/Development/torch-choice/paper_performance_benchmarks/torch_choice_benchmark_data_totally_synthetic,./benchmark_results_aurora_20250428,all,5,50000,0.03,-1,x86_64,16,NVIDIA GeForce RTX 3090,2025-04-28,num_records_experiment_large
3000,3.457239866256714,(item_latents|constant),4,17905.99609375,3000,1613,"ChoiceDataset(num_items=500, num_users=500, num_sessions=3000000, label=[], item_index=[3000], user_index=[3000], session_index=[3000], item_availability=[], user_latents=[500, 30], item_latents=[500, 30], device=cuda:0)","3.9.15 (main, Nov 24 2022, 14:31:59) 
[GCC 11.2.0]",2.5.1+cu124,1.0.6,cuda,/home/tianyudu/Development/torch-choice/paper_performance_benchmarks/torch_choice_benchmark_data_totally_synthetic,./benchmark_results_aurora_20250428,all,5,50000,0.03,-1,x86_64,16,NVIDIA GeForce RTX 3090,2025-04-28,num_records_experiment_large
5000,4.950299978256226,(item_latents|constant),4,29811.45703125,5000,1672,"ChoiceDataset(num_items=500, num_users=500, num_sessions=3000000, label=[], item_index=[5000], user_index=[5000], session_index=[5000], item_availability=[], user_latents=[500, 30], item_latents=[500, 30], device=cuda:0)","3.9.15 (main, Nov 24 2022, 14:31:59) 
[GCC 11.2.0]",2.5.1+cu124,1.0.6,cuda,/home/tianyudu/Development/torch-choice/paper_performance_benchmarks/torch_choice_benchmark_data_totally_synthetic,./benchmark_results_aurora_20250428,all,5,50000,0.03,-1,x86_64,16,NVIDIA GeForce RTX 3090,2025-04-28,num_records_experiment_large
7000,6.387495517730713,(item_latents|constant),4,41665.8984375,7000,1615,"ChoiceDataset(num_items=500, num_users=500, num_sessions=3000000, label=[], item_index=[7000], user_index=[7000], session_index=[7000], item_availability=[], user_latents=[500, 30], item_latents=[500, 30], device=cuda:0)","3.9.15 (main, Nov 24 2022, 14:31:59) 
[GCC 11.2.0]",2.5.1+cu124,1.0.6,cuda,/home/tianyudu/Development/torch-choice/paper_performance_benchmarks/torch_choice_benchmark_data_totally_synthetic,./benchmark_results_aurora_20250428,all,5,50000,0.03,-1,x86_64,16,NVIDIA GeForce RTX 3090,2025-04-28,num_records_experiment_large
10000,8.695149660110474,(item_latents|constant),4,59440.27734375,10000,1683,"ChoiceDataset(num_items=500, num_users=500, num_sessions=3000000, label=[], item_index=[10000], user_index=[10000], session_index=[10000], item_availability=[], user_latents=[500, 30], item_latents=[500, 30], device=cuda:0)","3.9.15 (main, Nov 24 2022, 14:31:59) 
[GCC 11.2.0]",2.5.1+cu124,1.0.6,cuda,/home/tianyudu/Development/torch-choice/paper_performance_benchmarks/torch_choice_benchmark_data_totally_synthetic,./benchmark_results_aurora_20250428,all,5,50000,0.03,-1,x86_64,16,NVIDIA GeForce RTX 3090,2025-04-28,num_records_experiment_large
30000,22.507463216781616,(item_latents|constant),4,178137.53125,30000,1623,"ChoiceDataset(num_items=500, num_users=500, num_sessions=3000000, label=[], item_index=[30000], user_index=[30000], session_index=[30000], item_availability=[], user_latents=[500, 30], item_latents=[500, 30], device=cuda:0)","3.9.15 (main, Nov 24 2022, 14:31:59) 
[GCC 11.2.0]",2.5.1+cu124,1.0.6,cuda,/home/tianyudu/Development/torch-choice/paper_performance_benchmarks/torch_choice_benchmark_data_totally_synthetic,./benchmark_results_aurora_20250428,all,5,50000,0.03,-1,x86_64,16,NVIDIA GeForce RTX 3090,2025-04-28,num_records_experiment_large
50000,46.804059982299805,(item_latents|constant),4,296738.5625,50000,1640,"ChoiceDataset(num_items=500, num_users=500, num_sessions=3000000, label=[], item_index=[50000], user_index=[50000], session_index=[50000], item_availability=[], user_latents=[500, 30], item_latents=[500, 30], device=cuda:0)","3.9.15 (main, Nov 24 2022, 14:31:59) 
[GCC 11.2.0]",2.5.1+cu124,1.0.6,cuda,/home/tianyudu/Development/torch-choice/paper_performance_benchmarks/torch_choice_benchmark_data_totally_synthetic,./benchmark_results_aurora_20250428,all,5,50000,0.03,-1,x86_64,16,NVIDIA GeForce RTX 3090,2025-04-28,num_records_experiment_large
70000,63.94259238243103,(item_latents|constant),4,415435.875,70000,1598,"ChoiceDataset(num_items=500, num_users=500, num_sessions=3000000, label=[], item_index=[70000], user_index=[70000], session_index=[70000], item_availability=[], user_latents=[500, 30], item_latents=[500, 30], device=cuda:0)","3.9.15 (main, Nov 24 2022, 14:31:59) 
[GCC 11.2.0]",2.5.1+cu124,1.0.6,cuda,/home/tianyudu/Development/torch-choice/paper_performance_benchmarks/torch_choice_benchmark_data_totally_synthetic,./benchmark_results_aurora_20250428,all,5,50000,0.03,-1,x86_64,16,NVIDIA GeForce RTX 3090,2025-04-28,num_records_experiment_large
100000,85.78063750267029,(item_latents|constant),4,593783.25,100000,1569,"ChoiceDataset(num_items=500, num_users=500, num_sessions=3000000, label=[], item_index=[100000], user_index=[100000], session_index=[100000], item_availability=[], user_latents=[500, 30], item_latents=[500, 30], device=cuda:0)","3.9.15 (main, Nov 24 2022, 14:31:59) 
[GCC 11.2.0]",2.5.1+cu124,1.0.6,cuda,/home/tianyudu/Development/torch-choice/paper_performance_benchmarks/torch_choice_benchmark_data_totally_synthetic,./benchmark_results_aurora_20250428,all,5,50000,0.03,-1,x86_64,16,NVIDIA GeForce RTX 3090,2025-04-28,num_records_experiment_large
