num_records,time,formula,seed,best_loss,num_params,epochs_run,dataset,python_version,torch_version,torch_choice_version,device,data_path,output_path,experiment_name,num_seeds,num_epochs,learning_rate,batch_size,cpu_name,cpu_count,gpu_name,run_date,task
10000,10.74671721458435,(user_latents|item) + (item_latents|constant),0,22871.890625,3,2542,"ChoiceDataset(num_items=50, num_users=500, num_sessions=10000, label=[], item_index=[10000], user_index=[10000], session_index=[10000], item_availability=[], user_latents=[500, 3], item_latents=[50, 3], device=cuda:0)","3.9.15 (main, Nov 24 2022, 14:31:59) 
[GCC 11.2.0]",2.5.1+cu124,1.0.6,cuda,/home/tianyudu/Development/torch-choice/paper_performance_benchmarks/torch_choice_benchmark_data_totally_synthetic,./benchmark_results_aurora_20250428,all,5,50000,0.03,-1,x86_64,16,NVIDIA GeForce RTX 3090,2025-04-28,num_params_experiment_small
10000,14.312418460845947,(user_latents|item) + (item_latents|constant),0,21228.92578125,5,3357,"ChoiceDataset(num_items=50, num_users=500, num_sessions=10000, label=[], item_index=[10000], user_index=[10000], session_index=[10000], item_availability=[], user_latents=[500, 5], item_latents=[50, 5], device=cuda:0)","3.9.15 (main, Nov 24 2022, 14:31:59) 
[GCC 11.2.0]",2.5.1+cu124,1.0.6,cuda,/home/tianyudu/Development/torch-choice/paper_performance_benchmarks/torch_choice_benchmark_data_totally_synthetic,./benchmark_results_aurora_20250428,all,5,50000,0.03,-1,x86_64,16,NVIDIA GeForce RTX 3090,2025-04-28,num_params_experiment_small
10000,20.175052881240845,(user_latents|item) + (item_latents|constant),0,20837.23046875,10,4788,"ChoiceDataset(num_items=50, num_users=500, num_sessions=10000, label=[], item_index=[10000], user_index=[10000], session_index=[10000], item_availability=[], user_latents=[500, 10], item_latents=[50, 10], device=cuda:0)","3.9.15 (main, Nov 24 2022, 14:31:59) 
[GCC 11.2.0]",2.5.1+cu124,1.0.6,cuda,/home/tianyudu/Development/torch-choice/paper_performance_benchmarks/torch_choice_benchmark_data_totally_synthetic,./benchmark_results_aurora_20250428,all,5,50000,0.03,-1,x86_64,16,NVIDIA GeForce RTX 3090,2025-04-28,num_params_experiment_small
10000,20.643606185913086,(user_latents|item) + (item_latents|constant),0,20389.669921875,15,4893,"ChoiceDataset(num_items=50, num_users=500, num_sessions=10000, label=[], item_index=[10000], user_index=[10000], session_index=[10000], item_availability=[], user_latents=[500, 15], item_latents=[50, 15], device=cuda:0)","3.9.15 (main, Nov 24 2022, 14:31:59) 
[GCC 11.2.0]",2.5.1+cu124,1.0.6,cuda,/home/tianyudu/Development/torch-choice/paper_performance_benchmarks/torch_choice_benchmark_data_totally_synthetic,./benchmark_results_aurora_20250428,all,5,50000,0.03,-1,x86_64,16,NVIDIA GeForce RTX 3090,2025-04-28,num_params_experiment_small
10000,18.192944526672363,(user_latents|item) + (item_latents|constant),0,20095.8125,20,4273,"ChoiceDataset(num_items=50, num_users=500, num_sessions=10000, label=[], item_index=[10000], user_index=[10000], session_index=[10000], item_availability=[], user_latents=[500, 20], item_latents=[50, 20], device=cuda:0)","3.9.15 (main, Nov 24 2022, 14:31:59) 
[GCC 11.2.0]",2.5.1+cu124,1.0.6,cuda,/home/tianyudu/Development/torch-choice/paper_performance_benchmarks/torch_choice_benchmark_data_totally_synthetic,./benchmark_results_aurora_20250428,all,5,50000,0.03,-1,x86_64,16,NVIDIA GeForce RTX 3090,2025-04-28,num_params_experiment_small
10000,11.562192678451538,(user_latents|item) + (item_latents|constant),0,19597.619140625,30,2711,"ChoiceDataset(num_items=50, num_users=500, num_sessions=10000, label=[], item_index=[10000], user_index=[10000], session_index=[10000], item_availability=[], user_latents=[500, 30], item_latents=[50, 30], device=cuda:0)","3.9.15 (main, Nov 24 2022, 14:31:59) 
[GCC 11.2.0]",2.5.1+cu124,1.0.6,cuda,/home/tianyudu/Development/torch-choice/paper_performance_benchmarks/torch_choice_benchmark_data_totally_synthetic,./benchmark_results_aurora_20250428,all,5,50000,0.03,-1,x86_64,16,NVIDIA GeForce RTX 3090,2025-04-28,num_params_experiment_small
10000,9.96406626701355,(user_latents|item),0,22950.58203125,3,2506,"ChoiceDataset(num_items=50, num_users=500, num_sessions=10000, label=[], item_index=[10000], user_index=[10000], session_index=[10000], item_availability=[], user_latents=[500, 3], item_latents=[50, 3], device=cuda:0)","3.9.15 (main, Nov 24 2022, 14:31:59) 
[GCC 11.2.0]",2.5.1+cu124,1.0.6,cuda,/home/tianyudu/Development/torch-choice/paper_performance_benchmarks/torch_choice_benchmark_data_totally_synthetic,./benchmark_results_aurora_20250428,all,5,50000,0.03,-1,x86_64,16,NVIDIA GeForce RTX 3090,2025-04-28,num_params_experiment_small
10000,13.700327634811401,(user_latents|item),0,21267.69921875,5,3429,"ChoiceDataset(num_items=50, num_users=500, num_sessions=10000, label=[], item_index=[10000], user_index=[10000], session_index=[10000], item_availability=[], user_latents=[500, 5], item_latents=[50, 5], device=cuda:0)","3.9.15 (main, Nov 24 2022, 14:31:59) 
[GCC 11.2.0]",2.5.1+cu124,1.0.6,cuda,/home/tianyudu/Development/torch-choice/paper_performance_benchmarks/torch_choice_benchmark_data_totally_synthetic,./benchmark_results_aurora_20250428,all,5,50000,0.03,-1,x86_64,16,NVIDIA GeForce RTX 3090,2025-04-28,num_params_experiment_small
10000,16.472228050231934,(user_latents|item),0,20902.02734375,10,4044,"ChoiceDataset(num_items=50, num_users=500, num_sessions=10000, label=[], item_index=[10000], user_index=[10000], session_index=[10000], item_availability=[], user_latents=[500, 10], item_latents=[50, 10], device=cuda:0)","3.9.15 (main, Nov 24 2022, 14:31:59) 
[GCC 11.2.0]",2.5.1+cu124,1.0.6,cuda,/home/tianyudu/Development/torch-choice/paper_performance_benchmarks/torch_choice_benchmark_data_totally_synthetic,./benchmark_results_aurora_20250428,all,5,50000,0.03,-1,x86_64,16,NVIDIA GeForce RTX 3090,2025-04-28,num_params_experiment_small
10000,16.367113828659058,(user_latents|item),0,20410.435546875,15,4016,"ChoiceDataset(num_items=50, num_users=500, num_sessions=10000, label=[], item_index=[10000], user_index=[10000], session_index=[10000], item_availability=[], user_latents=[500, 15], item_latents=[50, 15], device=cuda:0)","3.9.15 (main, Nov 24 2022, 14:31:59) 
[GCC 11.2.0]",2.5.1+cu124,1.0.6,cuda,/home/tianyudu/Development/torch-choice/paper_performance_benchmarks/torch_choice_benchmark_data_totally_synthetic,./benchmark_results_aurora_20250428,all,5,50000,0.03,-1,x86_64,16,NVIDIA GeForce RTX 3090,2025-04-28,num_params_experiment_small
10000,16.838366985321045,(user_latents|item),0,20110.458984375,20,4064,"ChoiceDataset(num_items=50, num_users=500, num_sessions=10000, label=[], item_index=[10000], user_index=[10000], session_index=[10000], item_availability=[], user_latents=[500, 20], item_latents=[50, 20], device=cuda:0)","3.9.15 (main, Nov 24 2022, 14:31:59) 
[GCC 11.2.0]",2.5.1+cu124,1.0.6,cuda,/home/tianyudu/Development/torch-choice/paper_performance_benchmarks/torch_choice_benchmark_data_totally_synthetic,./benchmark_results_aurora_20250428,all,5,50000,0.03,-1,x86_64,16,NVIDIA GeForce RTX 3090,2025-04-28,num_params_experiment_small
10000,15.282532691955566,(user_latents|item),0,19587.375,30,3644,"ChoiceDataset(num_items=50, num_users=500, num_sessions=10000, label=[], item_index=[10000], user_index=[10000], session_index=[10000], item_availability=[], user_latents=[500, 30], item_latents=[50, 30], device=cuda:0)","3.9.15 (main, Nov 24 2022, 14:31:59) 
[GCC 11.2.0]",2.5.1+cu124,1.0.6,cuda,/home/tianyudu/Development/torch-choice/paper_performance_benchmarks/torch_choice_benchmark_data_totally_synthetic,./benchmark_results_aurora_20250428,all,5,50000,0.03,-1,x86_64,16,NVIDIA GeForce RTX 3090,2025-04-28,num_params_experiment_small
10000,1.1847152709960938,(item_latents|constant),0,37696.13671875,3,296,"ChoiceDataset(num_items=50, num_users=500, num_sessions=10000, label=[], item_index=[10000], user_index=[10000], session_index=[10000], item_availability=[], user_latents=[500, 3], item_latents=[50, 3], device=cuda:0)","3.9.15 (main, Nov 24 2022, 14:31:59) 
[GCC 11.2.0]",2.5.1+cu124,1.0.6,cuda,/home/tianyudu/Development/torch-choice/paper_performance_benchmarks/torch_choice_benchmark_data_totally_synthetic,./benchmark_results_aurora_20250428,all,5,50000,0.03,-1,x86_64,16,NVIDIA GeForce RTX 3090,2025-04-28,num_params_experiment_small
10000,1.764920711517334,(item_latents|constant),0,37563.875,5,441,"ChoiceDataset(num_items=50, num_users=500, num_sessions=10000, label=[], item_index=[10000], user_index=[10000], session_index=[10000], item_availability=[], user_latents=[500, 5], item_latents=[50, 5], device=cuda:0)","3.9.15 (main, Nov 24 2022, 14:31:59) 
[GCC 11.2.0]",2.5.1+cu124,1.0.6,cuda,/home/tianyudu/Development/torch-choice/paper_performance_benchmarks/torch_choice_benchmark_data_totally_synthetic,./benchmark_results_aurora_20250428,all,5,50000,0.03,-1,x86_64,16,NVIDIA GeForce RTX 3090,2025-04-28,num_params_experiment_small
10000,4.262153148651123,(item_latents|constant),0,34160.16015625,10,1065,"ChoiceDataset(num_items=50, num_users=500, num_sessions=10000, label=[], item_index=[10000], user_index=[10000], session_index=[10000], item_availability=[], user_latents=[500, 10], item_latents=[50, 10], device=cuda:0)","3.9.15 (main, Nov 24 2022, 14:31:59) 
[GCC 11.2.0]",2.5.1+cu124,1.0.6,cuda,/home/tianyudu/Development/torch-choice/paper_performance_benchmarks/torch_choice_benchmark_data_totally_synthetic,./benchmark_results_aurora_20250428,all,5,50000,0.03,-1,x86_64,16,NVIDIA GeForce RTX 3090,2025-04-28,num_params_experiment_small
10000,8.37931203842163,(item_latents|constant),0,31058.73828125,15,2090,"ChoiceDataset(num_items=50, num_users=500, num_sessions=10000, label=[], item_index=[10000], user_index=[10000], session_index=[10000], item_availability=[], user_latents=[500, 15], item_latents=[50, 15], device=cuda:0)","3.9.15 (main, Nov 24 2022, 14:31:59) 
[GCC 11.2.0]",2.5.1+cu124,1.0.6,cuda,/home/tianyudu/Development/torch-choice/paper_performance_benchmarks/torch_choice_benchmark_data_totally_synthetic,./benchmark_results_aurora_20250428,all,5,50000,0.03,-1,x86_64,16,NVIDIA GeForce RTX 3090,2025-04-28,num_params_experiment_small
10000,15.91755723953247,(item_latents|constant),0,28268.91015625,20,3988,"ChoiceDataset(num_items=50, num_users=500, num_sessions=10000, label=[], item_index=[10000], user_index=[10000], session_index=[10000], item_availability=[], user_latents=[500, 20], item_latents=[50, 20], device=cuda:0)","3.9.15 (main, Nov 24 2022, 14:31:59) 
[GCC 11.2.0]",2.5.1+cu124,1.0.6,cuda,/home/tianyudu/Development/torch-choice/paper_performance_benchmarks/torch_choice_benchmark_data_totally_synthetic,./benchmark_results_aurora_20250428,all,5,50000,0.03,-1,x86_64,16,NVIDIA GeForce RTX 3090,2025-04-28,num_params_experiment_small
10000,15.110962152481079,(item_latents|constant),0,27541.859375,30,3693,"ChoiceDataset(num_items=50, num_users=500, num_sessions=10000, label=[], item_index=[10000], user_index=[10000], session_index=[10000], item_availability=[], user_latents=[500, 30], item_latents=[50, 30], device=cuda:0)","3.9.15 (main, Nov 24 2022, 14:31:59) 
[GCC 11.2.0]",2.5.1+cu124,1.0.6,cuda,/home/tianyudu/Development/torch-choice/paper_performance_benchmarks/torch_choice_benchmark_data_totally_synthetic,./benchmark_results_aurora_20250428,all,5,50000,0.03,-1,x86_64,16,NVIDIA GeForce RTX 3090,2025-04-28,num_params_experiment_small
10000,12.037792921066284,(user_latents|item) + (item_latents|constant),1,22871.8984375,3,2913,"ChoiceDataset(num_items=50, num_users=500, num_sessions=10000, label=[], item_index=[10000], user_index=[10000], session_index=[10000], item_availability=[], user_latents=[500, 3], item_latents=[50, 3], device=cuda:0)","3.9.15 (main, Nov 24 2022, 14:31:59) 
[GCC 11.2.0]",2.5.1+cu124,1.0.6,cuda,/home/tianyudu/Development/torch-choice/paper_performance_benchmarks/torch_choice_benchmark_data_totally_synthetic,./benchmark_results_aurora_20250428,all,5,50000,0.03,-1,x86_64,16,NVIDIA GeForce RTX 3090,2025-04-28,num_params_experiment_small
10000,14.810258150100708,(user_latents|item) + (item_latents|constant),1,21228.92578125,5,3581,"ChoiceDataset(num_items=50, num_users=500, num_sessions=10000, label=[], item_index=[10000], user_index=[10000], session_index=[10000], item_availability=[], user_latents=[500, 5], item_latents=[50, 5], device=cuda:0)","3.9.15 (main, Nov 24 2022, 14:31:59) 
[GCC 11.2.0]",2.5.1+cu124,1.0.6,cuda,/home/tianyudu/Development/torch-choice/paper_performance_benchmarks/torch_choice_benchmark_data_totally_synthetic,./benchmark_results_aurora_20250428,all,5,50000,0.03,-1,x86_64,16,NVIDIA GeForce RTX 3090,2025-04-28,num_params_experiment_small
10000,17.89203190803528,(user_latents|item) + (item_latents|constant),1,20837.31640625,10,4291,"ChoiceDataset(num_items=50, num_users=500, num_sessions=10000, label=[], item_index=[10000], user_index=[10000], session_index=[10000], item_availability=[], user_latents=[500, 10], item_latents=[50, 10], device=cuda:0)","3.9.15 (main, Nov 24 2022, 14:31:59) 
[GCC 11.2.0]",2.5.1+cu124,1.0.6,cuda,/home/tianyudu/Development/torch-choice/paper_performance_benchmarks/torch_choice_benchmark_data_totally_synthetic,./benchmark_results_aurora_20250428,all,5,50000,0.03,-1,x86_64,16,NVIDIA GeForce RTX 3090,2025-04-28,num_params_experiment_small
10000,16.777105808258057,(user_latents|item) + (item_latents|constant),1,20387.318359375,15,3979,"ChoiceDataset(num_items=50, num_users=500, num_sessions=10000, label=[], item_index=[10000], user_index=[10000], session_index=[10000], item_availability=[], user_latents=[500, 15], item_latents=[50, 15], device=cuda:0)","3.9.15 (main, Nov 24 2022, 14:31:59) 
[GCC 11.2.0]",2.5.1+cu124,1.0.6,cuda,/home/tianyudu/Development/torch-choice/paper_performance_benchmarks/torch_choice_benchmark_data_totally_synthetic,./benchmark_results_aurora_20250428,all,5,50000,0.03,-1,x86_64,16,NVIDIA GeForce RTX 3090,2025-04-28,num_params_experiment_small
10000,15.883461475372314,(user_latents|item) + (item_latents|constant),1,20093.046875,20,3700,"ChoiceDataset(num_items=50, num_users=500, num_sessions=10000, label=[], item_index=[10000], user_index=[10000], session_index=[10000], item_availability=[], user_latents=[500, 20], item_latents=[50, 20], device=cuda:0)","3.9.15 (main, Nov 24 2022, 14:31:59) 
[GCC 11.2.0]",2.5.1+cu124,1.0.6,cuda,/home/tianyudu/Development/torch-choice/paper_performance_benchmarks/torch_choice_benchmark_data_totally_synthetic,./benchmark_results_aurora_20250428,all,5,50000,0.03,-1,x86_64,16,NVIDIA GeForce RTX 3090,2025-04-28,num_params_experiment_small
10000,12.969433307647705,(user_latents|item) + (item_latents|constant),1,19589.25390625,30,2953,"ChoiceDataset(num_items=50, num_users=500, num_sessions=10000, label=[], item_index=[10000], user_index=[10000], session_index=[10000], item_availability=[], user_latents=[500, 30], item_latents=[50, 30], device=cuda:0)","3.9.15 (main, Nov 24 2022, 14:31:59) 
[GCC 11.2.0]",2.5.1+cu124,1.0.6,cuda,/home/tianyudu/Development/torch-choice/paper_performance_benchmarks/torch_choice_benchmark_data_totally_synthetic,./benchmark_results_aurora_20250428,all,5,50000,0.03,-1,x86_64,16,NVIDIA GeForce RTX 3090,2025-04-28,num_params_experiment_small
10000,11.490100622177124,(user_latents|item),1,22950.58203125,3,2878,"ChoiceDataset(num_items=50, num_users=500, num_sessions=10000, label=[], item_index=[10000], user_index=[10000], session_index=[10000], item_availability=[], user_latents=[500, 3], item_latents=[50, 3], device=cuda:0)","3.9.15 (main, Nov 24 2022, 14:31:59) 
[GCC 11.2.0]",2.5.1+cu124,1.0.6,cuda,/home/tianyudu/Development/torch-choice/paper_performance_benchmarks/torch_choice_benchmark_data_totally_synthetic,./benchmark_results_aurora_20250428,all,5,50000,0.03,-1,x86_64,16,NVIDIA GeForce RTX 3090,2025-04-28,num_params_experiment_small
10000,12.946628332138062,(user_latents|item),1,21267.703125,5,3228,"ChoiceDataset(num_items=50, num_users=500, num_sessions=10000, label=[], item_index=[10000], user_index=[10000], session_index=[10000], item_availability=[], user_latents=[500, 5], item_latents=[50, 5], device=cuda:0)","3.9.15 (main, Nov 24 2022, 14:31:59) 
[GCC 11.2.0]",2.5.1+cu124,1.0.6,cuda,/home/tianyudu/Development/torch-choice/paper_performance_benchmarks/torch_choice_benchmark_data_totally_synthetic,./benchmark_results_aurora_20250428,all,5,50000,0.03,-1,x86_64,16,NVIDIA GeForce RTX 3090,2025-04-28,num_params_experiment_small
10000,17.16722869873047,(user_latents|item),1,20902.015625,10,4288,"ChoiceDataset(num_items=50, num_users=500, num_sessions=10000, label=[], item_index=[10000], user_index=[10000], session_index=[10000], item_availability=[], user_latents=[500, 10], item_latents=[50, 10], device=cuda:0)","3.9.15 (main, Nov 24 2022, 14:31:59) 
[GCC 11.2.0]",2.5.1+cu124,1.0.6,cuda,/home/tianyudu/Development/torch-choice/paper_performance_benchmarks/torch_choice_benchmark_data_totally_synthetic,./benchmark_results_aurora_20250428,all,5,50000,0.03,-1,x86_64,16,NVIDIA GeForce RTX 3090,2025-04-28,num_params_experiment_small
10000,16.566394567489624,(user_latents|item),1,20410.91015625,15,4048,"ChoiceDataset(num_items=50, num_users=500, num_sessions=10000, label=[], item_index=[10000], user_index=[10000], session_index=[10000], item_availability=[], user_latents=[500, 15], item_latents=[50, 15], device=cuda:0)","3.9.15 (main, Nov 24 2022, 14:31:59) 
[GCC 11.2.0]",2.5.1+cu124,1.0.6,cuda,/home/tianyudu/Development/torch-choice/paper_performance_benchmarks/torch_choice_benchmark_data_totally_synthetic,./benchmark_results_aurora_20250428,all,5,50000,0.03,-1,x86_64,16,NVIDIA GeForce RTX 3090,2025-04-28,num_params_experiment_small
10000,16.854288816452026,(user_latents|item),1,20111.73046875,20,4033,"ChoiceDataset(num_items=50, num_users=500, num_sessions=10000, label=[], item_index=[10000], user_index=[10000], session_index=[10000], item_availability=[], user_latents=[500, 20], item_latents=[50, 20], device=cuda:0)","3.9.15 (main, Nov 24 2022, 14:31:59) 
[GCC 11.2.0]",2.5.1+cu124,1.0.6,cuda,/home/tianyudu/Development/torch-choice/paper_performance_benchmarks/torch_choice_benchmark_data_totally_synthetic,./benchmark_results_aurora_20250428,all,5,50000,0.03,-1,x86_64,16,NVIDIA GeForce RTX 3090,2025-04-28,num_params_experiment_small
10000,15.55575156211853,(user_latents|item),1,19584.400390625,30,3721,"ChoiceDataset(num_items=50, num_users=500, num_sessions=10000, label=[], item_index=[10000], user_index=[10000], session_index=[10000], item_availability=[], user_latents=[500, 30], item_latents=[50, 30], device=cuda:0)","3.9.15 (main, Nov 24 2022, 14:31:59) 
[GCC 11.2.0]",2.5.1+cu124,1.0.6,cuda,/home/tianyudu/Development/torch-choice/paper_performance_benchmarks/torch_choice_benchmark_data_totally_synthetic,./benchmark_results_aurora_20250428,all,5,50000,0.03,-1,x86_64,16,NVIDIA GeForce RTX 3090,2025-04-28,num_params_experiment_small
10000,0.8665337562561035,(item_latents|constant),1,37696.13671875,3,216,"ChoiceDataset(num_items=50, num_users=500, num_sessions=10000, label=[], item_index=[10000], user_index=[10000], session_index=[10000], item_availability=[], user_latents=[500, 3], item_latents=[50, 3], device=cuda:0)","3.9.15 (main, Nov 24 2022, 14:31:59) 
[GCC 11.2.0]",2.5.1+cu124,1.0.6,cuda,/home/tianyudu/Development/torch-choice/paper_performance_benchmarks/torch_choice_benchmark_data_totally_synthetic,./benchmark_results_aurora_20250428,all,5,50000,0.03,-1,x86_64,16,NVIDIA GeForce RTX 3090,2025-04-28,num_params_experiment_small
10000,1.1609201431274414,(item_latents|constant),1,37563.875,5,290,"ChoiceDataset(num_items=50, num_users=500, num_sessions=10000, label=[], item_index=[10000], user_index=[10000], session_index=[10000], item_availability=[], user_latents=[500, 5], item_latents=[50, 5], device=cuda:0)","3.9.15 (main, Nov 24 2022, 14:31:59) 
[GCC 11.2.0]",2.5.1+cu124,1.0.6,cuda,/home/tianyudu/Development/torch-choice/paper_performance_benchmarks/torch_choice_benchmark_data_totally_synthetic,./benchmark_results_aurora_20250428,all,5,50000,0.03,-1,x86_64,16,NVIDIA GeForce RTX 3090,2025-04-28,num_params_experiment_small
10000,7.9891273975372314,(item_latents|constant),1,34160.1640625,10,2008,"ChoiceDataset(num_items=50, num_users=500, num_sessions=10000, label=[], item_index=[10000], user_index=[10000], session_index=[10000], item_availability=[], user_latents=[500, 10], item_latents=[50, 10], device=cuda:0)","3.9.15 (main, Nov 24 2022, 14:31:59) 
[GCC 11.2.0]",2.5.1+cu124,1.0.6,cuda,/home/tianyudu/Development/torch-choice/paper_performance_benchmarks/torch_choice_benchmark_data_totally_synthetic,./benchmark_results_aurora_20250428,all,5,50000,0.03,-1,x86_64,16,NVIDIA GeForce RTX 3090,2025-04-28,num_params_experiment_small
10000,9.291411876678467,(item_latents|constant),1,31058.7421875,15,2321,"ChoiceDataset(num_items=50, num_users=500, num_sessions=10000, label=[], item_index=[10000], user_index=[10000], session_index=[10000], item_availability=[], user_latents=[500, 15], item_latents=[50, 15], device=cuda:0)","3.9.15 (main, Nov 24 2022, 14:31:59) 
[GCC 11.2.0]",2.5.1+cu124,1.0.6,cuda,/home/tianyudu/Development/torch-choice/paper_performance_benchmarks/torch_choice_benchmark_data_totally_synthetic,./benchmark_results_aurora_20250428,all,5,50000,0.03,-1,x86_64,16,NVIDIA GeForce RTX 3090,2025-04-28,num_params_experiment_small
10000,10.731605768203735,(item_latents|constant),1,28268.908203125,20,2673,"ChoiceDataset(num_items=50, num_users=500, num_sessions=10000, label=[], item_index=[10000], user_index=[10000], session_index=[10000], item_availability=[], user_latents=[500, 20], item_latents=[50, 20], device=cuda:0)","3.9.15 (main, Nov 24 2022, 14:31:59) 
[GCC 11.2.0]",2.5.1+cu124,1.0.6,cuda,/home/tianyudu/Development/torch-choice/paper_performance_benchmarks/torch_choice_benchmark_data_totally_synthetic,./benchmark_results_aurora_20250428,all,5,50000,0.03,-1,x86_64,16,NVIDIA GeForce RTX 3090,2025-04-28,num_params_experiment_small
10000,8.95115613937378,(item_latents|constant),1,27541.82421875,30,2178,"ChoiceDataset(num_items=50, num_users=500, num_sessions=10000, label=[], item_index=[10000], user_index=[10000], session_index=[10000], item_availability=[], user_latents=[500, 30], item_latents=[50, 30], device=cuda:0)","3.9.15 (main, Nov 24 2022, 14:31:59) 
[GCC 11.2.0]",2.5.1+cu124,1.0.6,cuda,/home/tianyudu/Development/torch-choice/paper_performance_benchmarks/torch_choice_benchmark_data_totally_synthetic,./benchmark_results_aurora_20250428,all,5,50000,0.03,-1,x86_64,16,NVIDIA GeForce RTX 3090,2025-04-28,num_params_experiment_small
10000,9.139912128448486,(user_latents|item) + (item_latents|constant),2,22871.8984375,3,2211,"ChoiceDataset(num_items=50, num_users=500, num_sessions=10000, label=[], item_index=[10000], user_index=[10000], session_index=[10000], item_availability=[], user_latents=[500, 3], item_latents=[50, 3], device=cuda:0)","3.9.15 (main, Nov 24 2022, 14:31:59) 
[GCC 11.2.0]",2.5.1+cu124,1.0.6,cuda,/home/tianyudu/Development/torch-choice/paper_performance_benchmarks/torch_choice_benchmark_data_totally_synthetic,./benchmark_results_aurora_20250428,all,5,50000,0.03,-1,x86_64,16,NVIDIA GeForce RTX 3090,2025-04-28,num_params_experiment_small
10000,6.465082168579102,(user_latents|item) + (item_latents|constant),2,21228.9609375,5,1562,"ChoiceDataset(num_items=50, num_users=500, num_sessions=10000, label=[], item_index=[10000], user_index=[10000], session_index=[10000], item_availability=[], user_latents=[500, 5], item_latents=[50, 5], device=cuda:0)","3.9.15 (main, Nov 24 2022, 14:31:59) 
[GCC 11.2.0]",2.5.1+cu124,1.0.6,cuda,/home/tianyudu/Development/torch-choice/paper_performance_benchmarks/torch_choice_benchmark_data_totally_synthetic,./benchmark_results_aurora_20250428,all,5,50000,0.03,-1,x86_64,16,NVIDIA GeForce RTX 3090,2025-04-28,num_params_experiment_small
10000,15.510218620300293,(user_latents|item) + (item_latents|constant),2,20837.5546875,10,3789,"ChoiceDataset(num_items=50, num_users=500, num_sessions=10000, label=[], item_index=[10000], user_index=[10000], session_index=[10000], item_availability=[], user_latents=[500, 10], item_latents=[50, 10], device=cuda:0)","3.9.15 (main, Nov 24 2022, 14:31:59) 
[GCC 11.2.0]",2.5.1+cu124,1.0.6,cuda,/home/tianyudu/Development/torch-choice/paper_performance_benchmarks/torch_choice_benchmark_data_totally_synthetic,./benchmark_results_aurora_20250428,all,5,50000,0.03,-1,x86_64,16,NVIDIA GeForce RTX 3090,2025-04-28,num_params_experiment_small
10000,15.713749647140503,(user_latents|item) + (item_latents|constant),2,20385.650390625,15,3726,"ChoiceDataset(num_items=50, num_users=500, num_sessions=10000, label=[], item_index=[10000], user_index=[10000], session_index=[10000], item_availability=[], user_latents=[500, 15], item_latents=[50, 15], device=cuda:0)","3.9.15 (main, Nov 24 2022, 14:31:59) 
[GCC 11.2.0]",2.5.1+cu124,1.0.6,cuda,/home/tianyudu/Development/torch-choice/paper_performance_benchmarks/torch_choice_benchmark_data_totally_synthetic,./benchmark_results_aurora_20250428,all,5,50000,0.03,-1,x86_64,16,NVIDIA GeForce RTX 3090,2025-04-28,num_params_experiment_small
10000,16.918478965759277,(user_latents|item) + (item_latents|constant),2,20095.27734375,20,3928,"ChoiceDataset(num_items=50, num_users=500, num_sessions=10000, label=[], item_index=[10000], user_index=[10000], session_index=[10000], item_availability=[], user_latents=[500, 20], item_latents=[50, 20], device=cuda:0)","3.9.15 (main, Nov 24 2022, 14:31:59) 
[GCC 11.2.0]",2.5.1+cu124,1.0.6,cuda,/home/tianyudu/Development/torch-choice/paper_performance_benchmarks/torch_choice_benchmark_data_totally_synthetic,./benchmark_results_aurora_20250428,all,5,50000,0.03,-1,x86_64,16,NVIDIA GeForce RTX 3090,2025-04-28,num_params_experiment_small
10000,9.717214584350586,(user_latents|item) + (item_latents|constant),2,19607.10546875,30,2201,"ChoiceDataset(num_items=50, num_users=500, num_sessions=10000, label=[], item_index=[10000], user_index=[10000], session_index=[10000], item_availability=[], user_latents=[500, 30], item_latents=[50, 30], device=cuda:0)","3.9.15 (main, Nov 24 2022, 14:31:59) 
[GCC 11.2.0]",2.5.1+cu124,1.0.6,cuda,/home/tianyudu/Development/torch-choice/paper_performance_benchmarks/torch_choice_benchmark_data_totally_synthetic,./benchmark_results_aurora_20250428,all,5,50000,0.03,-1,x86_64,16,NVIDIA GeForce RTX 3090,2025-04-28,num_params_experiment_small
10000,10.090408563613892,(user_latents|item),2,22950.578125,3,2514,"ChoiceDataset(num_items=50, num_users=500, num_sessions=10000, label=[], item_index=[10000], user_index=[10000], session_index=[10000], item_availability=[], user_latents=[500, 3], item_latents=[50, 3], device=cuda:0)","3.9.15 (main, Nov 24 2022, 14:31:59) 
[GCC 11.2.0]",2.5.1+cu124,1.0.6,cuda,/home/tianyudu/Development/torch-choice/paper_performance_benchmarks/torch_choice_benchmark_data_totally_synthetic,./benchmark_results_aurora_20250428,all,5,50000,0.03,-1,x86_64,16,NVIDIA GeForce RTX 3090,2025-04-28,num_params_experiment_small
10000,7.820667743682861,(user_latents|item),2,21267.7109375,5,1931,"ChoiceDataset(num_items=50, num_users=500, num_sessions=10000, label=[], item_index=[10000], user_index=[10000], session_index=[10000], item_availability=[], user_latents=[500, 5], item_latents=[50, 5], device=cuda:0)","3.9.15 (main, Nov 24 2022, 14:31:59) 
[GCC 11.2.0]",2.5.1+cu124,1.0.6,cuda,/home/tianyudu/Development/torch-choice/paper_performance_benchmarks/torch_choice_benchmark_data_totally_synthetic,./benchmark_results_aurora_20250428,all,5,50000,0.03,-1,x86_64,16,NVIDIA GeForce RTX 3090,2025-04-28,num_params_experiment_small
10000,16.593804359436035,(user_latents|item),2,20902.09375,10,4076,"ChoiceDataset(num_items=50, num_users=500, num_sessions=10000, label=[], item_index=[10000], user_index=[10000], session_index=[10000], item_availability=[], user_latents=[500, 10], item_latents=[50, 10], device=cuda:0)","3.9.15 (main, Nov 24 2022, 14:31:59) 
[GCC 11.2.0]",2.5.1+cu124,1.0.6,cuda,/home/tianyudu/Development/torch-choice/paper_performance_benchmarks/torch_choice_benchmark_data_totally_synthetic,./benchmark_results_aurora_20250428,all,5,50000,0.03,-1,x86_64,16,NVIDIA GeForce RTX 3090,2025-04-28,num_params_experiment_small
10000,16.05486512184143,(user_latents|item),2,20410.693359375,15,3945,"ChoiceDataset(num_items=50, num_users=500, num_sessions=10000, label=[], item_index=[10000], user_index=[10000], session_index=[10000], item_availability=[], user_latents=[500, 15], item_latents=[50, 15], device=cuda:0)","3.9.15 (main, Nov 24 2022, 14:31:59) 
[GCC 11.2.0]",2.5.1+cu124,1.0.6,cuda,/home/tianyudu/Development/torch-choice/paper_performance_benchmarks/torch_choice_benchmark_data_totally_synthetic,./benchmark_results_aurora_20250428,all,5,50000,0.03,-1,x86_64,16,NVIDIA GeForce RTX 3090,2025-04-28,num_params_experiment_small
10000,16.178979635238647,(user_latents|item),2,20110.39453125,20,3890,"ChoiceDataset(num_items=50, num_users=500, num_sessions=10000, label=[], item_index=[10000], user_index=[10000], session_index=[10000], item_availability=[], user_latents=[500, 20], item_latents=[50, 20], device=cuda:0)","3.9.15 (main, Nov 24 2022, 14:31:59) 
[GCC 11.2.0]",2.5.1+cu124,1.0.6,cuda,/home/tianyudu/Development/torch-choice/paper_performance_benchmarks/torch_choice_benchmark_data_totally_synthetic,./benchmark_results_aurora_20250428,all,5,50000,0.03,-1,x86_64,16,NVIDIA GeForce RTX 3090,2025-04-28,num_params_experiment_small
10000,13.821752548217773,(user_latents|item),2,19584.962890625,30,3299,"ChoiceDataset(num_items=50, num_users=500, num_sessions=10000, label=[], item_index=[10000], user_index=[10000], session_index=[10000], item_availability=[], user_latents=[500, 30], item_latents=[50, 30], device=cuda:0)","3.9.15 (main, Nov 24 2022, 14:31:59) 
[GCC 11.2.0]",2.5.1+cu124,1.0.6,cuda,/home/tianyudu/Development/torch-choice/paper_performance_benchmarks/torch_choice_benchmark_data_totally_synthetic,./benchmark_results_aurora_20250428,all,5,50000,0.03,-1,x86_64,16,NVIDIA GeForce RTX 3090,2025-04-28,num_params_experiment_small
10000,0.8370888233184814,(item_latents|constant),2,37696.13671875,3,209,"ChoiceDataset(num_items=50, num_users=500, num_sessions=10000, label=[], item_index=[10000], user_index=[10000], session_index=[10000], item_availability=[], user_latents=[500, 3], item_latents=[50, 3], device=cuda:0)","3.9.15 (main, Nov 24 2022, 14:31:59) 
[GCC 11.2.0]",2.5.1+cu124,1.0.6,cuda,/home/tianyudu/Development/torch-choice/paper_performance_benchmarks/torch_choice_benchmark_data_totally_synthetic,./benchmark_results_aurora_20250428,all,5,50000,0.03,-1,x86_64,16,NVIDIA GeForce RTX 3090,2025-04-28,num_params_experiment_small
10000,3.11222505569458,(item_latents|constant),2,37563.875,5,778,"ChoiceDataset(num_items=50, num_users=500, num_sessions=10000, label=[], item_index=[10000], user_index=[10000], session_index=[10000], item_availability=[], user_latents=[500, 5], item_latents=[50, 5], device=cuda:0)","3.9.15 (main, Nov 24 2022, 14:31:59) 
[GCC 11.2.0]",2.5.1+cu124,1.0.6,cuda,/home/tianyudu/Development/torch-choice/paper_performance_benchmarks/torch_choice_benchmark_data_totally_synthetic,./benchmark_results_aurora_20250428,all,5,50000,0.03,-1,x86_64,16,NVIDIA GeForce RTX 3090,2025-04-28,num_params_experiment_small
10000,6.60306191444397,(item_latents|constant),2,34160.1640625,10,1648,"ChoiceDataset(num_items=50, num_users=500, num_sessions=10000, label=[], item_index=[10000], user_index=[10000], session_index=[10000], item_availability=[], user_latents=[500, 10], item_latents=[50, 10], device=cuda:0)","3.9.15 (main, Nov 24 2022, 14:31:59) 
[GCC 11.2.0]",2.5.1+cu124,1.0.6,cuda,/home/tianyudu/Development/torch-choice/paper_performance_benchmarks/torch_choice_benchmark_data_totally_synthetic,./benchmark_results_aurora_20250428,all,5,50000,0.03,-1,x86_64,16,NVIDIA GeForce RTX 3090,2025-04-28,num_params_experiment_small
10000,14.22744345664978,(item_latents|constant),2,31058.73828125,15,3553,"ChoiceDataset(num_items=50, num_users=500, num_sessions=10000, label=[], item_index=[10000], user_index=[10000], session_index=[10000], item_availability=[], user_latents=[500, 15], item_latents=[50, 15], device=cuda:0)","3.9.15 (main, Nov 24 2022, 14:31:59) 
[GCC 11.2.0]",2.5.1+cu124,1.0.6,cuda,/home/tianyudu/Development/torch-choice/paper_performance_benchmarks/torch_choice_benchmark_data_totally_synthetic,./benchmark_results_aurora_20250428,all,5,50000,0.03,-1,x86_64,16,NVIDIA GeForce RTX 3090,2025-04-28,num_params_experiment_small
10000,8.877682447433472,(item_latents|constant),2,28268.91015625,20,2215,"ChoiceDataset(num_items=50, num_users=500, num_sessions=10000, label=[], item_index=[10000], user_index=[10000], session_index=[10000], item_availability=[], user_latents=[500, 20], item_latents=[50, 20], device=cuda:0)","3.9.15 (main, Nov 24 2022, 14:31:59) 
[GCC 11.2.0]",2.5.1+cu124,1.0.6,cuda,/home/tianyudu/Development/torch-choice/paper_performance_benchmarks/torch_choice_benchmark_data_totally_synthetic,./benchmark_results_aurora_20250428,all,5,50000,0.03,-1,x86_64,16,NVIDIA GeForce RTX 3090,2025-04-28,num_params_experiment_small
10000,14.267537593841553,(item_latents|constant),2,27541.92578125,30,3504,"ChoiceDataset(num_items=50, num_users=500, num_sessions=10000, label=[], item_index=[10000], user_index=[10000], session_index=[10000], item_availability=[], user_latents=[500, 30], item_latents=[50, 30], device=cuda:0)","3.9.15 (main, Nov 24 2022, 14:31:59) 
[GCC 11.2.0]",2.5.1+cu124,1.0.6,cuda,/home/tianyudu/Development/torch-choice/paper_performance_benchmarks/torch_choice_benchmark_data_totally_synthetic,./benchmark_results_aurora_20250428,all,5,50000,0.03,-1,x86_64,16,NVIDIA GeForce RTX 3090,2025-04-28,num_params_experiment_small
10000,8.962789535522461,(user_latents|item) + (item_latents|constant),3,22871.90234375,3,2160,"ChoiceDataset(num_items=50, num_users=500, num_sessions=10000, label=[], item_index=[10000], user_index=[10000], session_index=[10000], item_availability=[], user_latents=[500, 3], item_latents=[50, 3], device=cuda:0)","3.9.15 (main, Nov 24 2022, 14:31:59) 
[GCC 11.2.0]",2.5.1+cu124,1.0.6,cuda,/home/tianyudu/Development/torch-choice/paper_performance_benchmarks/torch_choice_benchmark_data_totally_synthetic,./benchmark_results_aurora_20250428,all,5,50000,0.03,-1,x86_64,16,NVIDIA GeForce RTX 3090,2025-04-28,num_params_experiment_small
10000,13.593698024749756,(user_latents|item) + (item_latents|constant),3,21228.93359375,5,3327,"ChoiceDataset(num_items=50, num_users=500, num_sessions=10000, label=[], item_index=[10000], user_index=[10000], session_index=[10000], item_availability=[], user_latents=[500, 5], item_latents=[50, 5], device=cuda:0)","3.9.15 (main, Nov 24 2022, 14:31:59) 
[GCC 11.2.0]",2.5.1+cu124,1.0.6,cuda,/home/tianyudu/Development/torch-choice/paper_performance_benchmarks/torch_choice_benchmark_data_totally_synthetic,./benchmark_results_aurora_20250428,all,5,50000,0.03,-1,x86_64,16,NVIDIA GeForce RTX 3090,2025-04-28,num_params_experiment_small
10000,18.622685194015503,(user_latents|item) + (item_latents|constant),3,20837.083984375,10,4497,"ChoiceDataset(num_items=50, num_users=500, num_sessions=10000, label=[], item_index=[10000], user_index=[10000], session_index=[10000], item_availability=[], user_latents=[500, 10], item_latents=[50, 10], device=cuda:0)","3.9.15 (main, Nov 24 2022, 14:31:59) 
[GCC 11.2.0]",2.5.1+cu124,1.0.6,cuda,/home/tianyudu/Development/torch-choice/paper_performance_benchmarks/torch_choice_benchmark_data_totally_synthetic,./benchmark_results_aurora_20250428,all,5,50000,0.03,-1,x86_64,16,NVIDIA GeForce RTX 3090,2025-04-28,num_params_experiment_small
10000,17.91987156867981,(user_latents|item) + (item_latents|constant),3,20388.794921875,15,4317,"ChoiceDataset(num_items=50, num_users=500, num_sessions=10000, label=[], item_index=[10000], user_index=[10000], session_index=[10000], item_availability=[], user_latents=[500, 15], item_latents=[50, 15], device=cuda:0)","3.9.15 (main, Nov 24 2022, 14:31:59) 
[GCC 11.2.0]",2.5.1+cu124,1.0.6,cuda,/home/tianyudu/Development/torch-choice/paper_performance_benchmarks/torch_choice_benchmark_data_totally_synthetic,./benchmark_results_aurora_20250428,all,5,50000,0.03,-1,x86_64,16,NVIDIA GeForce RTX 3090,2025-04-28,num_params_experiment_small
10000,14.689312934875488,(user_latents|item) + (item_latents|constant),3,20095.515625,20,3497,"ChoiceDataset(num_items=50, num_users=500, num_sessions=10000, label=[], item_index=[10000], user_index=[10000], session_index=[10000], item_availability=[], user_latents=[500, 20], item_latents=[50, 20], device=cuda:0)","3.9.15 (main, Nov 24 2022, 14:31:59) 
[GCC 11.2.0]",2.5.1+cu124,1.0.6,cuda,/home/tianyudu/Development/torch-choice/paper_performance_benchmarks/torch_choice_benchmark_data_totally_synthetic,./benchmark_results_aurora_20250428,all,5,50000,0.03,-1,x86_64,16,NVIDIA GeForce RTX 3090,2025-04-28,num_params_experiment_small
10000,14.960780143737793,(user_latents|item) + (item_latents|constant),3,19587.36328125,30,3423,"ChoiceDataset(num_items=50, num_users=500, num_sessions=10000, label=[], item_index=[10000], user_index=[10000], session_index=[10000], item_availability=[], user_latents=[500, 30], item_latents=[50, 30], device=cuda:0)","3.9.15 (main, Nov 24 2022, 14:31:59) 
[GCC 11.2.0]",2.5.1+cu124,1.0.6,cuda,/home/tianyudu/Development/torch-choice/paper_performance_benchmarks/torch_choice_benchmark_data_totally_synthetic,./benchmark_results_aurora_20250428,all,5,50000,0.03,-1,x86_64,16,NVIDIA GeForce RTX 3090,2025-04-28,num_params_experiment_small
10000,9.077351808547974,(user_latents|item),3,22950.5859375,3,2250,"ChoiceDataset(num_items=50, num_users=500, num_sessions=10000, label=[], item_index=[10000], user_index=[10000], session_index=[10000], item_availability=[], user_latents=[500, 3], item_latents=[50, 3], device=cuda:0)","3.9.15 (main, Nov 24 2022, 14:31:59) 
[GCC 11.2.0]",2.5.1+cu124,1.0.6,cuda,/home/tianyudu/Development/torch-choice/paper_performance_benchmarks/torch_choice_benchmark_data_totally_synthetic,./benchmark_results_aurora_20250428,all,5,50000,0.03,-1,x86_64,16,NVIDIA GeForce RTX 3090,2025-04-28,num_params_experiment_small
10000,13.044747829437256,(user_latents|item),3,21267.70703125,5,3255,"ChoiceDataset(num_items=50, num_users=500, num_sessions=10000, label=[], item_index=[10000], user_index=[10000], session_index=[10000], item_availability=[], user_latents=[500, 5], item_latents=[50, 5], device=cuda:0)","3.9.15 (main, Nov 24 2022, 14:31:59) 
[GCC 11.2.0]",2.5.1+cu124,1.0.6,cuda,/home/tianyudu/Development/torch-choice/paper_performance_benchmarks/torch_choice_benchmark_data_totally_synthetic,./benchmark_results_aurora_20250428,all,5,50000,0.03,-1,x86_64,16,NVIDIA GeForce RTX 3090,2025-04-28,num_params_experiment_small
10000,17.60484552383423,(user_latents|item),3,20901.939453125,10,4384,"ChoiceDataset(num_items=50, num_users=500, num_sessions=10000, label=[], item_index=[10000], user_index=[10000], session_index=[10000], item_availability=[], user_latents=[500, 10], item_latents=[50, 10], device=cuda:0)","3.9.15 (main, Nov 24 2022, 14:31:59) 
[GCC 11.2.0]",2.5.1+cu124,1.0.6,cuda,/home/tianyudu/Development/torch-choice/paper_performance_benchmarks/torch_choice_benchmark_data_totally_synthetic,./benchmark_results_aurora_20250428,all,5,50000,0.03,-1,x86_64,16,NVIDIA GeForce RTX 3090,2025-04-28,num_params_experiment_small
10000,17.69936966896057,(user_latents|item),3,20411.1953125,15,4332,"ChoiceDataset(num_items=50, num_users=500, num_sessions=10000, label=[], item_index=[10000], user_index=[10000], session_index=[10000], item_availability=[], user_latents=[500, 15], item_latents=[50, 15], device=cuda:0)","3.9.15 (main, Nov 24 2022, 14:31:59) 
[GCC 11.2.0]",2.5.1+cu124,1.0.6,cuda,/home/tianyudu/Development/torch-choice/paper_performance_benchmarks/torch_choice_benchmark_data_totally_synthetic,./benchmark_results_aurora_20250428,all,5,50000,0.03,-1,x86_64,16,NVIDIA GeForce RTX 3090,2025-04-28,num_params_experiment_small
10000,12.621010065078735,(user_latents|item),3,20111.74609375,20,3058,"ChoiceDataset(num_items=50, num_users=500, num_sessions=10000, label=[], item_index=[10000], user_index=[10000], session_index=[10000], item_availability=[], user_latents=[500, 20], item_latents=[50, 20], device=cuda:0)","3.9.15 (main, Nov 24 2022, 14:31:59) 
[GCC 11.2.0]",2.5.1+cu124,1.0.6,cuda,/home/tianyudu/Development/torch-choice/paper_performance_benchmarks/torch_choice_benchmark_data_totally_synthetic,./benchmark_results_aurora_20250428,all,5,50000,0.03,-1,x86_64,16,NVIDIA GeForce RTX 3090,2025-04-28,num_params_experiment_small
10000,15.016452074050903,(user_latents|item),3,19585.55859375,30,3603,"ChoiceDataset(num_items=50, num_users=500, num_sessions=10000, label=[], item_index=[10000], user_index=[10000], session_index=[10000], item_availability=[], user_latents=[500, 30], item_latents=[50, 30], device=cuda:0)","3.9.15 (main, Nov 24 2022, 14:31:59) 
[GCC 11.2.0]",2.5.1+cu124,1.0.6,cuda,/home/tianyudu/Development/torch-choice/paper_performance_benchmarks/torch_choice_benchmark_data_totally_synthetic,./benchmark_results_aurora_20250428,all,5,50000,0.03,-1,x86_64,16,NVIDIA GeForce RTX 3090,2025-04-28,num_params_experiment_small
10000,0.8085708618164062,(item_latents|constant),3,37696.13671875,3,202,"ChoiceDataset(num_items=50, num_users=500, num_sessions=10000, label=[], item_index=[10000], user_index=[10000], session_index=[10000], item_availability=[], user_latents=[500, 3], item_latents=[50, 3], device=cuda:0)","3.9.15 (main, Nov 24 2022, 14:31:59) 
[GCC 11.2.0]",2.5.1+cu124,1.0.6,cuda,/home/tianyudu/Development/torch-choice/paper_performance_benchmarks/torch_choice_benchmark_data_totally_synthetic,./benchmark_results_aurora_20250428,all,5,50000,0.03,-1,x86_64,16,NVIDIA GeForce RTX 3090,2025-04-28,num_params_experiment_small
10000,1.8500235080718994,(item_latents|constant),3,37563.875,5,462,"ChoiceDataset(num_items=50, num_users=500, num_sessions=10000, label=[], item_index=[10000], user_index=[10000], session_index=[10000], item_availability=[], user_latents=[500, 5], item_latents=[50, 5], device=cuda:0)","3.9.15 (main, Nov 24 2022, 14:31:59) 
[GCC 11.2.0]",2.5.1+cu124,1.0.6,cuda,/home/tianyudu/Development/torch-choice/paper_performance_benchmarks/torch_choice_benchmark_data_totally_synthetic,./benchmark_results_aurora_20250428,all,5,50000,0.03,-1,x86_64,16,NVIDIA GeForce RTX 3090,2025-04-28,num_params_experiment_small
10000,5.613772630691528,(item_latents|constant),3,34160.1640625,10,1403,"ChoiceDataset(num_items=50, num_users=500, num_sessions=10000, label=[], item_index=[10000], user_index=[10000], session_index=[10000], item_availability=[], user_latents=[500, 10], item_latents=[50, 10], device=cuda:0)","3.9.15 (main, Nov 24 2022, 14:31:59) 
[GCC 11.2.0]",2.5.1+cu124,1.0.6,cuda,/home/tianyudu/Development/torch-choice/paper_performance_benchmarks/torch_choice_benchmark_data_totally_synthetic,./benchmark_results_aurora_20250428,all,5,50000,0.03,-1,x86_64,16,NVIDIA GeForce RTX 3090,2025-04-28,num_params_experiment_small
10000,9.860579252243042,(item_latents|constant),3,31058.7421875,15,2463,"ChoiceDataset(num_items=50, num_users=500, num_sessions=10000, label=[], item_index=[10000], user_index=[10000], session_index=[10000], item_availability=[], user_latents=[500, 15], item_latents=[50, 15], device=cuda:0)","3.9.15 (main, Nov 24 2022, 14:31:59) 
[GCC 11.2.0]",2.5.1+cu124,1.0.6,cuda,/home/tianyudu/Development/torch-choice/paper_performance_benchmarks/torch_choice_benchmark_data_totally_synthetic,./benchmark_results_aurora_20250428,all,5,50000,0.03,-1,x86_64,16,NVIDIA GeForce RTX 3090,2025-04-28,num_params_experiment_small
10000,8.778367280960083,(item_latents|constant),3,28268.9140625,20,2210,"ChoiceDataset(num_items=50, num_users=500, num_sessions=10000, label=[], item_index=[10000], user_index=[10000], session_index=[10000], item_availability=[], user_latents=[500, 20], item_latents=[50, 20], device=cuda:0)","3.9.15 (main, Nov 24 2022, 14:31:59) 
[GCC 11.2.0]",2.5.1+cu124,1.0.6,cuda,/home/tianyudu/Development/torch-choice/paper_performance_benchmarks/torch_choice_benchmark_data_totally_synthetic,./benchmark_results_aurora_20250428,all,5,50000,0.03,-1,x86_64,16,NVIDIA GeForce RTX 3090,2025-04-28,num_params_experiment_small
10000,9.733535289764404,(item_latents|constant),3,27541.81640625,30,2441,"ChoiceDataset(num_items=50, num_users=500, num_sessions=10000, label=[], item_index=[10000], user_index=[10000], session_index=[10000], item_availability=[], user_latents=[500, 30], item_latents=[50, 30], device=cuda:0)","3.9.15 (main, Nov 24 2022, 14:31:59) 
[GCC 11.2.0]",2.5.1+cu124,1.0.6,cuda,/home/tianyudu/Development/torch-choice/paper_performance_benchmarks/torch_choice_benchmark_data_totally_synthetic,./benchmark_results_aurora_20250428,all,5,50000,0.03,-1,x86_64,16,NVIDIA GeForce RTX 3090,2025-04-28,num_params_experiment_small
10000,10.737831354141235,(user_latents|item) + (item_latents|constant),4,22871.89453125,3,2647,"ChoiceDataset(num_items=50, num_users=500, num_sessions=10000, label=[], item_index=[10000], user_index=[10000], session_index=[10000], item_availability=[], user_latents=[500, 3], item_latents=[50, 3], device=cuda:0)","3.9.15 (main, Nov 24 2022, 14:31:59) 
[GCC 11.2.0]",2.5.1+cu124,1.0.6,cuda,/home/tianyudu/Development/torch-choice/paper_performance_benchmarks/torch_choice_benchmark_data_totally_synthetic,./benchmark_results_aurora_20250428,all,5,50000,0.03,-1,x86_64,16,NVIDIA GeForce RTX 3090,2025-04-28,num_params_experiment_small
10000,16.39498281478882,(user_latents|item) + (item_latents|constant),4,21228.9296875,5,3968,"ChoiceDataset(num_items=50, num_users=500, num_sessions=10000, label=[], item_index=[10000], user_index=[10000], session_index=[10000], item_availability=[], user_latents=[500, 5], item_latents=[50, 5], device=cuda:0)","3.9.15 (main, Nov 24 2022, 14:31:59) 
[GCC 11.2.0]",2.5.1+cu124,1.0.6,cuda,/home/tianyudu/Development/torch-choice/paper_performance_benchmarks/torch_choice_benchmark_data_totally_synthetic,./benchmark_results_aurora_20250428,all,5,50000,0.03,-1,x86_64,16,NVIDIA GeForce RTX 3090,2025-04-28,num_params_experiment_small
10000,17.9428448677063,(user_latents|item) + (item_latents|constant),4,20837.091796875,10,4297,"ChoiceDataset(num_items=50, num_users=500, num_sessions=10000, label=[], item_index=[10000], user_index=[10000], session_index=[10000], item_availability=[], user_latents=[500, 10], item_latents=[50, 10], device=cuda:0)","3.9.15 (main, Nov 24 2022, 14:31:59) 
[GCC 11.2.0]",2.5.1+cu124,1.0.6,cuda,/home/tianyudu/Development/torch-choice/paper_performance_benchmarks/torch_choice_benchmark_data_totally_synthetic,./benchmark_results_aurora_20250428,all,5,50000,0.03,-1,x86_64,16,NVIDIA GeForce RTX 3090,2025-04-28,num_params_experiment_small
10000,22.126348733901978,(user_latents|item) + (item_latents|constant),4,20392.26953125,15,5240,"ChoiceDataset(num_items=50, num_users=500, num_sessions=10000, label=[], item_index=[10000], user_index=[10000], session_index=[10000], item_availability=[], user_latents=[500, 15], item_latents=[50, 15], device=cuda:0)","3.9.15 (main, Nov 24 2022, 14:31:59) 
[GCC 11.2.0]",2.5.1+cu124,1.0.6,cuda,/home/tianyudu/Development/torch-choice/paper_performance_benchmarks/torch_choice_benchmark_data_totally_synthetic,./benchmark_results_aurora_20250428,all,5,50000,0.03,-1,x86_64,16,NVIDIA GeForce RTX 3090,2025-04-28,num_params_experiment_small
10000,17.370633363723755,(user_latents|item) + (item_latents|constant),4,20094.921875,20,4028,"ChoiceDataset(num_items=50, num_users=500, num_sessions=10000, label=[], item_index=[10000], user_index=[10000], session_index=[10000], item_availability=[], user_latents=[500, 20], item_latents=[50, 20], device=cuda:0)","3.9.15 (main, Nov 24 2022, 14:31:59) 
[GCC 11.2.0]",2.5.1+cu124,1.0.6,cuda,/home/tianyudu/Development/torch-choice/paper_performance_benchmarks/torch_choice_benchmark_data_totally_synthetic,./benchmark_results_aurora_20250428,all,5,50000,0.03,-1,x86_64,16,NVIDIA GeForce RTX 3090,2025-04-28,num_params_experiment_small
10000,12.547607183456421,(user_latents|item) + (item_latents|constant),4,19590.375,30,2862,"ChoiceDataset(num_items=50, num_users=500, num_sessions=10000, label=[], item_index=[10000], user_index=[10000], session_index=[10000], item_availability=[], user_latents=[500, 30], item_latents=[50, 30], device=cuda:0)","3.9.15 (main, Nov 24 2022, 14:31:59) 
[GCC 11.2.0]",2.5.1+cu124,1.0.6,cuda,/home/tianyudu/Development/torch-choice/paper_performance_benchmarks/torch_choice_benchmark_data_totally_synthetic,./benchmark_results_aurora_20250428,all,5,50000,0.03,-1,x86_64,16,NVIDIA GeForce RTX 3090,2025-04-28,num_params_experiment_small
10000,10.318660736083984,(user_latents|item),4,22950.58984375,3,2574,"ChoiceDataset(num_items=50, num_users=500, num_sessions=10000, label=[], item_index=[10000], user_index=[10000], session_index=[10000], item_availability=[], user_latents=[500, 3], item_latents=[50, 3], device=cuda:0)","3.9.15 (main, Nov 24 2022, 14:31:59) 
[GCC 11.2.0]",2.5.1+cu124,1.0.6,cuda,/home/tianyudu/Development/torch-choice/paper_performance_benchmarks/torch_choice_benchmark_data_totally_synthetic,./benchmark_results_aurora_20250428,all,5,50000,0.03,-1,x86_64,16,NVIDIA GeForce RTX 3090,2025-04-28,num_params_experiment_small
10000,13.995809555053711,(user_latents|item),4,21267.70703125,5,3545,"ChoiceDataset(num_items=50, num_users=500, num_sessions=10000, label=[], item_index=[10000], user_index=[10000], session_index=[10000], item_availability=[], user_latents=[500, 5], item_latents=[50, 5], device=cuda:0)","3.9.15 (main, Nov 24 2022, 14:31:59) 
[GCC 11.2.0]",2.5.1+cu124,1.0.6,cuda,/home/tianyudu/Development/torch-choice/paper_performance_benchmarks/torch_choice_benchmark_data_totally_synthetic,./benchmark_results_aurora_20250428,all,5,50000,0.03,-1,x86_64,16,NVIDIA GeForce RTX 3090,2025-04-28,num_params_experiment_small
10000,15.526491165161133,(user_latents|item),4,20902.0234375,10,3840,"ChoiceDataset(num_items=50, num_users=500, num_sessions=10000, label=[], item_index=[10000], user_index=[10000], session_index=[10000], item_availability=[], user_latents=[500, 10], item_latents=[50, 10], device=cuda:0)","3.9.15 (main, Nov 24 2022, 14:31:59) 
[GCC 11.2.0]",2.5.1+cu124,1.0.6,cuda,/home/tianyudu/Development/torch-choice/paper_performance_benchmarks/torch_choice_benchmark_data_totally_synthetic,./benchmark_results_aurora_20250428,all,5,50000,0.03,-1,x86_64,16,NVIDIA GeForce RTX 3090,2025-04-28,num_params_experiment_small
10000,18.05006170272827,(user_latents|item),4,20410.73828125,15,4413,"ChoiceDataset(num_items=50, num_users=500, num_sessions=10000, label=[], item_index=[10000], user_index=[10000], session_index=[10000], item_availability=[], user_latents=[500, 15], item_latents=[50, 15], device=cuda:0)","3.9.15 (main, Nov 24 2022, 14:31:59) 
[GCC 11.2.0]",2.5.1+cu124,1.0.6,cuda,/home/tianyudu/Development/torch-choice/paper_performance_benchmarks/torch_choice_benchmark_data_totally_synthetic,./benchmark_results_aurora_20250428,all,5,50000,0.03,-1,x86_64,16,NVIDIA GeForce RTX 3090,2025-04-28,num_params_experiment_small
10000,16.543583631515503,(user_latents|item),4,20110.953125,20,3970,"ChoiceDataset(num_items=50, num_users=500, num_sessions=10000, label=[], item_index=[10000], user_index=[10000], session_index=[10000], item_availability=[], user_latents=[500, 20], item_latents=[50, 20], device=cuda:0)","3.9.15 (main, Nov 24 2022, 14:31:59) 
[GCC 11.2.0]",2.5.1+cu124,1.0.6,cuda,/home/tianyudu/Development/torch-choice/paper_performance_benchmarks/torch_choice_benchmark_data_totally_synthetic,./benchmark_results_aurora_20250428,all,5,50000,0.03,-1,x86_64,16,NVIDIA GeForce RTX 3090,2025-04-28,num_params_experiment_small
10000,15.188197135925293,(user_latents|item),4,19584.271484375,30,3624,"ChoiceDataset(num_items=50, num_users=500, num_sessions=10000, label=[], item_index=[10000], user_index=[10000], session_index=[10000], item_availability=[], user_latents=[500, 30], item_latents=[50, 30], device=cuda:0)","3.9.15 (main, Nov 24 2022, 14:31:59) 
[GCC 11.2.0]",2.5.1+cu124,1.0.6,cuda,/home/tianyudu/Development/torch-choice/paper_performance_benchmarks/torch_choice_benchmark_data_totally_synthetic,./benchmark_results_aurora_20250428,all,5,50000,0.03,-1,x86_64,16,NVIDIA GeForce RTX 3090,2025-04-28,num_params_experiment_small
10000,1.4487800598144531,(item_latents|constant),4,37696.13671875,3,362,"ChoiceDataset(num_items=50, num_users=500, num_sessions=10000, label=[], item_index=[10000], user_index=[10000], session_index=[10000], item_availability=[], user_latents=[500, 3], item_latents=[50, 3], device=cuda:0)","3.9.15 (main, Nov 24 2022, 14:31:59) 
[GCC 11.2.0]",2.5.1+cu124,1.0.6,cuda,/home/tianyudu/Development/torch-choice/paper_performance_benchmarks/torch_choice_benchmark_data_totally_synthetic,./benchmark_results_aurora_20250428,all,5,50000,0.03,-1,x86_64,16,NVIDIA GeForce RTX 3090,2025-04-28,num_params_experiment_small
10000,2.652050256729126,(item_latents|constant),4,37563.875,5,662,"ChoiceDataset(num_items=50, num_users=500, num_sessions=10000, label=[], item_index=[10000], user_index=[10000], session_index=[10000], item_availability=[], user_latents=[500, 5], item_latents=[50, 5], device=cuda:0)","3.9.15 (main, Nov 24 2022, 14:31:59) 
[GCC 11.2.0]",2.5.1+cu124,1.0.6,cuda,/home/tianyudu/Development/torch-choice/paper_performance_benchmarks/torch_choice_benchmark_data_totally_synthetic,./benchmark_results_aurora_20250428,all,5,50000,0.03,-1,x86_64,16,NVIDIA GeForce RTX 3090,2025-04-28,num_params_experiment_small
10000,5.07504677772522,(item_latents|constant),4,34160.16015625,10,1268,"ChoiceDataset(num_items=50, num_users=500, num_sessions=10000, label=[], item_index=[10000], user_index=[10000], session_index=[10000], item_availability=[], user_latents=[500, 10], item_latents=[50, 10], device=cuda:0)","3.9.15 (main, Nov 24 2022, 14:31:59) 
[GCC 11.2.0]",2.5.1+cu124,1.0.6,cuda,/home/tianyudu/Development/torch-choice/paper_performance_benchmarks/torch_choice_benchmark_data_totally_synthetic,./benchmark_results_aurora_20250428,all,5,50000,0.03,-1,x86_64,16,NVIDIA GeForce RTX 3090,2025-04-28,num_params_experiment_small
10000,14.541298627853394,(item_latents|constant),4,31058.73828125,15,3630,"ChoiceDataset(num_items=50, num_users=500, num_sessions=10000, label=[], item_index=[10000], user_index=[10000], session_index=[10000], item_availability=[], user_latents=[500, 15], item_latents=[50, 15], device=cuda:0)","3.9.15 (main, Nov 24 2022, 14:31:59) 
[GCC 11.2.0]",2.5.1+cu124,1.0.6,cuda,/home/tianyudu/Development/torch-choice/paper_performance_benchmarks/torch_choice_benchmark_data_totally_synthetic,./benchmark_results_aurora_20250428,all,5,50000,0.03,-1,x86_64,16,NVIDIA GeForce RTX 3090,2025-04-28,num_params_experiment_small
10000,9.36556363105774,(item_latents|constant),4,28268.90625,20,2334,"ChoiceDataset(num_items=50, num_users=500, num_sessions=10000, label=[], item_index=[10000], user_index=[10000], session_index=[10000], item_availability=[], user_latents=[500, 20], item_latents=[50, 20], device=cuda:0)","3.9.15 (main, Nov 24 2022, 14:31:59) 
[GCC 11.2.0]",2.5.1+cu124,1.0.6,cuda,/home/tianyudu/Development/torch-choice/paper_performance_benchmarks/torch_choice_benchmark_data_totally_synthetic,./benchmark_results_aurora_20250428,all,5,50000,0.03,-1,x86_64,16,NVIDIA GeForce RTX 3090,2025-04-28,num_params_experiment_small
10000,19.423633575439453,(item_latents|constant),4,27541.826171875,30,4754,"ChoiceDataset(num_items=50, num_users=500, num_sessions=10000, label=[], item_index=[10000], user_index=[10000], session_index=[10000], item_availability=[], user_latents=[500, 30], item_latents=[50, 30], device=cuda:0)","3.9.15 (main, Nov 24 2022, 14:31:59) 
[GCC 11.2.0]",2.5.1+cu124,1.0.6,cuda,/home/tianyudu/Development/torch-choice/paper_performance_benchmarks/torch_choice_benchmark_data_totally_synthetic,./benchmark_results_aurora_20250428,all,5,50000,0.03,-1,x86_64,16,NVIDIA GeForce RTX 3090,2025-04-28,num_params_experiment_small
