"time","formula","seed","parameter_count","final_likelihood","num_observations","num_items","R_version","mlogit_version","tictoc_version","stringr_version","sysname","nodename","release","machine"
2.725,"choice ~ 0 | user_latent_0 + user_latent_1 + user_latent_2 + user_latent_3 + user_latent_4 - 1 | 0",1,45,-20750.1449080084,100000,10,"R version 3.6.1 (2019-07-05)","1.1.1","1.2.1","1.5.1","Linux","tianyu-Alienware-Aurora","6.8.0-58-generic","x86_64"
1.024,"choice ~ item_latent_0 + item_latent_1 + item_latent_2 + item_latent_3 + item_latent_4 - 1 | 0 | 0",1,5,-22082.7927972439,100000,10,"R version 3.6.1 (2019-07-05)","1.1.1","1.2.1","1.5.1","Linux","tianyu-Alienware-Aurora","6.8.0-58-generic","x86_64"
2.852,"choice ~ item_latent_0 + item_latent_1 + item_latent_2 + item_latent_3 + item_latent_4 - 1 | user_latent_0 + user_latent_1 + user_latent_2 + user_latent_3 + user_latent_4 - 1 | 0",1,50,-20467.1231014337,100000,10,"R version 3.6.1 (2019-07-05)","1.1.1","1.2.1","1.5.1","Linux","tianyu-Alienware-Aurora","6.8.0-58-generic","x86_64"
8.217,"choice ~ 0 | user_latent_0 + user_latent_1 + user_latent_2 + user_latent_3 + user_latent_4 - 1 | 0",1,95,-11319.7698540407,200000,20,"R version 3.6.1 (2019-07-05)","1.1.1","1.2.1","1.5.1","Linux","tianyu-Alienware-Aurora","6.8.0-58-generic","x86_64"
2.381,"choice ~ item_latent_0 + item_latent_1 + item_latent_2 + item_latent_3 + item_latent_4 - 1 | 0 | 0",1,5,-21743.3430084565,200000,20,"R version 3.6.1 (2019-07-05)","1.1.1","1.2.1","1.5.1","Linux","tianyu-Alienware-Aurora","6.8.0-58-generic","x86_64"
9.706,"choice ~ item_latent_0 + item_latent_1 + item_latent_2 + item_latent_3 + item_latent_4 - 1 | user_latent_0 + user_latent_1 + user_latent_2 + user_latent_3 + user_latent_4 - 1 | 0",1,100,-11259.0444241137,200000,20,"R version 3.6.1 (2019-07-05)","1.1.1","1.2.1","1.5.1","Linux","tianyu-Alienware-Aurora","6.8.0-58-generic","x86_64"
20.193,"choice ~ 0 | user_latent_0 + user_latent_1 + user_latent_2 + user_latent_3 + user_latent_4 - 1 | 0",1,145,-15151.8500842014,300000,30,"R version 3.6.1 (2019-07-05)","1.1.1","1.2.1","1.5.1","Linux","tianyu-Alienware-Aurora","6.8.0-58-generic","x86_64"
2.896,"choice ~ item_latent_0 + item_latent_1 + item_latent_2 + item_latent_3 + item_latent_4 - 1 | 0 | 0",1,5,-32261.9067221231,300000,30,"R version 3.6.1 (2019-07-05)","1.1.1","1.2.1","1.5.1","Linux","tianyu-Alienware-Aurora","6.8.0-58-generic","x86_64"
19.936,"choice ~ item_latent_0 + item_latent_1 + item_latent_2 + item_latent_3 + item_latent_4 - 1 | user_latent_0 + user_latent_1 + user_latent_2 + user_latent_3 + user_latent_4 - 1 | 0",1,150,-15085.123721402,300000,30,"R version 3.6.1 (2019-07-05)","1.1.1","1.2.1","1.5.1","Linux","tianyu-Alienware-Aurora","6.8.0-58-generic","x86_64"
43.353,"choice ~ 0 | user_latent_0 + user_latent_1 + user_latent_2 + user_latent_3 + user_latent_4 - 1 | 0",1,245,-21267.6968510397,500000,50,"R version 3.6.1 (2019-07-05)","1.1.1","1.2.1","1.5.1","Linux","tianyu-Alienware-Aurora","6.8.0-58-generic","x86_64"
4.97500000000001,"choice ~ item_latent_0 + item_latent_1 + item_latent_2 + item_latent_3 + item_latent_4 - 1 | 0 | 0",1,5,-37563.8770974389,500000,50,"R version 3.6.1 (2019-07-05)","1.1.1","1.2.1","1.5.1","Linux","tianyu-Alienware-Aurora","6.8.0-58-generic","x86_64"
43.818,"choice ~ item_latent_0 + item_latent_1 + item_latent_2 + item_latent_3 + item_latent_4 - 1 | user_latent_0 + user_latent_1 + user_latent_2 + user_latent_3 + user_latent_4 - 1 | 0",1,250,-21228.9209151951,500000,50,"R version 3.6.1 (2019-07-05)","1.1.1","1.2.1","1.5.1","Linux","tianyu-Alienware-Aurora","6.8.0-58-generic","x86_64"
261.602,"choice ~ 0 | user_latent_0 + user_latent_1 + user_latent_2 + user_latent_3 + user_latent_4 - 1 | 0",1,495,-28221.0499436313,1000000,100,"R version 3.6.1 (2019-07-05)","1.1.1","1.2.1","1.5.1","Linux","tianyu-Alienware-Aurora","6.8.0-58-generic","x86_64"
10.879,"choice ~ item_latent_0 + item_latent_1 + item_latent_2 + item_latent_3 + item_latent_4 - 1 | 0 | 0",1,5,-45212.2156455747,1000000,100,"R version 3.6.1 (2019-07-05)","1.1.1","1.2.1","1.5.1","Linux","tianyu-Alienware-Aurora","6.8.0-58-generic","x86_64"
265.025,"choice ~ item_latent_0 + item_latent_1 + item_latent_2 + item_latent_3 + item_latent_4 - 1 | user_latent_0 + user_latent_1 + user_latent_2 + user_latent_3 + user_latent_4 - 1 | 0",1,500,-28186.0455425015,1000000,100,"R version 3.6.1 (2019-07-05)","1.1.1","1.2.1","1.5.1","Linux","tianyu-Alienware-Aurora","6.8.0-58-generic","x86_64"
676.068,"choice ~ 0 | user_latent_0 + user_latent_1 + user_latent_2 + user_latent_3 + user_latent_4 - 1 | 0",1,745,-32694.2991360748,1500000,150,"R version 3.6.1 (2019-07-05)","1.1.1","1.2.1","1.5.1","Linux","tianyu-Alienware-Aurora","6.8.0-58-generic","x86_64"
18.0989999999999,"choice ~ item_latent_0 + item_latent_1 + item_latent_2 + item_latent_3 + item_latent_4 - 1 | 0 | 0",1,5,-49495.8496042108,1500000,150,"R version 3.6.1 (2019-07-05)","1.1.1","1.2.1","1.5.1","Linux","tianyu-Alienware-Aurora","6.8.0-58-generic","x86_64"
684.272,"choice ~ item_latent_0 + item_latent_1 + item_latent_2 + item_latent_3 + item_latent_4 - 1 | user_latent_0 + user_latent_1 + user_latent_2 + user_latent_3 + user_latent_4 - 1 | 0",1,750,-32681.1695081185,1500000,150,"R version 3.6.1 (2019-07-05)","1.1.1","1.2.1","1.5.1","Linux","tianyu-Alienware-Aurora","6.8.0-58-generic","x86_64"
1304.481,"choice ~ 0 | user_latent_0 + user_latent_1 + user_latent_2 + user_latent_3 + user_latent_4 - 1 | 0",1,995,-36928.3688300417,2000000,200,"R version 3.6.1 (2019-07-05)","1.1.1","1.2.1","1.5.1","Linux","tianyu-Alienware-Aurora","6.8.0-58-generic","x86_64"
24.9500000000003,"choice ~ item_latent_0 + item_latent_1 + item_latent_2 + item_latent_3 + item_latent_4 - 1 | 0 | 0",1,5,-52670.8177506132,2000000,200,"R version 3.6.1 (2019-07-05)","1.1.1","1.2.1","1.5.1","Linux","tianyu-Alienware-Aurora","6.8.0-58-generic","x86_64"
1359.827,"choice ~ item_latent_0 + item_latent_1 + item_latent_2 + item_latent_3 + item_latent_4 - 1 | user_latent_0 + user_latent_1 + user_latent_2 + user_latent_3 + user_latent_4 - 1 | 0",1,1000,-36908.4539302295,2000000,200,"R version 3.6.1 (2019-07-05)","1.1.1","1.2.1","1.5.1","Linux","tianyu-Alienware-Aurora","6.8.0-58-generic","x86_64"
3.66399999999976,"choice ~ 0 | user_latent_0 + user_latent_1 + user_latent_2 + user_latent_3 + user_latent_4 - 1 | 0",2,45,-20750.1449080084,100000,10,"R version 3.6.1 (2019-07-05)","1.1.1","1.2.1","1.5.1","Linux","tianyu-Alienware-Aurora","6.8.0-58-generic","x86_64"
0.940999999999804,"choice ~ item_latent_0 + item_latent_1 + item_latent_2 + item_latent_3 + item_latent_4 - 1 | 0 | 0",2,5,-22082.7927972439,100000,10,"R version 3.6.1 (2019-07-05)","1.1.1","1.2.1","1.5.1","Linux","tianyu-Alienware-Aurora","6.8.0-58-generic","x86_64"
4.14599999999973,"choice ~ item_latent_0 + item_latent_1 + item_latent_2 + item_latent_3 + item_latent_4 - 1 | user_latent_0 + user_latent_1 + user_latent_2 + user_latent_3 + user_latent_4 - 1 | 0",2,50,-20467.1231014337,100000,10,"R version 3.6.1 (2019-07-05)","1.1.1","1.2.1","1.5.1","Linux","tianyu-Alienware-Aurora","6.8.0-58-generic","x86_64"
7.27999999999975,"choice ~ 0 | user_latent_0 + user_latent_1 + user_latent_2 + user_latent_3 + user_latent_4 - 1 | 0",2,95,-11319.7698540407,200000,20,"R version 3.6.1 (2019-07-05)","1.1.1","1.2.1","1.5.1","Linux","tianyu-Alienware-Aurora","6.8.0-58-generic","x86_64"
2.26099999999951,"choice ~ item_latent_0 + item_latent_1 + item_latent_2 + item_latent_3 + item_latent_4 - 1 | 0 | 0",2,5,-21743.3430084565,200000,20,"R version 3.6.1 (2019-07-05)","1.1.1","1.2.1","1.5.1","Linux","tianyu-Alienware-Aurora","6.8.0-58-generic","x86_64"
8.62800000000061,"choice ~ item_latent_0 + item_latent_1 + item_latent_2 + item_latent_3 + item_latent_4 - 1 | user_latent_0 + user_latent_1 + user_latent_2 + user_latent_3 + user_latent_4 - 1 | 0",2,100,-11259.0444241137,200000,20,"R version 3.6.1 (2019-07-05)","1.1.1","1.2.1","1.5.1","Linux","tianyu-Alienware-Aurora","6.8.0-58-generic","x86_64"
17.6260000000002,"choice ~ 0 | user_latent_0 + user_latent_1 + user_latent_2 + user_latent_3 + user_latent_4 - 1 | 0",2,145,-15151.8500842014,300000,30,"R version 3.6.1 (2019-07-05)","1.1.1","1.2.1","1.5.1","Linux","tianyu-Alienware-Aurora","6.8.0-58-generic","x86_64"
3.03999999999996,"choice ~ item_latent_0 + item_latent_1 + item_latent_2 + item_latent_3 + item_latent_4 - 1 | 0 | 0",2,5,-32261.9067221231,300000,30,"R version 3.6.1 (2019-07-05)","1.1.1","1.2.1","1.5.1","Linux","tianyu-Alienware-Aurora","6.8.0-58-generic","x86_64"
21.1869999999999,"choice ~ item_latent_0 + item_latent_1 + item_latent_2 + item_latent_3 + item_latent_4 - 1 | user_latent_0 + user_latent_1 + user_latent_2 + user_latent_3 + user_latent_4 - 1 | 0",2,150,-15085.123721402,300000,30,"R version 3.6.1 (2019-07-05)","1.1.1","1.2.1","1.5.1","Linux","tianyu-Alienware-Aurora","6.8.0-58-generic","x86_64"
42.366,"choice ~ 0 | user_latent_0 + user_latent_1 + user_latent_2 + user_latent_3 + user_latent_4 - 1 | 0",2,245,-21267.6968510397,500000,50,"R version 3.6.1 (2019-07-05)","1.1.1","1.2.1","1.5.1","Linux","tianyu-Alienware-Aurora","6.8.0-58-generic","x86_64"
5.18900000000031,"choice ~ item_latent_0 + item_latent_1 + item_latent_2 + item_latent_3 + item_latent_4 - 1 | 0 | 0",2,5,-37563.8770974389,500000,50,"R version 3.6.1 (2019-07-05)","1.1.1","1.2.1","1.5.1","Linux","tianyu-Alienware-Aurora","6.8.0-58-generic","x86_64"
42.6990000000005,"choice ~ item_latent_0 + item_latent_1 + item_latent_2 + item_latent_3 + item_latent_4 - 1 | user_latent_0 + user_latent_1 + user_latent_2 + user_latent_3 + user_latent_4 - 1 | 0",2,250,-21228.9209151951,500000,50,"R version 3.6.1 (2019-07-05)","1.1.1","1.2.1","1.5.1","Linux","tianyu-Alienware-Aurora","6.8.0-58-generic","x86_64"
208.993,"choice ~ 0 | user_latent_0 + user_latent_1 + user_latent_2 + user_latent_3 + user_latent_4 - 1 | 0",2,495,-28221.0499436313,1000000,100,"R version 3.6.1 (2019-07-05)","1.1.1","1.2.1","1.5.1","Linux","tianyu-Alienware-Aurora","6.8.0-58-generic","x86_64"
11.2640000000001,"choice ~ item_latent_0 + item_latent_1 + item_latent_2 + item_latent_3 + item_latent_4 - 1 | 0 | 0",2,5,-45212.2156455747,1000000,100,"R version 3.6.1 (2019-07-05)","1.1.1","1.2.1","1.5.1","Linux","tianyu-Alienware-Aurora","6.8.0-58-generic","x86_64"
206.423,"choice ~ item_latent_0 + item_latent_1 + item_latent_2 + item_latent_3 + item_latent_4 - 1 | user_latent_0 + user_latent_1 + user_latent_2 + user_latent_3 + user_latent_4 - 1 | 0",2,500,-28186.0455425015,1000000,100,"R version 3.6.1 (2019-07-05)","1.1.1","1.2.1","1.5.1","Linux","tianyu-Alienware-Aurora","6.8.0-58-generic","x86_64"
689.462,"choice ~ 0 | user_latent_0 + user_latent_1 + user_latent_2 + user_latent_3 + user_latent_4 - 1 | 0",2,745,-32694.2991360748,1500000,150,"R version 3.6.1 (2019-07-05)","1.1.1","1.2.1","1.5.1","Linux","tianyu-Alienware-Aurora","6.8.0-58-generic","x86_64"
18.0040000000008,"choice ~ item_latent_0 + item_latent_1 + item_latent_2 + item_latent_3 + item_latent_4 - 1 | 0 | 0",2,5,-49495.8496042108,1500000,150,"R version 3.6.1 (2019-07-05)","1.1.1","1.2.1","1.5.1","Linux","tianyu-Alienware-Aurora","6.8.0-58-generic","x86_64"
644.511,"choice ~ item_latent_0 + item_latent_1 + item_latent_2 + item_latent_3 + item_latent_4 - 1 | user_latent_0 + user_latent_1 + user_latent_2 + user_latent_3 + user_latent_4 - 1 | 0",2,750,-32681.1695081185,1500000,150,"R version 3.6.1 (2019-07-05)","1.1.1","1.2.1","1.5.1","Linux","tianyu-Alienware-Aurora","6.8.0-58-generic","x86_64"
1365.43,"choice ~ 0 | user_latent_0 + user_latent_1 + user_latent_2 + user_latent_3 + user_latent_4 - 1 | 0",2,995,-36928.3688300417,2000000,200,"R version 3.6.1 (2019-07-05)","1.1.1","1.2.1","1.5.1","Linux","tianyu-Alienware-Aurora","6.8.0-58-generic","x86_64"
25.4270000000006,"choice ~ item_latent_0 + item_latent_1 + item_latent_2 + item_latent_3 + item_latent_4 - 1 | 0 | 0",2,5,-52670.8177506132,2000000,200,"R version 3.6.1 (2019-07-05)","1.1.1","1.2.1","1.5.1","Linux","tianyu-Alienware-Aurora","6.8.0-58-generic","x86_64"
1367.347,"choice ~ item_latent_0 + item_latent_1 + item_latent_2 + item_latent_3 + item_latent_4 - 1 | user_latent_0 + user_latent_1 + user_latent_2 + user_latent_3 + user_latent_4 - 1 | 0",2,1000,-36908.4539302295,2000000,200,"R version 3.6.1 (2019-07-05)","1.1.1","1.2.1","1.5.1","Linux","tianyu-Alienware-Aurora","6.8.0-58-generic","x86_64"
3.0669999999991,"choice ~ 0 | user_latent_0 + user_latent_1 + user_latent_2 + user_latent_3 + user_latent_4 - 1 | 0",3,45,-20750.1449080084,100000,10,"R version 3.6.1 (2019-07-05)","1.1.1","1.2.1","1.5.1","Linux","tianyu-Alienware-Aurora","6.8.0-58-generic","x86_64"
0.925000000001091,"choice ~ item_latent_0 + item_latent_1 + item_latent_2 + item_latent_3 + item_latent_4 - 1 | 0 | 0",3,5,-22082.7927972439,100000,10,"R version 3.6.1 (2019-07-05)","1.1.1","1.2.1","1.5.1","Linux","tianyu-Alienware-Aurora","6.8.0-58-generic","x86_64"
2.48899999999958,"choice ~ item_latent_0 + item_latent_1 + item_latent_2 + item_latent_3 + item_latent_4 - 1 | user_latent_0 + user_latent_1 + user_latent_2 + user_latent_3 + user_latent_4 - 1 | 0",3,50,-20467.1231014337,100000,10,"R version 3.6.1 (2019-07-05)","1.1.1","1.2.1","1.5.1","Linux","tianyu-Alienware-Aurora","6.8.0-58-generic","x86_64"
7.23999999999978,"choice ~ 0 | user_latent_0 + user_latent_1 + user_latent_2 + user_latent_3 + user_latent_4 - 1 | 0",3,95,-11319.7698540407,200000,20,"R version 3.6.1 (2019-07-05)","1.1.1","1.2.1","1.5.1","Linux","tianyu-Alienware-Aurora","6.8.0-58-generic","x86_64"
2.25900000000001,"choice ~ item_latent_0 + item_latent_1 + item_latent_2 + item_latent_3 + item_latent_4 - 1 | 0 | 0",3,5,-21743.3430084565,200000,20,"R version 3.6.1 (2019-07-05)","1.1.1","1.2.1","1.5.1","Linux","tianyu-Alienware-Aurora","6.8.0-58-generic","x86_64"
8.71099999999933,"choice ~ item_latent_0 + item_latent_1 + item_latent_2 + item_latent_3 + item_latent_4 - 1 | user_latent_0 + user_latent_1 + user_latent_2 + user_latent_3 + user_latent_4 - 1 | 0",3,100,-11259.0444241137,200000,20,"R version 3.6.1 (2019-07-05)","1.1.1","1.2.1","1.5.1","Linux","tianyu-Alienware-Aurora","6.8.0-58-generic","x86_64"
19.0160000000014,"choice ~ 0 | user_latent_0 + user_latent_1 + user_latent_2 + user_latent_3 + user_latent_4 - 1 | 0",3,145,-15151.8500842014,300000,30,"R version 3.6.1 (2019-07-05)","1.1.1","1.2.1","1.5.1","Linux","tianyu-Alienware-Aurora","6.8.0-58-generic","x86_64"
3.03399999999965,"choice ~ item_latent_0 + item_latent_1 + item_latent_2 + item_latent_3 + item_latent_4 - 1 | 0 | 0",3,5,-32261.9067221231,300000,30,"R version 3.6.1 (2019-07-05)","1.1.1","1.2.1","1.5.1","Linux","tianyu-Alienware-Aurora","6.8.0-58-generic","x86_64"
21.0419999999995,"choice ~ item_latent_0 + item_latent_1 + item_latent_2 + item_latent_3 + item_latent_4 - 1 | user_latent_0 + user_latent_1 + user_latent_2 + user_latent_3 + user_latent_4 - 1 | 0",3,150,-15085.123721402,300000,30,"R version 3.6.1 (2019-07-05)","1.1.1","1.2.1","1.5.1","Linux","tianyu-Alienware-Aurora","6.8.0-58-generic","x86_64"
41.1630000000005,"choice ~ 0 | user_latent_0 + user_latent_1 + user_latent_2 + user_latent_3 + user_latent_4 - 1 | 0",3,245,-21267.6968510397,500000,50,"R version 3.6.1 (2019-07-05)","1.1.1","1.2.1","1.5.1","Linux","tianyu-Alienware-Aurora","6.8.0-58-generic","x86_64"
5.32300000000032,"choice ~ item_latent_0 + item_latent_1 + item_latent_2 + item_latent_3 + item_latent_4 - 1 | 0 | 0",3,5,-37563.8770974389,500000,50,"R version 3.6.1 (2019-07-05)","1.1.1","1.2.1","1.5.1","Linux","tianyu-Alienware-Aurora","6.8.0-58-generic","x86_64"
41.6710000000003,"choice ~ item_latent_0 + item_latent_1 + item_latent_2 + item_latent_3 + item_latent_4 - 1 | user_latent_0 + user_latent_1 + user_latent_2 + user_latent_3 + user_latent_4 - 1 | 0",3,250,-21228.9209151951,500000,50,"R version 3.6.1 (2019-07-05)","1.1.1","1.2.1","1.5.1","Linux","tianyu-Alienware-Aurora","6.8.0-58-generic","x86_64"
192.671,"choice ~ 0 | user_latent_0 + user_latent_1 + user_latent_2 + user_latent_3 + user_latent_4 - 1 | 0",3,495,-28221.0499436313,1000000,100,"R version 3.6.1 (2019-07-05)","1.1.1","1.2.1","1.5.1","Linux","tianyu-Alienware-Aurora","6.8.0-58-generic","x86_64"
11.3989999999994,"choice ~ item_latent_0 + item_latent_1 + item_latent_2 + item_latent_3 + item_latent_4 - 1 | 0 | 0",3,5,-45212.2156455747,1000000,100,"R version 3.6.1 (2019-07-05)","1.1.1","1.2.1","1.5.1","Linux","tianyu-Alienware-Aurora","6.8.0-58-generic","x86_64"
195.992,"choice ~ item_latent_0 + item_latent_1 + item_latent_2 + item_latent_3 + item_latent_4 - 1 | user_latent_0 + user_latent_1 + user_latent_2 + user_latent_3 + user_latent_4 - 1 | 0",3,500,-28186.0455425015,1000000,100,"R version 3.6.1 (2019-07-05)","1.1.1","1.2.1","1.5.1","Linux","tianyu-Alienware-Aurora","6.8.0-58-generic","x86_64"
688.525,"choice ~ 0 | user_latent_0 + user_latent_1 + user_latent_2 + user_latent_3 + user_latent_4 - 1 | 0",3,745,-32694.2991360748,1500000,150,"R version 3.6.1 (2019-07-05)","1.1.1","1.2.1","1.5.1","Linux","tianyu-Alienware-Aurora","6.8.0-58-generic","x86_64"
18.3289999999997,"choice ~ item_latent_0 + item_latent_1 + item_latent_2 + item_latent_3 + item_latent_4 - 1 | 0 | 0",3,5,-49495.8496042108,1500000,150,"R version 3.6.1 (2019-07-05)","1.1.1","1.2.1","1.5.1","Linux","tianyu-Alienware-Aurora","6.8.0-58-generic","x86_64"
691.728999999999,"choice ~ item_latent_0 + item_latent_1 + item_latent_2 + item_latent_3 + item_latent_4 - 1 | user_latent_0 + user_latent_1 + user_latent_2 + user_latent_3 + user_latent_4 - 1 | 0",3,750,-32681.1695081185,1500000,150,"R version 3.6.1 (2019-07-05)","1.1.1","1.2.1","1.5.1","Linux","tianyu-Alienware-Aurora","6.8.0-58-generic","x86_64"
1326.138,"choice ~ 0 | user_latent_0 + user_latent_1 + user_latent_2 + user_latent_3 + user_latent_4 - 1 | 0",3,995,-36928.3688300417,2000000,200,"R version 3.6.1 (2019-07-05)","1.1.1","1.2.1","1.5.1","Linux","tianyu-Alienware-Aurora","6.8.0-58-generic","x86_64"
25.1990000000005,"choice ~ item_latent_0 + item_latent_1 + item_latent_2 + item_latent_3 + item_latent_4 - 1 | 0 | 0",3,5,-52670.8177506132,2000000,200,"R version 3.6.1 (2019-07-05)","1.1.1","1.2.1","1.5.1","Linux","tianyu-Alienware-Aurora","6.8.0-58-generic","x86_64"
1279.657,"choice ~ item_latent_0 + item_latent_1 + item_latent_2 + item_latent_3 + item_latent_4 - 1 | user_latent_0 + user_latent_1 + user_latent_2 + user_latent_3 + user_latent_4 - 1 | 0",3,1000,-36908.4539302295,2000000,200,"R version 3.6.1 (2019-07-05)","1.1.1","1.2.1","1.5.1","Linux","tianyu-Alienware-Aurora","6.8.0-58-generic","x86_64"
2.1140000000014,"choice ~ 0 | user_latent_0 + user_latent_1 + user_latent_2 + user_latent_3 + user_latent_4 - 1 | 0",4,45,-20750.1449080084,100000,10,"R version 3.6.1 (2019-07-05)","1.1.1","1.2.1","1.5.1","Linux","tianyu-Alienware-Aurora","6.8.0-58-generic","x86_64"
1.34100000000035,"choice ~ item_latent_0 + item_latent_1 + item_latent_2 + item_latent_3 + item_latent_4 - 1 | 0 | 0",4,5,-22082.7927972439,100000,10,"R version 3.6.1 (2019-07-05)","1.1.1","1.2.1","1.5.1","Linux","tianyu-Alienware-Aurora","6.8.0-58-generic","x86_64"
2.48899999999958,"choice ~ item_latent_0 + item_latent_1 + item_latent_2 + item_latent_3 + item_latent_4 - 1 | user_latent_0 + user_latent_1 + user_latent_2 + user_latent_3 + user_latent_4 - 1 | 0",4,50,-20467.1231014337,100000,10,"R version 3.6.1 (2019-07-05)","1.1.1","1.2.1","1.5.1","Linux","tianyu-Alienware-Aurora","6.8.0-58-generic","x86_64"
7.21600000000035,"choice ~ 0 | user_latent_0 + user_latent_1 + user_latent_2 + user_latent_3 + user_latent_4 - 1 | 0",4,95,-11319.7698540407,200000,20,"R version 3.6.1 (2019-07-05)","1.1.1","1.2.1","1.5.1","Linux","tianyu-Alienware-Aurora","6.8.0-58-generic","x86_64"
2.28299999999945,"choice ~ item_latent_0 + item_latent_1 + item_latent_2 + item_latent_3 + item_latent_4 - 1 | 0 | 0",4,5,-21743.3430084565,200000,20,"R version 3.6.1 (2019-07-05)","1.1.1","1.2.1","1.5.1","Linux","tianyu-Alienware-Aurora","6.8.0-58-generic","x86_64"
9.65999999999985,"choice ~ item_latent_0 + item_latent_1 + item_latent_2 + item_latent_3 + item_latent_4 - 1 | user_latent_0 + user_latent_1 + user_latent_2 + user_latent_3 + user_latent_4 - 1 | 0",4,100,-11259.0444241137,200000,20,"R version 3.6.1 (2019-07-05)","1.1.1","1.2.1","1.5.1","Linux","tianyu-Alienware-Aurora","6.8.0-58-generic","x86_64"
18.7650000000012,"choice ~ 0 | user_latent_0 + user_latent_1 + user_latent_2 + user_latent_3 + user_latent_4 - 1 | 0",4,145,-15151.8500842014,300000,30,"R version 3.6.1 (2019-07-05)","1.1.1","1.2.1","1.5.1","Linux","tianyu-Alienware-Aurora","6.8.0-58-generic","x86_64"
2.95199999999932,"choice ~ item_latent_0 + item_latent_1 + item_latent_2 + item_latent_3 + item_latent_4 - 1 | 0 | 0",4,5,-32261.9067221231,300000,30,"R version 3.6.1 (2019-07-05)","1.1.1","1.2.1","1.5.1","Linux","tianyu-Alienware-Aurora","6.8.0-58-generic","x86_64"
19.1990000000005,"choice ~ item_latent_0 + item_latent_1 + item_latent_2 + item_latent_3 + item_latent_4 - 1 | user_latent_0 + user_latent_1 + user_latent_2 + user_latent_3 + user_latent_4 - 1 | 0",4,150,-15085.123721402,300000,30,"R version 3.6.1 (2019-07-05)","1.1.1","1.2.1","1.5.1","Linux","tianyu-Alienware-Aurora","6.8.0-58-generic","x86_64"
40.991,"choice ~ 0 | user_latent_0 + user_latent_1 + user_latent_2 + user_latent_3 + user_latent_4 - 1 | 0",4,245,-21267.6968510397,500000,50,"R version 3.6.1 (2019-07-05)","1.1.1","1.2.1","1.5.1","Linux","tianyu-Alienware-Aurora","6.8.0-58-generic","x86_64"
5.30400000000009,"choice ~ item_latent_0 + item_latent_1 + item_latent_2 + item_latent_3 + item_latent_4 - 1 | 0 | 0",4,5,-37563.8770974389,500000,50,"R version 3.6.1 (2019-07-05)","1.1.1","1.2.1","1.5.1","Linux","tianyu-Alienware-Aurora","6.8.0-58-generic","x86_64"
42.4480000000003,"choice ~ item_latent_0 + item_latent_1 + item_latent_2 + item_latent_3 + item_latent_4 - 1 | user_latent_0 + user_latent_1 + user_latent_2 + user_latent_3 + user_latent_4 - 1 | 0",4,250,-21228.9209151951,500000,50,"R version 3.6.1 (2019-07-05)","1.1.1","1.2.1","1.5.1","Linux","tianyu-Alienware-Aurora","6.8.0-58-generic","x86_64"
196.849,"choice ~ 0 | user_latent_0 + user_latent_1 + user_latent_2 + user_latent_3 + user_latent_4 - 1 | 0",4,495,-28221.0499436313,1000000,100,"R version 3.6.1 (2019-07-05)","1.1.1","1.2.1","1.5.1","Linux","tianyu-Alienware-Aurora","6.8.0-58-generic","x86_64"
11.3460000000014,"choice ~ item_latent_0 + item_latent_1 + item_latent_2 + item_latent_3 + item_latent_4 - 1 | 0 | 0",4,5,-45212.2156455747,1000000,100,"R version 3.6.1 (2019-07-05)","1.1.1","1.2.1","1.5.1","Linux","tianyu-Alienware-Aurora","6.8.0-58-generic","x86_64"
201.036,"choice ~ item_latent_0 + item_latent_1 + item_latent_2 + item_latent_3 + item_latent_4 - 1 | user_latent_0 + user_latent_1 + user_latent_2 + user_latent_3 + user_latent_4 - 1 | 0",4,500,-28186.0455425015,1000000,100,"R version 3.6.1 (2019-07-05)","1.1.1","1.2.1","1.5.1","Linux","tianyu-Alienware-Aurora","6.8.0-58-generic","x86_64"
633.001,"choice ~ 0 | user_latent_0 + user_latent_1 + user_latent_2 + user_latent_3 + user_latent_4 - 1 | 0",4,745,-32694.2991360748,1500000,150,"R version 3.6.1 (2019-07-05)","1.1.1","1.2.1","1.5.1","Linux","tianyu-Alienware-Aurora","6.8.0-58-generic","x86_64"
18.9639999999999,"choice ~ item_latent_0 + item_latent_1 + item_latent_2 + item_latent_3 + item_latent_4 - 1 | 0 | 0",4,5,-49495.8496042108,1500000,150,"R version 3.6.1 (2019-07-05)","1.1.1","1.2.1","1.5.1","Linux","tianyu-Alienware-Aurora","6.8.0-58-generic","x86_64"
648.814,"choice ~ item_latent_0 + item_latent_1 + item_latent_2 + item_latent_3 + item_latent_4 - 1 | user_latent_0 + user_latent_1 + user_latent_2 + user_latent_3 + user_latent_4 - 1 | 0",4,750,-32681.1695081185,1500000,150,"R version 3.6.1 (2019-07-05)","1.1.1","1.2.1","1.5.1","Linux","tianyu-Alienware-Aurora","6.8.0-58-generic","x86_64"
1373.014,"choice ~ 0 | user_latent_0 + user_latent_1 + user_latent_2 + user_latent_3 + user_latent_4 - 1 | 0",4,995,-36928.3688300417,2000000,200,"R version 3.6.1 (2019-07-05)","1.1.1","1.2.1","1.5.1","Linux","tianyu-Alienware-Aurora","6.8.0-58-generic","x86_64"
25.3090000000011,"choice ~ item_latent_0 + item_latent_1 + item_latent_2 + item_latent_3 + item_latent_4 - 1 | 0 | 0",4,5,-52670.8177506132,2000000,200,"R version 3.6.1 (2019-07-05)","1.1.1","1.2.1","1.5.1","Linux","tianyu-Alienware-Aurora","6.8.0-58-generic","x86_64"
1316.646,"choice ~ item_latent_0 + item_latent_1 + item_latent_2 + item_latent_3 + item_latent_4 - 1 | user_latent_0 + user_latent_1 + user_latent_2 + user_latent_3 + user_latent_4 - 1 | 0",4,1000,-36908.4539302295,2000000,200,"R version 3.6.1 (2019-07-05)","1.1.1","1.2.1","1.5.1","Linux","tianyu-Alienware-Aurora","6.8.0-58-generic","x86_64"
2.05600000000049,"choice ~ 0 | user_latent_0 + user_latent_1 + user_latent_2 + user_latent_3 + user_latent_4 - 1 | 0",5,45,-20750.1449080084,100000,10,"R version 3.6.1 (2019-07-05)","1.1.1","1.2.1","1.5.1","Linux","tianyu-Alienware-Aurora","6.8.0-58-generic","x86_64"
0.952999999997701,"choice ~ item_latent_0 + item_latent_1 + item_latent_2 + item_latent_3 + item_latent_4 - 1 | 0 | 0",5,5,-22082.7927972439,100000,10,"R version 3.6.1 (2019-07-05)","1.1.1","1.2.1","1.5.1","Linux","tianyu-Alienware-Aurora","6.8.0-58-generic","x86_64"
3.54900000000271,"choice ~ item_latent_0 + item_latent_1 + item_latent_2 + item_latent_3 + item_latent_4 - 1 | user_latent_0 + user_latent_1 + user_latent_2 + user_latent_3 + user_latent_4 - 1 | 0",5,50,-20467.1231014337,100000,10,"R version 3.6.1 (2019-07-05)","1.1.1","1.2.1","1.5.1","Linux","tianyu-Alienware-Aurora","6.8.0-58-generic","x86_64"
8.8650000000016,"choice ~ 0 | user_latent_0 + user_latent_1 + user_latent_2 + user_latent_3 + user_latent_4 - 1 | 0",5,95,-11319.7698540407,200000,20,"R version 3.6.1 (2019-07-05)","1.1.1","1.2.1","1.5.1","Linux","tianyu-Alienware-Aurora","6.8.0-58-generic","x86_64"
2.27200000000084,"choice ~ item_latent_0 + item_latent_1 + item_latent_2 + item_latent_3 + item_latent_4 - 1 | 0 | 0",5,5,-21743.3430084565,200000,20,"R version 3.6.1 (2019-07-05)","1.1.1","1.2.1","1.5.1","Linux","tianyu-Alienware-Aurora","6.8.0-58-generic","x86_64"
8.58899999999994,"choice ~ item_latent_0 + item_latent_1 + item_latent_2 + item_latent_3 + item_latent_4 - 1 | user_latent_0 + user_latent_1 + user_latent_2 + user_latent_3 + user_latent_4 - 1 | 0",5,100,-11259.0444241137,200000,20,"R version 3.6.1 (2019-07-05)","1.1.1","1.2.1","1.5.1","Linux","tianyu-Alienware-Aurora","6.8.0-58-generic","x86_64"
17.5149999999994,"choice ~ 0 | user_latent_0 + user_latent_1 + user_latent_2 + user_latent_3 + user_latent_4 - 1 | 0",5,145,-15151.8500842014,300000,30,"R version 3.6.1 (2019-07-05)","1.1.1","1.2.1","1.5.1","Linux","tianyu-Alienware-Aurora","6.8.0-58-generic","x86_64"
2.99600000000282,"choice ~ item_latent_0 + item_latent_1 + item_latent_2 + item_latent_3 + item_latent_4 - 1 | 0 | 0",5,5,-32261.9067221231,300000,30,"R version 3.6.1 (2019-07-05)","1.1.1","1.2.1","1.5.1","Linux","tianyu-Alienware-Aurora","6.8.0-58-generic","x86_64"
19.232,"choice ~ item_latent_0 + item_latent_1 + item_latent_2 + item_latent_3 + item_latent_4 - 1 | user_latent_0 + user_latent_1 + user_latent_2 + user_latent_3 + user_latent_4 - 1 | 0",5,150,-15085.123721402,300000,30,"R version 3.6.1 (2019-07-05)","1.1.1","1.2.1","1.5.1","Linux","tianyu-Alienware-Aurora","6.8.0-58-generic","x86_64"
42.3450000000012,"choice ~ 0 | user_latent_0 + user_latent_1 + user_latent_2 + user_latent_3 + user_latent_4 - 1 | 0",5,245,-21267.6968510397,500000,50,"R version 3.6.1 (2019-07-05)","1.1.1","1.2.1","1.5.1","Linux","tianyu-Alienware-Aurora","6.8.0-58-generic","x86_64"
5.28299999999945,"choice ~ item_latent_0 + item_latent_1 + item_latent_2 + item_latent_3 + item_latent_4 - 1 | 0 | 0",5,5,-37563.8770974389,500000,50,"R version 3.6.1 (2019-07-05)","1.1.1","1.2.1","1.5.1","Linux","tianyu-Alienware-Aurora","6.8.0-58-generic","x86_64"
41.4729999999981,"choice ~ item_latent_0 + item_latent_1 + item_latent_2 + item_latent_3 + item_latent_4 - 1 | user_latent_0 + user_latent_1 + user_latent_2 + user_latent_3 + user_latent_4 - 1 | 0",5,250,-21228.9209151951,500000,50,"R version 3.6.1 (2019-07-05)","1.1.1","1.2.1","1.5.1","Linux","tianyu-Alienware-Aurora","6.8.0-58-generic","x86_64"
198.116000000002,"choice ~ 0 | user_latent_0 + user_latent_1 + user_latent_2 + user_latent_3 + user_latent_4 - 1 | 0",5,495,-28221.0499436313,1000000,100,"R version 3.6.1 (2019-07-05)","1.1.1","1.2.1","1.5.1","Linux","tianyu-Alienware-Aurora","6.8.0-58-generic","x86_64"
11.3810000000012,"choice ~ item_latent_0 + item_latent_1 + item_latent_2 + item_latent_3 + item_latent_4 - 1 | 0 | 0",5,5,-45212.2156455747,1000000,100,"R version 3.6.1 (2019-07-05)","1.1.1","1.2.1","1.5.1","Linux","tianyu-Alienware-Aurora","6.8.0-58-generic","x86_64"
199.289000000001,"choice ~ item_latent_0 + item_latent_1 + item_latent_2 + item_latent_3 + item_latent_4 - 1 | user_latent_0 + user_latent_1 + user_latent_2 + user_latent_3 + user_latent_4 - 1 | 0",5,500,-28186.0455425015,1000000,100,"R version 3.6.1 (2019-07-05)","1.1.1","1.2.1","1.5.1","Linux","tianyu-Alienware-Aurora","6.8.0-58-generic","x86_64"
566.282999999999,"choice ~ 0 | user_latent_0 + user_latent_1 + user_latent_2 + user_latent_3 + user_latent_4 - 1 | 0",5,745,-32694.2991360748,1500000,150,"R version 3.6.1 (2019-07-05)","1.1.1","1.2.1","1.5.1","Linux","tianyu-Alienware-Aurora","6.8.0-58-generic","x86_64"
18.3610000000008,"choice ~ item_latent_0 + item_latent_1 + item_latent_2 + item_latent_3 + item_latent_4 - 1 | 0 | 0",5,5,-49495.8496042108,1500000,150,"R version 3.6.1 (2019-07-05)","1.1.1","1.2.1","1.5.1","Linux","tianyu-Alienware-Aurora","6.8.0-58-generic","x86_64"
571.649000000001,"choice ~ item_latent_0 + item_latent_1 + item_latent_2 + item_latent_3 + item_latent_4 - 1 | user_latent_0 + user_latent_1 + user_latent_2 + user_latent_3 + user_latent_4 - 1 | 0",5,750,-32681.1695081185,1500000,150,"R version 3.6.1 (2019-07-05)","1.1.1","1.2.1","1.5.1","Linux","tianyu-Alienware-Aurora","6.8.0-58-generic","x86_64"
1226.235,"choice ~ 0 | user_latent_0 + user_latent_1 + user_latent_2 + user_latent_3 + user_latent_4 - 1 | 0",5,995,-36928.3688300417,2000000,200,"R version 3.6.1 (2019-07-05)","1.1.1","1.2.1","1.5.1","Linux","tianyu-Alienware-Aurora","6.8.0-58-generic","x86_64"
25.2459999999992,"choice ~ item_latent_0 + item_latent_1 + item_latent_2 + item_latent_3 + item_latent_4 - 1 | 0 | 0",5,5,-52670.8177506132,2000000,200,"R version 3.6.1 (2019-07-05)","1.1.1","1.2.1","1.5.1","Linux","tianyu-Alienware-Aurora","6.8.0-58-generic","x86_64"
1290.337,"choice ~ item_latent_0 + item_latent_1 + item_latent_2 + item_latent_3 + item_latent_4 - 1 | user_latent_0 + user_latent_1 + user_latent_2 + user_latent_3 + user_latent_4 - 1 | 0",5,1000,-36908.4539302295,2000000,200,"R version 3.6.1 (2019-07-05)","1.1.1","1.2.1","1.5.1","Linux","tianyu-Alienware-Aurora","6.8.0-58-generic","x86_64"
