num_records,time,formula,seed,best_loss,num_items,epochs_run,dataset,python_version,torch_version,torch_choice_version,device,data_path,output_path,experiment_name,num_seeds,num_epochs,learning_rate,batch_size,cpu_name,cpu_count,gpu_name,run_date,task
10000,5.687320947647095,(user_latents|item) + (item_latents|constant),0,20467.12890625,10,1376,"ChoiceDataset(num_items=10, num_users=500, num_sessions=10000, label=[], item_index=[10000], user_index=[10000], session_index=[10000], item_availability=[], user_latents=[500, 5], item_latents=[10, 5], device=cuda:0)","3.9.15 (main, Nov 24 2022, 14:31:59) 
[GCC 11.2.0]",2.5.1+cu124,1.0.6,cuda,/home/tianyudu/Development/torch-choice/paper_performance_benchmarks/torch_choice_benchmark_data_totally_synthetic,./benchmark_results_aurora_20250428,all,5,50000,0.03,-1,x86_64,16,NVIDIA GeForce RTX 3090,2025-04-28,num_items_experiment_small
10000,11.365284204483032,(user_latents|item) + (item_latents|constant),0,11259.046875,20,2751,"ChoiceDataset(num_items=20, num_users=500, num_sessions=10000, label=[], item_index=[10000], user_index=[10000], session_index=[10000], item_availability=[], user_latents=[500, 5], item_latents=[20, 5], device=cuda:0)","3.9.15 (main, Nov 24 2022, 14:31:59) 
[GCC 11.2.0]",2.5.1+cu124,1.0.6,cuda,/home/tianyudu/Development/torch-choice/paper_performance_benchmarks/torch_choice_benchmark_data_totally_synthetic,./benchmark_results_aurora_20250428,all,5,50000,0.03,-1,x86_64,16,NVIDIA GeForce RTX 3090,2025-04-28,num_items_experiment_small
10000,14.99282169342041,(user_latents|item) + (item_latents|constant),0,15085.126953125,30,3625,"ChoiceDataset(num_items=30, num_users=500, num_sessions=10000, label=[], item_index=[10000], user_index=[10000], session_index=[10000], item_availability=[], user_latents=[500, 5], item_latents=[30, 5], device=cuda:0)","3.9.15 (main, Nov 24 2022, 14:31:59) 
[GCC 11.2.0]",2.5.1+cu124,1.0.6,cuda,/home/tianyudu/Development/torch-choice/paper_performance_benchmarks/torch_choice_benchmark_data_totally_synthetic,./benchmark_results_aurora_20250428,all,5,50000,0.03,-1,x86_64,16,NVIDIA GeForce RTX 3090,2025-04-28,num_items_experiment_small
10000,13.749523639678955,(user_latents|item) + (item_latents|constant),0,21228.92578125,50,3357,"ChoiceDataset(num_items=50, num_users=500, num_sessions=10000, label=[], item_index=[10000], user_index=[10000], session_index=[10000], item_availability=[], user_latents=[500, 5], item_latents=[50, 5], device=cuda:0)","3.9.15 (main, Nov 24 2022, 14:31:59) 
[GCC 11.2.0]",2.5.1+cu124,1.0.6,cuda,/home/tianyudu/Development/torch-choice/paper_performance_benchmarks/torch_choice_benchmark_data_totally_synthetic,./benchmark_results_aurora_20250428,all,5,50000,0.03,-1,x86_64,16,NVIDIA GeForce RTX 3090,2025-04-28,num_items_experiment_small
10000,16.594218015670776,(user_latents|item) + (item_latents|constant),0,28186.103515625,100,4043,"ChoiceDataset(num_items=100, num_users=500, num_sessions=10000, label=[], item_index=[10000], user_index=[10000], session_index=[10000], item_availability=[], user_latents=[500, 5], item_latents=[100, 5], device=cuda:0)","3.9.15 (main, Nov 24 2022, 14:31:59) 
[GCC 11.2.0]",2.5.1+cu124,1.0.6,cuda,/home/tianyudu/Development/torch-choice/paper_performance_benchmarks/torch_choice_benchmark_data_totally_synthetic,./benchmark_results_aurora_20250428,all,5,50000,0.03,-1,x86_64,16,NVIDIA GeForce RTX 3090,2025-04-28,num_items_experiment_small
10000,20.013933420181274,(user_latents|item) + (item_latents|constant),0,32681.2734375,150,4716,"ChoiceDataset(num_items=150, num_users=500, num_sessions=10000, label=[], item_index=[10000], user_index=[10000], session_index=[10000], item_availability=[], user_latents=[500, 5], item_latents=[150, 5], device=cuda:0)","3.9.15 (main, Nov 24 2022, 14:31:59) 
[GCC 11.2.0]",2.5.1+cu124,1.0.6,cuda,/home/tianyudu/Development/torch-choice/paper_performance_benchmarks/torch_choice_benchmark_data_totally_synthetic,./benchmark_results_aurora_20250428,all,5,50000,0.03,-1,x86_64,16,NVIDIA GeForce RTX 3090,2025-04-28,num_items_experiment_small
10000,19.87212038040161,(user_latents|item) + (item_latents|constant),0,36908.49609375,200,4621,"ChoiceDataset(num_items=200, num_users=500, num_sessions=10000, label=[], item_index=[10000], user_index=[10000], session_index=[10000], item_availability=[], user_latents=[500, 5], item_latents=[200, 5], device=cuda:0)","3.9.15 (main, Nov 24 2022, 14:31:59) 
[GCC 11.2.0]",2.5.1+cu124,1.0.6,cuda,/home/tianyudu/Development/torch-choice/paper_performance_benchmarks/torch_choice_benchmark_data_totally_synthetic,./benchmark_results_aurora_20250428,all,5,50000,0.03,-1,x86_64,16,NVIDIA GeForce RTX 3090,2025-04-28,num_items_experiment_small
10000,5.603856801986694,(user_latents|item),0,20750.1484375,10,1423,"ChoiceDataset(num_items=10, num_users=500, num_sessions=10000, label=[], item_index=[10000], user_index=[10000], session_index=[10000], item_availability=[], user_latents=[500, 5], item_latents=[10, 5], device=cuda:0)","3.9.15 (main, Nov 24 2022, 14:31:59) 
[GCC 11.2.0]",2.5.1+cu124,1.0.6,cuda,/home/tianyudu/Development/torch-choice/paper_performance_benchmarks/torch_choice_benchmark_data_totally_synthetic,./benchmark_results_aurora_20250428,all,5,50000,0.03,-1,x86_64,16,NVIDIA GeForce RTX 3090,2025-04-28,num_items_experiment_small
10000,10.468275785446167,(user_latents|item),0,11319.771484375,20,2658,"ChoiceDataset(num_items=20, num_users=500, num_sessions=10000, label=[], item_index=[10000], user_index=[10000], session_index=[10000], item_availability=[], user_latents=[500, 5], item_latents=[20, 5], device=cuda:0)","3.9.15 (main, Nov 24 2022, 14:31:59) 
[GCC 11.2.0]",2.5.1+cu124,1.0.6,cuda,/home/tianyudu/Development/torch-choice/paper_performance_benchmarks/torch_choice_benchmark_data_totally_synthetic,./benchmark_results_aurora_20250428,all,5,50000,0.03,-1,x86_64,16,NVIDIA GeForce RTX 3090,2025-04-28,num_items_experiment_small
10000,13.334914684295654,(user_latents|item),0,15151.853515625,30,3381,"ChoiceDataset(num_items=30, num_users=500, num_sessions=10000, label=[], item_index=[10000], user_index=[10000], session_index=[10000], item_availability=[], user_latents=[500, 5], item_latents=[30, 5], device=cuda:0)","3.9.15 (main, Nov 24 2022, 14:31:59) 
[GCC 11.2.0]",2.5.1+cu124,1.0.6,cuda,/home/tianyudu/Development/torch-choice/paper_performance_benchmarks/torch_choice_benchmark_data_totally_synthetic,./benchmark_results_aurora_20250428,all,5,50000,0.03,-1,x86_64,16,NVIDIA GeForce RTX 3090,2025-04-28,num_items_experiment_small
10000,13.467692852020264,(user_latents|item),0,21267.69921875,50,3429,"ChoiceDataset(num_items=50, num_users=500, num_sessions=10000, label=[], item_index=[10000], user_index=[10000], session_index=[10000], item_availability=[], user_latents=[500, 5], item_latents=[50, 5], device=cuda:0)","3.9.15 (main, Nov 24 2022, 14:31:59) 
[GCC 11.2.0]",2.5.1+cu124,1.0.6,cuda,/home/tianyudu/Development/torch-choice/paper_performance_benchmarks/torch_choice_benchmark_data_totally_synthetic,./benchmark_results_aurora_20250428,all,5,50000,0.03,-1,x86_64,16,NVIDIA GeForce RTX 3090,2025-04-28,num_items_experiment_small
10000,18.528151512145996,(user_latents|item),0,28221.072265625,100,4622,"ChoiceDataset(num_items=100, num_users=500, num_sessions=10000, label=[], item_index=[10000], user_index=[10000], session_index=[10000], item_availability=[], user_latents=[500, 5], item_latents=[100, 5], device=cuda:0)","3.9.15 (main, Nov 24 2022, 14:31:59) 
[GCC 11.2.0]",2.5.1+cu124,1.0.6,cuda,/home/tianyudu/Development/torch-choice/paper_performance_benchmarks/torch_choice_benchmark_data_totally_synthetic,./benchmark_results_aurora_20250428,all,5,50000,0.03,-1,x86_64,16,NVIDIA GeForce RTX 3090,2025-04-28,num_items_experiment_small
10000,20.46622109413147,(user_latents|item),0,32694.4296875,150,4936,"ChoiceDataset(num_items=150, num_users=500, num_sessions=10000, label=[], item_index=[10000], user_index=[10000], session_index=[10000], item_availability=[], user_latents=[500, 5], item_latents=[150, 5], device=cuda:0)","3.9.15 (main, Nov 24 2022, 14:31:59) 
[GCC 11.2.0]",2.5.1+cu124,1.0.6,cuda,/home/tianyudu/Development/torch-choice/paper_performance_benchmarks/torch_choice_benchmark_data_totally_synthetic,./benchmark_results_aurora_20250428,all,5,50000,0.03,-1,x86_64,16,NVIDIA GeForce RTX 3090,2025-04-28,num_items_experiment_small
10000,19.446547269821167,(user_latents|item),0,36928.4296875,200,4653,"ChoiceDataset(num_items=200, num_users=500, num_sessions=10000, label=[], item_index=[10000], user_index=[10000], session_index=[10000], item_availability=[], user_latents=[500, 5], item_latents=[200, 5], device=cuda:0)","3.9.15 (main, Nov 24 2022, 14:31:59) 
[GCC 11.2.0]",2.5.1+cu124,1.0.6,cuda,/home/tianyudu/Development/torch-choice/paper_performance_benchmarks/torch_choice_benchmark_data_totally_synthetic,./benchmark_results_aurora_20250428,all,5,50000,0.03,-1,x86_64,16,NVIDIA GeForce RTX 3090,2025-04-28,num_items_experiment_small
10000,3.002258062362671,(item_latents|constant),0,22082.79296875,10,752,"ChoiceDataset(num_items=10, num_users=500, num_sessions=10000, label=[], item_index=[10000], user_index=[10000], session_index=[10000], item_availability=[], user_latents=[500, 5], item_latents=[10, 5], device=cuda:0)","3.9.15 (main, Nov 24 2022, 14:31:59) 
[GCC 11.2.0]",2.5.1+cu124,1.0.6,cuda,/home/tianyudu/Development/torch-choice/paper_performance_benchmarks/torch_choice_benchmark_data_totally_synthetic,./benchmark_results_aurora_20250428,all,5,50000,0.03,-1,x86_64,16,NVIDIA GeForce RTX 3090,2025-04-28,num_items_experiment_small
10000,3.4875328540802,(item_latents|constant),0,21743.34375,20,871,"ChoiceDataset(num_items=20, num_users=500, num_sessions=10000, label=[], item_index=[10000], user_index=[10000], session_index=[10000], item_availability=[], user_latents=[500, 5], item_latents=[20, 5], device=cuda:0)","3.9.15 (main, Nov 24 2022, 14:31:59) 
[GCC 11.2.0]",2.5.1+cu124,1.0.6,cuda,/home/tianyudu/Development/torch-choice/paper_performance_benchmarks/torch_choice_benchmark_data_totally_synthetic,./benchmark_results_aurora_20250428,all,5,50000,0.03,-1,x86_64,16,NVIDIA GeForce RTX 3090,2025-04-28,num_items_experiment_small
10000,2.0449507236480713,(item_latents|constant),0,32261.904296875,30,511,"ChoiceDataset(num_items=30, num_users=500, num_sessions=10000, label=[], item_index=[10000], user_index=[10000], session_index=[10000], item_availability=[], user_latents=[500, 5], item_latents=[30, 5], device=cuda:0)","3.9.15 (main, Nov 24 2022, 14:31:59) 
[GCC 11.2.0]",2.5.1+cu124,1.0.6,cuda,/home/tianyudu/Development/torch-choice/paper_performance_benchmarks/torch_choice_benchmark_data_totally_synthetic,./benchmark_results_aurora_20250428,all,5,50000,0.03,-1,x86_64,16,NVIDIA GeForce RTX 3090,2025-04-28,num_items_experiment_small
10000,1.7650260925292969,(item_latents|constant),0,37563.875,50,441,"ChoiceDataset(num_items=50, num_users=500, num_sessions=10000, label=[], item_index=[10000], user_index=[10000], session_index=[10000], item_availability=[], user_latents=[500, 5], item_latents=[50, 5], device=cuda:0)","3.9.15 (main, Nov 24 2022, 14:31:59) 
[GCC 11.2.0]",2.5.1+cu124,1.0.6,cuda,/home/tianyudu/Development/torch-choice/paper_performance_benchmarks/torch_choice_benchmark_data_totally_synthetic,./benchmark_results_aurora_20250428,all,5,50000,0.03,-1,x86_64,16,NVIDIA GeForce RTX 3090,2025-04-28,num_items_experiment_small
10000,2.0887506008148193,(item_latents|constant),0,45212.2109375,100,520,"ChoiceDataset(num_items=100, num_users=500, num_sessions=10000, label=[], item_index=[10000], user_index=[10000], session_index=[10000], item_availability=[], user_latents=[500, 5], item_latents=[100, 5], device=cuda:0)","3.9.15 (main, Nov 24 2022, 14:31:59) 
[GCC 11.2.0]",2.5.1+cu124,1.0.6,cuda,/home/tianyudu/Development/torch-choice/paper_performance_benchmarks/torch_choice_benchmark_data_totally_synthetic,./benchmark_results_aurora_20250428,all,5,50000,0.03,-1,x86_64,16,NVIDIA GeForce RTX 3090,2025-04-28,num_items_experiment_small
10000,1.9889717102050781,(item_latents|constant),0,49495.84375,150,494,"ChoiceDataset(num_items=150, num_users=500, num_sessions=10000, label=[], item_index=[10000], user_index=[10000], session_index=[10000], item_availability=[], user_latents=[500, 5], item_latents=[150, 5], device=cuda:0)","3.9.15 (main, Nov 24 2022, 14:31:59) 
[GCC 11.2.0]",2.5.1+cu124,1.0.6,cuda,/home/tianyudu/Development/torch-choice/paper_performance_benchmarks/torch_choice_benchmark_data_totally_synthetic,./benchmark_results_aurora_20250428,all,5,50000,0.03,-1,x86_64,16,NVIDIA GeForce RTX 3090,2025-04-28,num_items_experiment_small
10000,1.9115519523620605,(item_latents|constant),0,52670.81640625,200,465,"ChoiceDataset(num_items=200, num_users=500, num_sessions=10000, label=[], item_index=[10000], user_index=[10000], session_index=[10000], item_availability=[], user_latents=[500, 5], item_latents=[200, 5], device=cuda:0)","3.9.15 (main, Nov 24 2022, 14:31:59) 
[GCC 11.2.0]",2.5.1+cu124,1.0.6,cuda,/home/tianyudu/Development/torch-choice/paper_performance_benchmarks/torch_choice_benchmark_data_totally_synthetic,./benchmark_results_aurora_20250428,all,5,50000,0.03,-1,x86_64,16,NVIDIA GeForce RTX 3090,2025-04-28,num_items_experiment_small
10000,5.11270546913147,(user_latents|item) + (item_latents|constant),1,20467.125,10,1234,"ChoiceDataset(num_items=10, num_users=500, num_sessions=10000, label=[], item_index=[10000], user_index=[10000], session_index=[10000], item_availability=[], user_latents=[500, 5], item_latents=[10, 5], device=cuda:0)","3.9.15 (main, Nov 24 2022, 14:31:59) 
[GCC 11.2.0]",2.5.1+cu124,1.0.6,cuda,/home/tianyudu/Development/torch-choice/paper_performance_benchmarks/torch_choice_benchmark_data_totally_synthetic,./benchmark_results_aurora_20250428,all,5,50000,0.03,-1,x86_64,16,NVIDIA GeForce RTX 3090,2025-04-28,num_items_experiment_small
10000,10.06760549545288,(user_latents|item) + (item_latents|constant),1,11259.046875,20,2431,"ChoiceDataset(num_items=20, num_users=500, num_sessions=10000, label=[], item_index=[10000], user_index=[10000], session_index=[10000], item_availability=[], user_latents=[500, 5], item_latents=[20, 5], device=cuda:0)","3.9.15 (main, Nov 24 2022, 14:31:59) 
[GCC 11.2.0]",2.5.1+cu124,1.0.6,cuda,/home/tianyudu/Development/torch-choice/paper_performance_benchmarks/torch_choice_benchmark_data_totally_synthetic,./benchmark_results_aurora_20250428,all,5,50000,0.03,-1,x86_64,16,NVIDIA GeForce RTX 3090,2025-04-28,num_items_experiment_small
10000,15.30676794052124,(user_latents|item) + (item_latents|constant),1,15085.126953125,30,3743,"ChoiceDataset(num_items=30, num_users=500, num_sessions=10000, label=[], item_index=[10000], user_index=[10000], session_index=[10000], item_availability=[], user_latents=[500, 5], item_latents=[30, 5], device=cuda:0)","3.9.15 (main, Nov 24 2022, 14:31:59) 
[GCC 11.2.0]",2.5.1+cu124,1.0.6,cuda,/home/tianyudu/Development/torch-choice/paper_performance_benchmarks/torch_choice_benchmark_data_totally_synthetic,./benchmark_results_aurora_20250428,all,5,50000,0.03,-1,x86_64,16,NVIDIA GeForce RTX 3090,2025-04-28,num_items_experiment_small
10000,14.668246507644653,(user_latents|item) + (item_latents|constant),1,21228.92578125,50,3581,"ChoiceDataset(num_items=50, num_users=500, num_sessions=10000, label=[], item_index=[10000], user_index=[10000], session_index=[10000], item_availability=[], user_latents=[500, 5], item_latents=[50, 5], device=cuda:0)","3.9.15 (main, Nov 24 2022, 14:31:59) 
[GCC 11.2.0]",2.5.1+cu124,1.0.6,cuda,/home/tianyudu/Development/torch-choice/paper_performance_benchmarks/torch_choice_benchmark_data_totally_synthetic,./benchmark_results_aurora_20250428,all,5,50000,0.03,-1,x86_64,16,NVIDIA GeForce RTX 3090,2025-04-28,num_items_experiment_small
10000,17.477338075637817,(user_latents|item) + (item_latents|constant),1,28186.08984375,100,4178,"ChoiceDataset(num_items=100, num_users=500, num_sessions=10000, label=[], item_index=[10000], user_index=[10000], session_index=[10000], item_availability=[], user_latents=[500, 5], item_latents=[100, 5], device=cuda:0)","3.9.15 (main, Nov 24 2022, 14:31:59) 
[GCC 11.2.0]",2.5.1+cu124,1.0.6,cuda,/home/tianyudu/Development/torch-choice/paper_performance_benchmarks/torch_choice_benchmark_data_totally_synthetic,./benchmark_results_aurora_20250428,all,5,50000,0.03,-1,x86_64,16,NVIDIA GeForce RTX 3090,2025-04-28,num_items_experiment_small
10000,17.629518747329712,(user_latents|item) + (item_latents|constant),1,32681.22265625,150,4130,"ChoiceDataset(num_items=150, num_users=500, num_sessions=10000, label=[], item_index=[10000], user_index=[10000], session_index=[10000], item_availability=[], user_latents=[500, 5], item_latents=[150, 5], device=cuda:0)","3.9.15 (main, Nov 24 2022, 14:31:59) 
[GCC 11.2.0]",2.5.1+cu124,1.0.6,cuda,/home/tianyudu/Development/torch-choice/paper_performance_benchmarks/torch_choice_benchmark_data_totally_synthetic,./benchmark_results_aurora_20250428,all,5,50000,0.03,-1,x86_64,16,NVIDIA GeForce RTX 3090,2025-04-28,num_items_experiment_small
10000,16.858776569366455,(user_latents|item) + (item_latents|constant),1,36908.53125,200,3867,"ChoiceDataset(num_items=200, num_users=500, num_sessions=10000, label=[], item_index=[10000], user_index=[10000], session_index=[10000], item_availability=[], user_latents=[500, 5], item_latents=[200, 5], device=cuda:0)","3.9.15 (main, Nov 24 2022, 14:31:59) 
[GCC 11.2.0]",2.5.1+cu124,1.0.6,cuda,/home/tianyudu/Development/torch-choice/paper_performance_benchmarks/torch_choice_benchmark_data_totally_synthetic,./benchmark_results_aurora_20250428,all,5,50000,0.03,-1,x86_64,16,NVIDIA GeForce RTX 3090,2025-04-28,num_items_experiment_small
10000,4.252559423446655,(user_latents|item),1,20750.14453125,10,1061,"ChoiceDataset(num_items=10, num_users=500, num_sessions=10000, label=[], item_index=[10000], user_index=[10000], session_index=[10000], item_availability=[], user_latents=[500, 5], item_latents=[10, 5], device=cuda:0)","3.9.15 (main, Nov 24 2022, 14:31:59) 
[GCC 11.2.0]",2.5.1+cu124,1.0.6,cuda,/home/tianyudu/Development/torch-choice/paper_performance_benchmarks/torch_choice_benchmark_data_totally_synthetic,./benchmark_results_aurora_20250428,all,5,50000,0.03,-1,x86_64,16,NVIDIA GeForce RTX 3090,2025-04-28,num_items_experiment_small
10000,7.93871545791626,(user_latents|item),1,11319.771484375,20,1980,"ChoiceDataset(num_items=20, num_users=500, num_sessions=10000, label=[], item_index=[10000], user_index=[10000], session_index=[10000], item_availability=[], user_latents=[500, 5], item_latents=[20, 5], device=cuda:0)","3.9.15 (main, Nov 24 2022, 14:31:59) 
[GCC 11.2.0]",2.5.1+cu124,1.0.6,cuda,/home/tianyudu/Development/torch-choice/paper_performance_benchmarks/torch_choice_benchmark_data_totally_synthetic,./benchmark_results_aurora_20250428,all,5,50000,0.03,-1,x86_64,16,NVIDIA GeForce RTX 3090,2025-04-28,num_items_experiment_small
10000,14.451810359954834,(user_latents|item),1,15151.8515625,30,3603,"ChoiceDataset(num_items=30, num_users=500, num_sessions=10000, label=[], item_index=[10000], user_index=[10000], session_index=[10000], item_availability=[], user_latents=[500, 5], item_latents=[30, 5], device=cuda:0)","3.9.15 (main, Nov 24 2022, 14:31:59) 
[GCC 11.2.0]",2.5.1+cu124,1.0.6,cuda,/home/tianyudu/Development/torch-choice/paper_performance_benchmarks/torch_choice_benchmark_data_totally_synthetic,./benchmark_results_aurora_20250428,all,5,50000,0.03,-1,x86_64,16,NVIDIA GeForce RTX 3090,2025-04-28,num_items_experiment_small
10000,12.941122055053711,(user_latents|item),1,21267.703125,50,3228,"ChoiceDataset(num_items=50, num_users=500, num_sessions=10000, label=[], item_index=[10000], user_index=[10000], session_index=[10000], item_availability=[], user_latents=[500, 5], item_latents=[50, 5], device=cuda:0)","3.9.15 (main, Nov 24 2022, 14:31:59) 
[GCC 11.2.0]",2.5.1+cu124,1.0.6,cuda,/home/tianyudu/Development/torch-choice/paper_performance_benchmarks/torch_choice_benchmark_data_totally_synthetic,./benchmark_results_aurora_20250428,all,5,50000,0.03,-1,x86_64,16,NVIDIA GeForce RTX 3090,2025-04-28,num_items_experiment_small
10000,16.05994153022766,(user_latents|item),1,28221.07421875,100,3950,"ChoiceDataset(num_items=100, num_users=500, num_sessions=10000, label=[], item_index=[10000], user_index=[10000], session_index=[10000], item_availability=[], user_latents=[500, 5], item_latents=[100, 5], device=cuda:0)","3.9.15 (main, Nov 24 2022, 14:31:59) 
[GCC 11.2.0]",2.5.1+cu124,1.0.6,cuda,/home/tianyudu/Development/torch-choice/paper_performance_benchmarks/torch_choice_benchmark_data_totally_synthetic,./benchmark_results_aurora_20250428,all,5,50000,0.03,-1,x86_64,16,NVIDIA GeForce RTX 3090,2025-04-28,num_items_experiment_small
10000,17.799383878707886,(user_latents|item),1,32694.345703125,150,4371,"ChoiceDataset(num_items=150, num_users=500, num_sessions=10000, label=[], item_index=[10000], user_index=[10000], session_index=[10000], item_availability=[], user_latents=[500, 5], item_latents=[150, 5], device=cuda:0)","3.9.15 (main, Nov 24 2022, 14:31:59) 
[GCC 11.2.0]",2.5.1+cu124,1.0.6,cuda,/home/tianyudu/Development/torch-choice/paper_performance_benchmarks/torch_choice_benchmark_data_totally_synthetic,./benchmark_results_aurora_20250428,all,5,50000,0.03,-1,x86_64,16,NVIDIA GeForce RTX 3090,2025-04-28,num_items_experiment_small
10000,18.922265768051147,(user_latents|item),1,36928.421875,200,4558,"ChoiceDataset(num_items=200, num_users=500, num_sessions=10000, label=[], item_index=[10000], user_index=[10000], session_index=[10000], item_availability=[], user_latents=[500, 5], item_latents=[200, 5], device=cuda:0)","3.9.15 (main, Nov 24 2022, 14:31:59) 
[GCC 11.2.0]",2.5.1+cu124,1.0.6,cuda,/home/tianyudu/Development/torch-choice/paper_performance_benchmarks/torch_choice_benchmark_data_totally_synthetic,./benchmark_results_aurora_20250428,all,5,50000,0.03,-1,x86_64,16,NVIDIA GeForce RTX 3090,2025-04-28,num_items_experiment_small
10000,1.1617062091827393,(item_latents|constant),1,22082.791015625,10,290,"ChoiceDataset(num_items=10, num_users=500, num_sessions=10000, label=[], item_index=[10000], user_index=[10000], session_index=[10000], item_availability=[], user_latents=[500, 5], item_latents=[10, 5], device=cuda:0)","3.9.15 (main, Nov 24 2022, 14:31:59) 
[GCC 11.2.0]",2.5.1+cu124,1.0.6,cuda,/home/tianyudu/Development/torch-choice/paper_performance_benchmarks/torch_choice_benchmark_data_totally_synthetic,./benchmark_results_aurora_20250428,all,5,50000,0.03,-1,x86_64,16,NVIDIA GeForce RTX 3090,2025-04-28,num_items_experiment_small
10000,3.214700937271118,(item_latents|constant),1,21743.33984375,20,803,"ChoiceDataset(num_items=20, num_users=500, num_sessions=10000, label=[], item_index=[10000], user_index=[10000], session_index=[10000], item_availability=[], user_latents=[500, 5], item_latents=[20, 5], device=cuda:0)","3.9.15 (main, Nov 24 2022, 14:31:59) 
[GCC 11.2.0]",2.5.1+cu124,1.0.6,cuda,/home/tianyudu/Development/torch-choice/paper_performance_benchmarks/torch_choice_benchmark_data_totally_synthetic,./benchmark_results_aurora_20250428,all,5,50000,0.03,-1,x86_64,16,NVIDIA GeForce RTX 3090,2025-04-28,num_items_experiment_small
10000,1.192028522491455,(item_latents|constant),1,32261.90625,30,298,"ChoiceDataset(num_items=30, num_users=500, num_sessions=10000, label=[], item_index=[10000], user_index=[10000], session_index=[10000], item_availability=[], user_latents=[500, 5], item_latents=[30, 5], device=cuda:0)","3.9.15 (main, Nov 24 2022, 14:31:59) 
[GCC 11.2.0]",2.5.1+cu124,1.0.6,cuda,/home/tianyudu/Development/torch-choice/paper_performance_benchmarks/torch_choice_benchmark_data_totally_synthetic,./benchmark_results_aurora_20250428,all,5,50000,0.03,-1,x86_64,16,NVIDIA GeForce RTX 3090,2025-04-28,num_items_experiment_small
10000,1.160365104675293,(item_latents|constant),1,37563.875,50,290,"ChoiceDataset(num_items=50, num_users=500, num_sessions=10000, label=[], item_index=[10000], user_index=[10000], session_index=[10000], item_availability=[], user_latents=[500, 5], item_latents=[50, 5], device=cuda:0)","3.9.15 (main, Nov 24 2022, 14:31:59) 
[GCC 11.2.0]",2.5.1+cu124,1.0.6,cuda,/home/tianyudu/Development/torch-choice/paper_performance_benchmarks/torch_choice_benchmark_data_totally_synthetic,./benchmark_results_aurora_20250428,all,5,50000,0.03,-1,x86_64,16,NVIDIA GeForce RTX 3090,2025-04-28,num_items_experiment_small
10000,1.672764778137207,(item_latents|constant),1,45212.2109375,100,417,"ChoiceDataset(num_items=100, num_users=500, num_sessions=10000, label=[], item_index=[10000], user_index=[10000], session_index=[10000], item_availability=[], user_latents=[500, 5], item_latents=[100, 5], device=cuda:0)","3.9.15 (main, Nov 24 2022, 14:31:59) 
[GCC 11.2.0]",2.5.1+cu124,1.0.6,cuda,/home/tianyudu/Development/torch-choice/paper_performance_benchmarks/torch_choice_benchmark_data_totally_synthetic,./benchmark_results_aurora_20250428,all,5,50000,0.03,-1,x86_64,16,NVIDIA GeForce RTX 3090,2025-04-28,num_items_experiment_small
10000,1.4880070686340332,(item_latents|constant),1,49495.84765625,150,367,"ChoiceDataset(num_items=150, num_users=500, num_sessions=10000, label=[], item_index=[10000], user_index=[10000], session_index=[10000], item_availability=[], user_latents=[500, 5], item_latents=[150, 5], device=cuda:0)","3.9.15 (main, Nov 24 2022, 14:31:59) 
[GCC 11.2.0]",2.5.1+cu124,1.0.6,cuda,/home/tianyudu/Development/torch-choice/paper_performance_benchmarks/torch_choice_benchmark_data_totally_synthetic,./benchmark_results_aurora_20250428,all,5,50000,0.03,-1,x86_64,16,NVIDIA GeForce RTX 3090,2025-04-28,num_items_experiment_small
10000,1.046220064163208,(item_latents|constant),1,52670.8125,200,256,"ChoiceDataset(num_items=200, num_users=500, num_sessions=10000, label=[], item_index=[10000], user_index=[10000], session_index=[10000], item_availability=[], user_latents=[500, 5], item_latents=[200, 5], device=cuda:0)","3.9.15 (main, Nov 24 2022, 14:31:59) 
[GCC 11.2.0]",2.5.1+cu124,1.0.6,cuda,/home/tianyudu/Development/torch-choice/paper_performance_benchmarks/torch_choice_benchmark_data_totally_synthetic,./benchmark_results_aurora_20250428,all,5,50000,0.03,-1,x86_64,16,NVIDIA GeForce RTX 3090,2025-04-28,num_items_experiment_small
10000,5.4052417278289795,(user_latents|item) + (item_latents|constant),2,20467.125,10,1296,"ChoiceDataset(num_items=10, num_users=500, num_sessions=10000, label=[], item_index=[10000], user_index=[10000], session_index=[10000], item_availability=[], user_latents=[500, 5], item_latents=[10, 5], device=cuda:0)","3.9.15 (main, Nov 24 2022, 14:31:59) 
[GCC 11.2.0]",2.5.1+cu124,1.0.6,cuda,/home/tianyudu/Development/torch-choice/paper_performance_benchmarks/torch_choice_benchmark_data_totally_synthetic,./benchmark_results_aurora_20250428,all,5,50000,0.03,-1,x86_64,16,NVIDIA GeForce RTX 3090,2025-04-28,num_items_experiment_small
10000,10.222166299819946,(user_latents|item) + (item_latents|constant),2,11259.048828125,20,2475,"ChoiceDataset(num_items=20, num_users=500, num_sessions=10000, label=[], item_index=[10000], user_index=[10000], session_index=[10000], item_availability=[], user_latents=[500, 5], item_latents=[20, 5], device=cuda:0)","3.9.15 (main, Nov 24 2022, 14:31:59) 
[GCC 11.2.0]",2.5.1+cu124,1.0.6,cuda,/home/tianyudu/Development/torch-choice/paper_performance_benchmarks/torch_choice_benchmark_data_totally_synthetic,./benchmark_results_aurora_20250428,all,5,50000,0.03,-1,x86_64,16,NVIDIA GeForce RTX 3090,2025-04-28,num_items_experiment_small
10000,13.32915186882019,(user_latents|item) + (item_latents|constant),2,15085.126953125,30,3230,"ChoiceDataset(num_items=30, num_users=500, num_sessions=10000, label=[], item_index=[10000], user_index=[10000], session_index=[10000], item_availability=[], user_latents=[500, 5], item_latents=[30, 5], device=cuda:0)","3.9.15 (main, Nov 24 2022, 14:31:59) 
[GCC 11.2.0]",2.5.1+cu124,1.0.6,cuda,/home/tianyudu/Development/torch-choice/paper_performance_benchmarks/torch_choice_benchmark_data_totally_synthetic,./benchmark_results_aurora_20250428,all,5,50000,0.03,-1,x86_64,16,NVIDIA GeForce RTX 3090,2025-04-28,num_items_experiment_small
10000,6.3976500034332275,(user_latents|item) + (item_latents|constant),2,21228.9609375,50,1562,"ChoiceDataset(num_items=50, num_users=500, num_sessions=10000, label=[], item_index=[10000], user_index=[10000], session_index=[10000], item_availability=[], user_latents=[500, 5], item_latents=[50, 5], device=cuda:0)","3.9.15 (main, Nov 24 2022, 14:31:59) 
[GCC 11.2.0]",2.5.1+cu124,1.0.6,cuda,/home/tianyudu/Development/torch-choice/paper_performance_benchmarks/torch_choice_benchmark_data_totally_synthetic,./benchmark_results_aurora_20250428,all,5,50000,0.03,-1,x86_64,16,NVIDIA GeForce RTX 3090,2025-04-28,num_items_experiment_small
10000,13.823736190795898,(user_latents|item) + (item_latents|constant),2,28186.05859375,100,3295,"ChoiceDataset(num_items=100, num_users=500, num_sessions=10000, label=[], item_index=[10000], user_index=[10000], session_index=[10000], item_availability=[], user_latents=[500, 5], item_latents=[100, 5], device=cuda:0)","3.9.15 (main, Nov 24 2022, 14:31:59) 
[GCC 11.2.0]",2.5.1+cu124,1.0.6,cuda,/home/tianyudu/Development/torch-choice/paper_performance_benchmarks/torch_choice_benchmark_data_totally_synthetic,./benchmark_results_aurora_20250428,all,5,50000,0.03,-1,x86_64,16,NVIDIA GeForce RTX 3090,2025-04-28,num_items_experiment_small
10000,22.409379482269287,(user_latents|item) + (item_latents|constant),2,32681.244140625,150,5207,"ChoiceDataset(num_items=150, num_users=500, num_sessions=10000, label=[], item_index=[10000], user_index=[10000], session_index=[10000], item_availability=[], user_latents=[500, 5], item_latents=[150, 5], device=cuda:0)","3.9.15 (main, Nov 24 2022, 14:31:59) 
[GCC 11.2.0]",2.5.1+cu124,1.0.6,cuda,/home/tianyudu/Development/torch-choice/paper_performance_benchmarks/torch_choice_benchmark_data_totally_synthetic,./benchmark_results_aurora_20250428,all,5,50000,0.03,-1,x86_64,16,NVIDIA GeForce RTX 3090,2025-04-28,num_items_experiment_small
10000,16.5539071559906,(user_latents|item) + (item_latents|constant),2,36908.4921875,200,3809,"ChoiceDataset(num_items=200, num_users=500, num_sessions=10000, label=[], item_index=[10000], user_index=[10000], session_index=[10000], item_availability=[], user_latents=[500, 5], item_latents=[200, 5], device=cuda:0)","3.9.15 (main, Nov 24 2022, 14:31:59) 
[GCC 11.2.0]",2.5.1+cu124,1.0.6,cuda,/home/tianyudu/Development/torch-choice/paper_performance_benchmarks/torch_choice_benchmark_data_totally_synthetic,./benchmark_results_aurora_20250428,all,5,50000,0.03,-1,x86_64,16,NVIDIA GeForce RTX 3090,2025-04-28,num_items_experiment_small
10000,3.756481409072876,(user_latents|item),2,20750.14453125,10,938,"ChoiceDataset(num_items=10, num_users=500, num_sessions=10000, label=[], item_index=[10000], user_index=[10000], session_index=[10000], item_availability=[], user_latents=[500, 5], item_latents=[10, 5], device=cuda:0)","3.9.15 (main, Nov 24 2022, 14:31:59) 
[GCC 11.2.0]",2.5.1+cu124,1.0.6,cuda,/home/tianyudu/Development/torch-choice/paper_performance_benchmarks/torch_choice_benchmark_data_totally_synthetic,./benchmark_results_aurora_20250428,all,5,50000,0.03,-1,x86_64,16,NVIDIA GeForce RTX 3090,2025-04-28,num_items_experiment_small
10000,10.043264389038086,(user_latents|item),2,11319.7734375,20,2504,"ChoiceDataset(num_items=20, num_users=500, num_sessions=10000, label=[], item_index=[10000], user_index=[10000], session_index=[10000], item_availability=[], user_latents=[500, 5], item_latents=[20, 5], device=cuda:0)","3.9.15 (main, Nov 24 2022, 14:31:59) 
[GCC 11.2.0]",2.5.1+cu124,1.0.6,cuda,/home/tianyudu/Development/torch-choice/paper_performance_benchmarks/torch_choice_benchmark_data_totally_synthetic,./benchmark_results_aurora_20250428,all,5,50000,0.03,-1,x86_64,16,NVIDIA GeForce RTX 3090,2025-04-28,num_items_experiment_small
10000,10.987258195877075,(user_latents|item),2,15151.853515625,30,2756,"ChoiceDataset(num_items=30, num_users=500, num_sessions=10000, label=[], item_index=[10000], user_index=[10000], session_index=[10000], item_availability=[], user_latents=[500, 5], item_latents=[30, 5], device=cuda:0)","3.9.15 (main, Nov 24 2022, 14:31:59) 
[GCC 11.2.0]",2.5.1+cu124,1.0.6,cuda,/home/tianyudu/Development/torch-choice/paper_performance_benchmarks/torch_choice_benchmark_data_totally_synthetic,./benchmark_results_aurora_20250428,all,5,50000,0.03,-1,x86_64,16,NVIDIA GeForce RTX 3090,2025-04-28,num_items_experiment_small
10000,7.735335111618042,(user_latents|item),2,21267.7109375,50,1931,"ChoiceDataset(num_items=50, num_users=500, num_sessions=10000, label=[], item_index=[10000], user_index=[10000], session_index=[10000], item_availability=[], user_latents=[500, 5], item_latents=[50, 5], device=cuda:0)","3.9.15 (main, Nov 24 2022, 14:31:59) 
[GCC 11.2.0]",2.5.1+cu124,1.0.6,cuda,/home/tianyudu/Development/torch-choice/paper_performance_benchmarks/torch_choice_benchmark_data_totally_synthetic,./benchmark_results_aurora_20250428,all,5,50000,0.03,-1,x86_64,16,NVIDIA GeForce RTX 3090,2025-04-28,num_items_experiment_small
10000,13.14170503616333,(user_latents|item),2,28221.06640625,100,3235,"ChoiceDataset(num_items=100, num_users=500, num_sessions=10000, label=[], item_index=[10000], user_index=[10000], session_index=[10000], item_availability=[], user_latents=[500, 5], item_latents=[100, 5], device=cuda:0)","3.9.15 (main, Nov 24 2022, 14:31:59) 
[GCC 11.2.0]",2.5.1+cu124,1.0.6,cuda,/home/tianyudu/Development/torch-choice/paper_performance_benchmarks/torch_choice_benchmark_data_totally_synthetic,./benchmark_results_aurora_20250428,all,5,50000,0.03,-1,x86_64,16,NVIDIA GeForce RTX 3090,2025-04-28,num_items_experiment_small
10000,21.390501022338867,(user_latents|item),2,32694.36328125,150,5174,"ChoiceDataset(num_items=150, num_users=500, num_sessions=10000, label=[], item_index=[10000], user_index=[10000], session_index=[10000], item_availability=[], user_latents=[500, 5], item_latents=[150, 5], device=cuda:0)","3.9.15 (main, Nov 24 2022, 14:31:59) 
[GCC 11.2.0]",2.5.1+cu124,1.0.6,cuda,/home/tianyudu/Development/torch-choice/paper_performance_benchmarks/torch_choice_benchmark_data_totally_synthetic,./benchmark_results_aurora_20250428,all,5,50000,0.03,-1,x86_64,16,NVIDIA GeForce RTX 3090,2025-04-28,num_items_experiment_small
10000,16.798753023147583,(user_latents|item),2,36928.3984375,200,4021,"ChoiceDataset(num_items=200, num_users=500, num_sessions=10000, label=[], item_index=[10000], user_index=[10000], session_index=[10000], item_availability=[], user_latents=[500, 5], item_latents=[200, 5], device=cuda:0)","3.9.15 (main, Nov 24 2022, 14:31:59) 
[GCC 11.2.0]",2.5.1+cu124,1.0.6,cuda,/home/tianyudu/Development/torch-choice/paper_performance_benchmarks/torch_choice_benchmark_data_totally_synthetic,./benchmark_results_aurora_20250428,all,5,50000,0.03,-1,x86_64,16,NVIDIA GeForce RTX 3090,2025-04-28,num_items_experiment_small
10000,2.4967451095581055,(item_latents|constant),2,22082.791015625,10,624,"ChoiceDataset(num_items=10, num_users=500, num_sessions=10000, label=[], item_index=[10000], user_index=[10000], session_index=[10000], item_availability=[], user_latents=[500, 5], item_latents=[10, 5], device=cuda:0)","3.9.15 (main, Nov 24 2022, 14:31:59) 
[GCC 11.2.0]",2.5.1+cu124,1.0.6,cuda,/home/tianyudu/Development/torch-choice/paper_performance_benchmarks/torch_choice_benchmark_data_totally_synthetic,./benchmark_results_aurora_20250428,all,5,50000,0.03,-1,x86_64,16,NVIDIA GeForce RTX 3090,2025-04-28,num_items_experiment_small
10000,8.02276062965393,(item_latents|constant),2,21743.34375,20,2003,"ChoiceDataset(num_items=20, num_users=500, num_sessions=10000, label=[], item_index=[10000], user_index=[10000], session_index=[10000], item_availability=[], user_latents=[500, 5], item_latents=[20, 5], device=cuda:0)","3.9.15 (main, Nov 24 2022, 14:31:59) 
[GCC 11.2.0]",2.5.1+cu124,1.0.6,cuda,/home/tianyudu/Development/torch-choice/paper_performance_benchmarks/torch_choice_benchmark_data_totally_synthetic,./benchmark_results_aurora_20250428,all,5,50000,0.03,-1,x86_64,16,NVIDIA GeForce RTX 3090,2025-04-28,num_items_experiment_small
10000,3.367521286010742,(item_latents|constant),2,32261.90625,30,841,"ChoiceDataset(num_items=30, num_users=500, num_sessions=10000, label=[], item_index=[10000], user_index=[10000], session_index=[10000], item_availability=[], user_latents=[500, 5], item_latents=[30, 5], device=cuda:0)","3.9.15 (main, Nov 24 2022, 14:31:59) 
[GCC 11.2.0]",2.5.1+cu124,1.0.6,cuda,/home/tianyudu/Development/torch-choice/paper_performance_benchmarks/torch_choice_benchmark_data_totally_synthetic,./benchmark_results_aurora_20250428,all,5,50000,0.03,-1,x86_64,16,NVIDIA GeForce RTX 3090,2025-04-28,num_items_experiment_small
10000,3.1120715141296387,(item_latents|constant),2,37563.875,50,778,"ChoiceDataset(num_items=50, num_users=500, num_sessions=10000, label=[], item_index=[10000], user_index=[10000], session_index=[10000], item_availability=[], user_latents=[500, 5], item_latents=[50, 5], device=cuda:0)","3.9.15 (main, Nov 24 2022, 14:31:59) 
[GCC 11.2.0]",2.5.1+cu124,1.0.6,cuda,/home/tianyudu/Development/torch-choice/paper_performance_benchmarks/torch_choice_benchmark_data_totally_synthetic,./benchmark_results_aurora_20250428,all,5,50000,0.03,-1,x86_64,16,NVIDIA GeForce RTX 3090,2025-04-28,num_items_experiment_small
10000,3.3209309577941895,(item_latents|constant),2,45212.21484375,100,830,"ChoiceDataset(num_items=100, num_users=500, num_sessions=10000, label=[], item_index=[10000], user_index=[10000], session_index=[10000], item_availability=[], user_latents=[500, 5], item_latents=[100, 5], device=cuda:0)","3.9.15 (main, Nov 24 2022, 14:31:59) 
[GCC 11.2.0]",2.5.1+cu124,1.0.6,cuda,/home/tianyudu/Development/torch-choice/paper_performance_benchmarks/torch_choice_benchmark_data_totally_synthetic,./benchmark_results_aurora_20250428,all,5,50000,0.03,-1,x86_64,16,NVIDIA GeForce RTX 3090,2025-04-28,num_items_experiment_small
10000,2.27606201171875,(item_latents|constant),2,49495.8515625,150,567,"ChoiceDataset(num_items=150, num_users=500, num_sessions=10000, label=[], item_index=[10000], user_index=[10000], session_index=[10000], item_availability=[], user_latents=[500, 5], item_latents=[150, 5], device=cuda:0)","3.9.15 (main, Nov 24 2022, 14:31:59) 
[GCC 11.2.0]",2.5.1+cu124,1.0.6,cuda,/home/tianyudu/Development/torch-choice/paper_performance_benchmarks/torch_choice_benchmark_data_totally_synthetic,./benchmark_results_aurora_20250428,all,5,50000,0.03,-1,x86_64,16,NVIDIA GeForce RTX 3090,2025-04-28,num_items_experiment_small
10000,2.1325111389160156,(item_latents|constant),2,52670.81640625,200,518,"ChoiceDataset(num_items=200, num_users=500, num_sessions=10000, label=[], item_index=[10000], user_index=[10000], session_index=[10000], item_availability=[], user_latents=[500, 5], item_latents=[200, 5], device=cuda:0)","3.9.15 (main, Nov 24 2022, 14:31:59) 
[GCC 11.2.0]",2.5.1+cu124,1.0.6,cuda,/home/tianyudu/Development/torch-choice/paper_performance_benchmarks/torch_choice_benchmark_data_totally_synthetic,./benchmark_results_aurora_20250428,all,5,50000,0.03,-1,x86_64,16,NVIDIA GeForce RTX 3090,2025-04-28,num_items_experiment_small
10000,6.479142427444458,(user_latents|item) + (item_latents|constant),3,20467.125,10,1546,"ChoiceDataset(num_items=10, num_users=500, num_sessions=10000, label=[], item_index=[10000], user_index=[10000], session_index=[10000], item_availability=[], user_latents=[500, 5], item_latents=[10, 5], device=cuda:0)","3.9.15 (main, Nov 24 2022, 14:31:59) 
[GCC 11.2.0]",2.5.1+cu124,1.0.6,cuda,/home/tianyudu/Development/torch-choice/paper_performance_benchmarks/torch_choice_benchmark_data_totally_synthetic,./benchmark_results_aurora_20250428,all,5,50000,0.03,-1,x86_64,16,NVIDIA GeForce RTX 3090,2025-04-28,num_items_experiment_small
10000,9.387070178985596,(user_latents|item) + (item_latents|constant),3,11259.046875,20,2274,"ChoiceDataset(num_items=20, num_users=500, num_sessions=10000, label=[], item_index=[10000], user_index=[10000], session_index=[10000], item_availability=[], user_latents=[500, 5], item_latents=[20, 5], device=cuda:0)","3.9.15 (main, Nov 24 2022, 14:31:59) 
[GCC 11.2.0]",2.5.1+cu124,1.0.6,cuda,/home/tianyudu/Development/torch-choice/paper_performance_benchmarks/torch_choice_benchmark_data_totally_synthetic,./benchmark_results_aurora_20250428,all,5,50000,0.03,-1,x86_64,16,NVIDIA GeForce RTX 3090,2025-04-28,num_items_experiment_small
10000,12.616211414337158,(user_latents|item) + (item_latents|constant),3,15085.12890625,30,3047,"ChoiceDataset(num_items=30, num_users=500, num_sessions=10000, label=[], item_index=[10000], user_index=[10000], session_index=[10000], item_availability=[], user_latents=[500, 5], item_latents=[30, 5], device=cuda:0)","3.9.15 (main, Nov 24 2022, 14:31:59) 
[GCC 11.2.0]",2.5.1+cu124,1.0.6,cuda,/home/tianyudu/Development/torch-choice/paper_performance_benchmarks/torch_choice_benchmark_data_totally_synthetic,./benchmark_results_aurora_20250428,all,5,50000,0.03,-1,x86_64,16,NVIDIA GeForce RTX 3090,2025-04-28,num_items_experiment_small
10000,13.82081937789917,(user_latents|item) + (item_latents|constant),3,21228.93359375,50,3327,"ChoiceDataset(num_items=50, num_users=500, num_sessions=10000, label=[], item_index=[10000], user_index=[10000], session_index=[10000], item_availability=[], user_latents=[500, 5], item_latents=[50, 5], device=cuda:0)","3.9.15 (main, Nov 24 2022, 14:31:59) 
[GCC 11.2.0]",2.5.1+cu124,1.0.6,cuda,/home/tianyudu/Development/torch-choice/paper_performance_benchmarks/torch_choice_benchmark_data_totally_synthetic,./benchmark_results_aurora_20250428,all,5,50000,0.03,-1,x86_64,16,NVIDIA GeForce RTX 3090,2025-04-28,num_items_experiment_small
10000,19.129043579101562,(user_latents|item) + (item_latents|constant),3,28186.0859375,100,4514,"ChoiceDataset(num_items=100, num_users=500, num_sessions=10000, label=[], item_index=[10000], user_index=[10000], session_index=[10000], item_availability=[], user_latents=[500, 5], item_latents=[100, 5], device=cuda:0)","3.9.15 (main, Nov 24 2022, 14:31:59) 
[GCC 11.2.0]",2.5.1+cu124,1.0.6,cuda,/home/tianyudu/Development/torch-choice/paper_performance_benchmarks/torch_choice_benchmark_data_totally_synthetic,./benchmark_results_aurora_20250428,all,5,50000,0.03,-1,x86_64,16,NVIDIA GeForce RTX 3090,2025-04-28,num_items_experiment_small
10000,21.582838535308838,(user_latents|item) + (item_latents|constant),3,32681.23828125,150,5022,"ChoiceDataset(num_items=150, num_users=500, num_sessions=10000, label=[], item_index=[10000], user_index=[10000], session_index=[10000], item_availability=[], user_latents=[500, 5], item_latents=[150, 5], device=cuda:0)","3.9.15 (main, Nov 24 2022, 14:31:59) 
[GCC 11.2.0]",2.5.1+cu124,1.0.6,cuda,/home/tianyudu/Development/torch-choice/paper_performance_benchmarks/torch_choice_benchmark_data_totally_synthetic,./benchmark_results_aurora_20250428,all,5,50000,0.03,-1,x86_64,16,NVIDIA GeForce RTX 3090,2025-04-28,num_items_experiment_small
10000,13.299916982650757,(user_latents|item) + (item_latents|constant),3,36908.5390625,200,3041,"ChoiceDataset(num_items=200, num_users=500, num_sessions=10000, label=[], item_index=[10000], user_index=[10000], session_index=[10000], item_availability=[], user_latents=[500, 5], item_latents=[200, 5], device=cuda:0)","3.9.15 (main, Nov 24 2022, 14:31:59) 
[GCC 11.2.0]",2.5.1+cu124,1.0.6,cuda,/home/tianyudu/Development/torch-choice/paper_performance_benchmarks/torch_choice_benchmark_data_totally_synthetic,./benchmark_results_aurora_20250428,all,5,50000,0.03,-1,x86_64,16,NVIDIA GeForce RTX 3090,2025-04-28,num_items_experiment_small
10000,4.9414355754852295,(user_latents|item),3,20750.14453125,10,1234,"ChoiceDataset(num_items=10, num_users=500, num_sessions=10000, label=[], item_index=[10000], user_index=[10000], session_index=[10000], item_availability=[], user_latents=[500, 5], item_latents=[10, 5], device=cuda:0)","3.9.15 (main, Nov 24 2022, 14:31:59) 
[GCC 11.2.0]",2.5.1+cu124,1.0.6,cuda,/home/tianyudu/Development/torch-choice/paper_performance_benchmarks/torch_choice_benchmark_data_totally_synthetic,./benchmark_results_aurora_20250428,all,5,50000,0.03,-1,x86_64,16,NVIDIA GeForce RTX 3090,2025-04-28,num_items_experiment_small
10000,10.05824589729309,(user_latents|item),3,11319.7724609375,20,2506,"ChoiceDataset(num_items=20, num_users=500, num_sessions=10000, label=[], item_index=[10000], user_index=[10000], session_index=[10000], item_availability=[], user_latents=[500, 5], item_latents=[20, 5], device=cuda:0)","3.9.15 (main, Nov 24 2022, 14:31:59) 
[GCC 11.2.0]",2.5.1+cu124,1.0.6,cuda,/home/tianyudu/Development/torch-choice/paper_performance_benchmarks/torch_choice_benchmark_data_totally_synthetic,./benchmark_results_aurora_20250428,all,5,50000,0.03,-1,x86_64,16,NVIDIA GeForce RTX 3090,2025-04-28,num_items_experiment_small
10000,9.13054871559143,(user_latents|item),3,15151.85546875,30,2279,"ChoiceDataset(num_items=30, num_users=500, num_sessions=10000, label=[], item_index=[10000], user_index=[10000], session_index=[10000], item_availability=[], user_latents=[500, 5], item_latents=[30, 5], device=cuda:0)","3.9.15 (main, Nov 24 2022, 14:31:59) 
[GCC 11.2.0]",2.5.1+cu124,1.0.6,cuda,/home/tianyudu/Development/torch-choice/paper_performance_benchmarks/torch_choice_benchmark_data_totally_synthetic,./benchmark_results_aurora_20250428,all,5,50000,0.03,-1,x86_64,16,NVIDIA GeForce RTX 3090,2025-04-28,num_items_experiment_small
10000,13.04123306274414,(user_latents|item),3,21267.70703125,50,3255,"ChoiceDataset(num_items=50, num_users=500, num_sessions=10000, label=[], item_index=[10000], user_index=[10000], session_index=[10000], item_availability=[], user_latents=[500, 5], item_latents=[50, 5], device=cuda:0)","3.9.15 (main, Nov 24 2022, 14:31:59) 
[GCC 11.2.0]",2.5.1+cu124,1.0.6,cuda,/home/tianyudu/Development/torch-choice/paper_performance_benchmarks/torch_choice_benchmark_data_totally_synthetic,./benchmark_results_aurora_20250428,all,5,50000,0.03,-1,x86_64,16,NVIDIA GeForce RTX 3090,2025-04-28,num_items_experiment_small
10000,18.451396226882935,(user_latents|item),3,28221.08203125,100,4552,"ChoiceDataset(num_items=100, num_users=500, num_sessions=10000, label=[], item_index=[10000], user_index=[10000], session_index=[10000], item_availability=[], user_latents=[500, 5], item_latents=[100, 5], device=cuda:0)","3.9.15 (main, Nov 24 2022, 14:31:59) 
[GCC 11.2.0]",2.5.1+cu124,1.0.6,cuda,/home/tianyudu/Development/torch-choice/paper_performance_benchmarks/torch_choice_benchmark_data_totally_synthetic,./benchmark_results_aurora_20250428,all,5,50000,0.03,-1,x86_64,16,NVIDIA GeForce RTX 3090,2025-04-28,num_items_experiment_small
10000,17.818228483200073,(user_latents|item),3,32694.359375,150,4293,"ChoiceDataset(num_items=150, num_users=500, num_sessions=10000, label=[], item_index=[10000], user_index=[10000], session_index=[10000], item_availability=[], user_latents=[500, 5], item_latents=[150, 5], device=cuda:0)","3.9.15 (main, Nov 24 2022, 14:31:59) 
[GCC 11.2.0]",2.5.1+cu124,1.0.6,cuda,/home/tianyudu/Development/torch-choice/paper_performance_benchmarks/torch_choice_benchmark_data_totally_synthetic,./benchmark_results_aurora_20250428,all,5,50000,0.03,-1,x86_64,16,NVIDIA GeForce RTX 3090,2025-04-28,num_items_experiment_small
10000,13.657214164733887,(user_latents|item),3,36928.4609375,200,3242,"ChoiceDataset(num_items=200, num_users=500, num_sessions=10000, label=[], item_index=[10000], user_index=[10000], session_index=[10000], item_availability=[], user_latents=[500, 5], item_latents=[200, 5], device=cuda:0)","3.9.15 (main, Nov 24 2022, 14:31:59) 
[GCC 11.2.0]",2.5.1+cu124,1.0.6,cuda,/home/tianyudu/Development/torch-choice/paper_performance_benchmarks/torch_choice_benchmark_data_totally_synthetic,./benchmark_results_aurora_20250428,all,5,50000,0.03,-1,x86_64,16,NVIDIA GeForce RTX 3090,2025-04-28,num_items_experiment_small
10000,2.8188843727111816,(item_latents|constant),3,22082.79296875,10,704,"ChoiceDataset(num_items=10, num_users=500, num_sessions=10000, label=[], item_index=[10000], user_index=[10000], session_index=[10000], item_availability=[], user_latents=[500, 5], item_latents=[10, 5], device=cuda:0)","3.9.15 (main, Nov 24 2022, 14:31:59) 
[GCC 11.2.0]",2.5.1+cu124,1.0.6,cuda,/home/tianyudu/Development/torch-choice/paper_performance_benchmarks/torch_choice_benchmark_data_totally_synthetic,./benchmark_results_aurora_20250428,all,5,50000,0.03,-1,x86_64,16,NVIDIA GeForce RTX 3090,2025-04-28,num_items_experiment_small
10000,5.527108907699585,(item_latents|constant),3,21743.34375,20,1381,"ChoiceDataset(num_items=20, num_users=500, num_sessions=10000, label=[], item_index=[10000], user_index=[10000], session_index=[10000], item_availability=[], user_latents=[500, 5], item_latents=[20, 5], device=cuda:0)","3.9.15 (main, Nov 24 2022, 14:31:59) 
[GCC 11.2.0]",2.5.1+cu124,1.0.6,cuda,/home/tianyudu/Development/torch-choice/paper_performance_benchmarks/torch_choice_benchmark_data_totally_synthetic,./benchmark_results_aurora_20250428,all,5,50000,0.03,-1,x86_64,16,NVIDIA GeForce RTX 3090,2025-04-28,num_items_experiment_small
10000,1.7903637886047363,(item_latents|constant),3,32261.90625,30,447,"ChoiceDataset(num_items=30, num_users=500, num_sessions=10000, label=[], item_index=[10000], user_index=[10000], session_index=[10000], item_availability=[], user_latents=[500, 5], item_latents=[30, 5], device=cuda:0)","3.9.15 (main, Nov 24 2022, 14:31:59) 
[GCC 11.2.0]",2.5.1+cu124,1.0.6,cuda,/home/tianyudu/Development/torch-choice/paper_performance_benchmarks/torch_choice_benchmark_data_totally_synthetic,./benchmark_results_aurora_20250428,all,5,50000,0.03,-1,x86_64,16,NVIDIA GeForce RTX 3090,2025-04-28,num_items_experiment_small
10000,1.856011152267456,(item_latents|constant),3,37563.875,50,462,"ChoiceDataset(num_items=50, num_users=500, num_sessions=10000, label=[], item_index=[10000], user_index=[10000], session_index=[10000], item_availability=[], user_latents=[500, 5], item_latents=[50, 5], device=cuda:0)","3.9.15 (main, Nov 24 2022, 14:31:59) 
[GCC 11.2.0]",2.5.1+cu124,1.0.6,cuda,/home/tianyudu/Development/torch-choice/paper_performance_benchmarks/torch_choice_benchmark_data_totally_synthetic,./benchmark_results_aurora_20250428,all,5,50000,0.03,-1,x86_64,16,NVIDIA GeForce RTX 3090,2025-04-28,num_items_experiment_small
10000,2.0763099193573,(item_latents|constant),3,45212.21484375,100,519,"ChoiceDataset(num_items=100, num_users=500, num_sessions=10000, label=[], item_index=[10000], user_index=[10000], session_index=[10000], item_availability=[], user_latents=[500, 5], item_latents=[100, 5], device=cuda:0)","3.9.15 (main, Nov 24 2022, 14:31:59) 
[GCC 11.2.0]",2.5.1+cu124,1.0.6,cuda,/home/tianyudu/Development/torch-choice/paper_performance_benchmarks/torch_choice_benchmark_data_totally_synthetic,./benchmark_results_aurora_20250428,all,5,50000,0.03,-1,x86_64,16,NVIDIA GeForce RTX 3090,2025-04-28,num_items_experiment_small
10000,1.8944203853607178,(item_latents|constant),3,49495.84375,150,465,"ChoiceDataset(num_items=150, num_users=500, num_sessions=10000, label=[], item_index=[10000], user_index=[10000], session_index=[10000], item_availability=[], user_latents=[500, 5], item_latents=[150, 5], device=cuda:0)","3.9.15 (main, Nov 24 2022, 14:31:59) 
[GCC 11.2.0]",2.5.1+cu124,1.0.6,cuda,/home/tianyudu/Development/torch-choice/paper_performance_benchmarks/torch_choice_benchmark_data_totally_synthetic,./benchmark_results_aurora_20250428,all,5,50000,0.03,-1,x86_64,16,NVIDIA GeForce RTX 3090,2025-04-28,num_items_experiment_small
10000,1.5465714931488037,(item_latents|constant),3,52670.8125,200,374,"ChoiceDataset(num_items=200, num_users=500, num_sessions=10000, label=[], item_index=[10000], user_index=[10000], session_index=[10000], item_availability=[], user_latents=[500, 5], item_latents=[200, 5], device=cuda:0)","3.9.15 (main, Nov 24 2022, 14:31:59) 
[GCC 11.2.0]",2.5.1+cu124,1.0.6,cuda,/home/tianyudu/Development/torch-choice/paper_performance_benchmarks/torch_choice_benchmark_data_totally_synthetic,./benchmark_results_aurora_20250428,all,5,50000,0.03,-1,x86_64,16,NVIDIA GeForce RTX 3090,2025-04-28,num_items_experiment_small
10000,7.535738945007324,(user_latents|item) + (item_latents|constant),4,20467.125,10,1825,"ChoiceDataset(num_items=10, num_users=500, num_sessions=10000, label=[], item_index=[10000], user_index=[10000], session_index=[10000], item_availability=[], user_latents=[500, 5], item_latents=[10, 5], device=cuda:0)","3.9.15 (main, Nov 24 2022, 14:31:59) 
[GCC 11.2.0]",2.5.1+cu124,1.0.6,cuda,/home/tianyudu/Development/torch-choice/paper_performance_benchmarks/torch_choice_benchmark_data_totally_synthetic,./benchmark_results_aurora_20250428,all,5,50000,0.03,-1,x86_64,16,NVIDIA GeForce RTX 3090,2025-04-28,num_items_experiment_small
10000,10.062382936477661,(user_latents|item) + (item_latents|constant),4,11259.046875,20,2449,"ChoiceDataset(num_items=20, num_users=500, num_sessions=10000, label=[], item_index=[10000], user_index=[10000], session_index=[10000], item_availability=[], user_latents=[500, 5], item_latents=[20, 5], device=cuda:0)","3.9.15 (main, Nov 24 2022, 14:31:59) 
[GCC 11.2.0]",2.5.1+cu124,1.0.6,cuda,/home/tianyudu/Development/torch-choice/paper_performance_benchmarks/torch_choice_benchmark_data_totally_synthetic,./benchmark_results_aurora_20250428,all,5,50000,0.03,-1,x86_64,16,NVIDIA GeForce RTX 3090,2025-04-28,num_items_experiment_small
10000,15.347884178161621,(user_latents|item) + (item_latents|constant),4,15085.126953125,30,3717,"ChoiceDataset(num_items=30, num_users=500, num_sessions=10000, label=[], item_index=[10000], user_index=[10000], session_index=[10000], item_availability=[], user_latents=[500, 5], item_latents=[30, 5], device=cuda:0)","3.9.15 (main, Nov 24 2022, 14:31:59) 
[GCC 11.2.0]",2.5.1+cu124,1.0.6,cuda,/home/tianyudu/Development/torch-choice/paper_performance_benchmarks/torch_choice_benchmark_data_totally_synthetic,./benchmark_results_aurora_20250428,all,5,50000,0.03,-1,x86_64,16,NVIDIA GeForce RTX 3090,2025-04-28,num_items_experiment_small
10000,16.369192123413086,(user_latents|item) + (item_latents|constant),4,21228.9296875,50,3968,"ChoiceDataset(num_items=50, num_users=500, num_sessions=10000, label=[], item_index=[10000], user_index=[10000], session_index=[10000], item_availability=[], user_latents=[500, 5], item_latents=[50, 5], device=cuda:0)","3.9.15 (main, Nov 24 2022, 14:31:59) 
[GCC 11.2.0]",2.5.1+cu124,1.0.6,cuda,/home/tianyudu/Development/torch-choice/paper_performance_benchmarks/torch_choice_benchmark_data_totally_synthetic,./benchmark_results_aurora_20250428,all,5,50000,0.03,-1,x86_64,16,NVIDIA GeForce RTX 3090,2025-04-28,num_items_experiment_small
10000,17.137548208236694,(user_latents|item) + (item_latents|constant),4,28186.10546875,100,4060,"ChoiceDataset(num_items=100, num_users=500, num_sessions=10000, label=[], item_index=[10000], user_index=[10000], session_index=[10000], item_availability=[], user_latents=[500, 5], item_latents=[100, 5], device=cuda:0)","3.9.15 (main, Nov 24 2022, 14:31:59) 
[GCC 11.2.0]",2.5.1+cu124,1.0.6,cuda,/home/tianyudu/Development/torch-choice/paper_performance_benchmarks/torch_choice_benchmark_data_totally_synthetic,./benchmark_results_aurora_20250428,all,5,50000,0.03,-1,x86_64,16,NVIDIA GeForce RTX 3090,2025-04-28,num_items_experiment_small
10000,16.645188570022583,(user_latents|item) + (item_latents|constant),4,32681.23828125,150,3874,"ChoiceDataset(num_items=150, num_users=500, num_sessions=10000, label=[], item_index=[10000], user_index=[10000], session_index=[10000], item_availability=[], user_latents=[500, 5], item_latents=[150, 5], device=cuda:0)","3.9.15 (main, Nov 24 2022, 14:31:59) 
[GCC 11.2.0]",2.5.1+cu124,1.0.6,cuda,/home/tianyudu/Development/torch-choice/paper_performance_benchmarks/torch_choice_benchmark_data_totally_synthetic,./benchmark_results_aurora_20250428,all,5,50000,0.03,-1,x86_64,16,NVIDIA GeForce RTX 3090,2025-04-28,num_items_experiment_small
10000,14.82015061378479,(user_latents|item) + (item_latents|constant),4,36908.5859375,200,3369,"ChoiceDataset(num_items=200, num_users=500, num_sessions=10000, label=[], item_index=[10000], user_index=[10000], session_index=[10000], item_availability=[], user_latents=[500, 5], item_latents=[200, 5], device=cuda:0)","3.9.15 (main, Nov 24 2022, 14:31:59) 
[GCC 11.2.0]",2.5.1+cu124,1.0.6,cuda,/home/tianyudu/Development/torch-choice/paper_performance_benchmarks/torch_choice_benchmark_data_totally_synthetic,./benchmark_results_aurora_20250428,all,5,50000,0.03,-1,x86_64,16,NVIDIA GeForce RTX 3090,2025-04-28,num_items_experiment_small
10000,5.424594879150391,(user_latents|item),4,20750.1484375,10,1354,"ChoiceDataset(num_items=10, num_users=500, num_sessions=10000, label=[], item_index=[10000], user_index=[10000], session_index=[10000], item_availability=[], user_latents=[500, 5], item_latents=[10, 5], device=cuda:0)","3.9.15 (main, Nov 24 2022, 14:31:59) 
[GCC 11.2.0]",2.5.1+cu124,1.0.6,cuda,/home/tianyudu/Development/torch-choice/paper_performance_benchmarks/torch_choice_benchmark_data_totally_synthetic,./benchmark_results_aurora_20250428,all,5,50000,0.03,-1,x86_64,16,NVIDIA GeForce RTX 3090,2025-04-28,num_items_experiment_small
10000,7.88689398765564,(user_latents|item),4,11319.7734375,20,1964,"ChoiceDataset(num_items=20, num_users=500, num_sessions=10000, label=[], item_index=[10000], user_index=[10000], session_index=[10000], item_availability=[], user_latents=[500, 5], item_latents=[20, 5], device=cuda:0)","3.9.15 (main, Nov 24 2022, 14:31:59) 
[GCC 11.2.0]",2.5.1+cu124,1.0.6,cuda,/home/tianyudu/Development/torch-choice/paper_performance_benchmarks/torch_choice_benchmark_data_totally_synthetic,./benchmark_results_aurora_20250428,all,5,50000,0.03,-1,x86_64,16,NVIDIA GeForce RTX 3090,2025-04-28,num_items_experiment_small
10000,13.586676597595215,(user_latents|item),4,15151.853515625,30,3389,"ChoiceDataset(num_items=30, num_users=500, num_sessions=10000, label=[], item_index=[10000], user_index=[10000], session_index=[10000], item_availability=[], user_latents=[500, 5], item_latents=[30, 5], device=cuda:0)","3.9.15 (main, Nov 24 2022, 14:31:59) 
[GCC 11.2.0]",2.5.1+cu124,1.0.6,cuda,/home/tianyudu/Development/torch-choice/paper_performance_benchmarks/torch_choice_benchmark_data_totally_synthetic,./benchmark_results_aurora_20250428,all,5,50000,0.03,-1,x86_64,16,NVIDIA GeForce RTX 3090,2025-04-28,num_items_experiment_small
10000,14.083729267120361,(user_latents|item),4,21267.70703125,50,3545,"ChoiceDataset(num_items=50, num_users=500, num_sessions=10000, label=[], item_index=[10000], user_index=[10000], session_index=[10000], item_availability=[], user_latents=[500, 5], item_latents=[50, 5], device=cuda:0)","3.9.15 (main, Nov 24 2022, 14:31:59) 
[GCC 11.2.0]",2.5.1+cu124,1.0.6,cuda,/home/tianyudu/Development/torch-choice/paper_performance_benchmarks/torch_choice_benchmark_data_totally_synthetic,./benchmark_results_aurora_20250428,all,5,50000,0.03,-1,x86_64,16,NVIDIA GeForce RTX 3090,2025-04-28,num_items_experiment_small
10000,18.51341676712036,(user_latents|item),4,28221.091796875,100,4596,"ChoiceDataset(num_items=100, num_users=500, num_sessions=10000, label=[], item_index=[10000], user_index=[10000], session_index=[10000], item_availability=[], user_latents=[500, 5], item_latents=[100, 5], device=cuda:0)","3.9.15 (main, Nov 24 2022, 14:31:59) 
[GCC 11.2.0]",2.5.1+cu124,1.0.6,cuda,/home/tianyudu/Development/torch-choice/paper_performance_benchmarks/torch_choice_benchmark_data_totally_synthetic,./benchmark_results_aurora_20250428,all,5,50000,0.03,-1,x86_64,16,NVIDIA GeForce RTX 3090,2025-04-28,num_items_experiment_small
10000,18.373743534088135,(user_latents|item),4,32694.353515625,150,4457,"ChoiceDataset(num_items=150, num_users=500, num_sessions=10000, label=[], item_index=[10000], user_index=[10000], session_index=[10000], item_availability=[], user_latents=[500, 5], item_latents=[150, 5], device=cuda:0)","3.9.15 (main, Nov 24 2022, 14:31:59) 
[GCC 11.2.0]",2.5.1+cu124,1.0.6,cuda,/home/tianyudu/Development/torch-choice/paper_performance_benchmarks/torch_choice_benchmark_data_totally_synthetic,./benchmark_results_aurora_20250428,all,5,50000,0.03,-1,x86_64,16,NVIDIA GeForce RTX 3090,2025-04-28,num_items_experiment_small
10000,13.792032718658447,(user_latents|item),4,36928.4296875,200,3278,"ChoiceDataset(num_items=200, num_users=500, num_sessions=10000, label=[], item_index=[10000], user_index=[10000], session_index=[10000], item_availability=[], user_latents=[500, 5], item_latents=[200, 5], device=cuda:0)","3.9.15 (main, Nov 24 2022, 14:31:59) 
[GCC 11.2.0]",2.5.1+cu124,1.0.6,cuda,/home/tianyudu/Development/torch-choice/paper_performance_benchmarks/torch_choice_benchmark_data_totally_synthetic,./benchmark_results_aurora_20250428,all,5,50000,0.03,-1,x86_64,16,NVIDIA GeForce RTX 3090,2025-04-28,num_items_experiment_small
10000,1.7855844497680664,(item_latents|constant),4,22082.79296875,10,446,"ChoiceDataset(num_items=10, num_users=500, num_sessions=10000, label=[], item_index=[10000], user_index=[10000], session_index=[10000], item_availability=[], user_latents=[500, 5], item_latents=[10, 5], device=cuda:0)","3.9.15 (main, Nov 24 2022, 14:31:59) 
[GCC 11.2.0]",2.5.1+cu124,1.0.6,cuda,/home/tianyudu/Development/torch-choice/paper_performance_benchmarks/torch_choice_benchmark_data_totally_synthetic,./benchmark_results_aurora_20250428,all,5,50000,0.03,-1,x86_64,16,NVIDIA GeForce RTX 3090,2025-04-28,num_items_experiment_small
10000,8.62680172920227,(item_latents|constant),4,21743.34375,20,2194,"ChoiceDataset(num_items=20, num_users=500, num_sessions=10000, label=[], item_index=[10000], user_index=[10000], session_index=[10000], item_availability=[], user_latents=[500, 5], item_latents=[20, 5], device=cuda:0)","3.9.15 (main, Nov 24 2022, 14:31:59) 
[GCC 11.2.0]",2.5.1+cu124,1.0.6,cuda,/home/tianyudu/Development/torch-choice/paper_performance_benchmarks/torch_choice_benchmark_data_totally_synthetic,./benchmark_results_aurora_20250428,all,5,50000,0.03,-1,x86_64,16,NVIDIA GeForce RTX 3090,2025-04-28,num_items_experiment_small
10000,2.6879994869232178,(item_latents|constant),4,32261.90625,30,670,"ChoiceDataset(num_items=30, num_users=500, num_sessions=10000, label=[], item_index=[10000], user_index=[10000], session_index=[10000], item_availability=[], user_latents=[500, 5], item_latents=[30, 5], device=cuda:0)","3.9.15 (main, Nov 24 2022, 14:31:59) 
[GCC 11.2.0]",2.5.1+cu124,1.0.6,cuda,/home/tianyudu/Development/torch-choice/paper_performance_benchmarks/torch_choice_benchmark_data_totally_synthetic,./benchmark_results_aurora_20250428,all,5,50000,0.03,-1,x86_64,16,NVIDIA GeForce RTX 3090,2025-04-28,num_items_experiment_small
10000,2.6500205993652344,(item_latents|constant),4,37563.875,50,662,"ChoiceDataset(num_items=50, num_users=500, num_sessions=10000, label=[], item_index=[10000], user_index=[10000], session_index=[10000], item_availability=[], user_latents=[500, 5], item_latents=[50, 5], device=cuda:0)","3.9.15 (main, Nov 24 2022, 14:31:59) 
[GCC 11.2.0]",2.5.1+cu124,1.0.6,cuda,/home/tianyudu/Development/torch-choice/paper_performance_benchmarks/torch_choice_benchmark_data_totally_synthetic,./benchmark_results_aurora_20250428,all,5,50000,0.03,-1,x86_64,16,NVIDIA GeForce RTX 3090,2025-04-28,num_items_experiment_small
10000,2.341423273086548,(item_latents|constant),4,45212.2109375,100,585,"ChoiceDataset(num_items=100, num_users=500, num_sessions=10000, label=[], item_index=[10000], user_index=[10000], session_index=[10000], item_availability=[], user_latents=[500, 5], item_latents=[100, 5], device=cuda:0)","3.9.15 (main, Nov 24 2022, 14:31:59) 
[GCC 11.2.0]",2.5.1+cu124,1.0.6,cuda,/home/tianyudu/Development/torch-choice/paper_performance_benchmarks/torch_choice_benchmark_data_totally_synthetic,./benchmark_results_aurora_20250428,all,5,50000,0.03,-1,x86_64,16,NVIDIA GeForce RTX 3090,2025-04-28,num_items_experiment_small
10000,2.3095862865448,(item_latents|constant),4,49495.84375,150,575,"ChoiceDataset(num_items=150, num_users=500, num_sessions=10000, label=[], item_index=[10000], user_index=[10000], session_index=[10000], item_availability=[], user_latents=[500, 5], item_latents=[150, 5], device=cuda:0)","3.9.15 (main, Nov 24 2022, 14:31:59) 
[GCC 11.2.0]",2.5.1+cu124,1.0.6,cuda,/home/tianyudu/Development/torch-choice/paper_performance_benchmarks/torch_choice_benchmark_data_totally_synthetic,./benchmark_results_aurora_20250428,all,5,50000,0.03,-1,x86_64,16,NVIDIA GeForce RTX 3090,2025-04-28,num_items_experiment_small
10000,2.556250810623169,(item_latents|constant),4,52670.8125,200,625,"ChoiceDataset(num_items=200, num_users=500, num_sessions=10000, label=[], item_index=[10000], user_index=[10000], session_index=[10000], item_availability=[], user_latents=[500, 5], item_latents=[200, 5], device=cuda:0)","3.9.15 (main, Nov 24 2022, 14:31:59) 
[GCC 11.2.0]",2.5.1+cu124,1.0.6,cuda,/home/tianyudu/Development/torch-choice/paper_performance_benchmarks/torch_choice_benchmark_data_totally_synthetic,./benchmark_results_aurora_20250428,all,5,50000,0.03,-1,x86_64,16,NVIDIA GeForce RTX 3090,2025-04-28,num_items_experiment_small
