"time","formula","seed","parameter_count","final_likelihood","num_observations","num_records","R_version","mlogit_version","tictoc_version","stringr_version","sysname","nodename","release","machine"
7.34499999999753,"choice ~ 0 | user_latent_0 + user_latent_1 + user_latent_2 + user_latent_3 + user_latent_4 + user_latent_5 + user_latent_6 + user_latent_7 + user_latent_8 + user_latent_9 - 1 | 0",1,290,-9208.7766902676,90000,3000,"R version 4.3.3 (2024-02-29)","1.1.3","1.2.1","1.6.0","Linux","tianyu-Alienware-Aurora","6.8.0-90-generic","x86_64"
0.835000000002765,"choice ~ item_latent_0 + item_latent_1 + item_latent_2 + item_latent_3 + item_latent_4 + item_latent_5 + item_latent_6 + item_latent_7 + item_latent_8 + item_latent_9 - 1 | 0 | 0",1,10,-9869.23087259412,90000,3000,"R version 4.3.3 (2024-02-29)","1.1.3","1.2.1","1.6.0","Linux","tianyu-Alienware-Aurora","6.8.0-90-generic","x86_64"
7.30600000000049,"choice ~ item_latent_0 + item_latent_1 + item_latent_2 + item_latent_3 + item_latent_4 + item_latent_5 + item_latent_6 + item_latent_7 + item_latent_8 + item_latent_9 - 1 | user_latent_0 + user_latent_1 + user_latent_2 + user_latent_3 + user_latent_4 + user_latent_5 + user_latent_6 + user_latent_7 + user_latent_8 + user_latent_9 - 1 | 0",1,300,-9202.65928774226,90000,3000,"R version 4.3.3 (2024-02-29)","1.1.3","1.2.1","1.6.0","Linux","tianyu-Alienware-Aurora","6.8.0-90-generic","x86_64"
10.0030000000006,"choice ~ 0 | user_latent_0 + user_latent_1 + user_latent_2 + user_latent_3 + user_latent_4 + user_latent_5 + user_latent_6 + user_latent_7 + user_latent_8 + user_latent_9 - 1 | 0",1,290,-15470.5934943507,150000,5000,"R version 4.3.3 (2024-02-29)","1.1.3","1.2.1","1.6.0","Linux","tianyu-Alienware-Aurora","6.8.0-90-generic","x86_64"
1.44899999999689,"choice ~ item_latent_0 + item_latent_1 + item_latent_2 + item_latent_3 + item_latent_4 + item_latent_5 + item_latent_6 + item_latent_7 + item_latent_8 + item_latent_9 - 1 | 0 | 0",1,10,-16451.9937792526,150000,5000,"R version 4.3.3 (2024-02-29)","1.1.3","1.2.1","1.6.0","Linux","tianyu-Alienware-Aurora","6.8.0-90-generic","x86_64"
10.8000000000029,"choice ~ item_latent_0 + item_latent_1 + item_latent_2 + item_latent_3 + item_latent_4 + item_latent_5 + item_latent_6 + item_latent_7 + item_latent_8 + item_latent_9 - 1 | user_latent_0 + user_latent_1 + user_latent_2 + user_latent_3 + user_latent_4 + user_latent_5 + user_latent_6 + user_latent_7 + user_latent_8 + user_latent_9 - 1 | 0",1,300,-15462.9184649971,150000,5000,"R version 4.3.3 (2024-02-29)","1.1.3","1.2.1","1.6.0","Linux","tianyu-Alienware-Aurora","6.8.0-90-generic","x86_64"
15.8409999999967,"choice ~ 0 | user_latent_0 + user_latent_1 + user_latent_2 + user_latent_3 + user_latent_4 + user_latent_5 + user_latent_6 + user_latent_7 + user_latent_8 + user_latent_9 - 1 | 0",1,290,-21700.0573903009,210000,7000,"R version 4.3.3 (2024-02-29)","1.1.3","1.2.1","1.6.0","Linux","tianyu-Alienware-Aurora","6.8.0-90-generic","x86_64"
2.26499999999942,"choice ~ item_latent_0 + item_latent_1 + item_latent_2 + item_latent_3 + item_latent_4 + item_latent_5 + item_latent_6 + item_latent_7 + item_latent_8 + item_latent_9 - 1 | 0 | 0",1,10,-23020.3608148559,210000,7000,"R version 4.3.3 (2024-02-29)","1.1.3","1.2.1","1.6.0","Linux","tianyu-Alienware-Aurora","6.8.0-90-generic","x86_64"
17.1210000000028,"choice ~ item_latent_0 + item_latent_1 + item_latent_2 + item_latent_3 + item_latent_4 + item_latent_5 + item_latent_6 + item_latent_7 + item_latent_8 + item_latent_9 - 1 | user_latent_0 + user_latent_1 + user_latent_2 + user_latent_3 + user_latent_4 + user_latent_5 + user_latent_6 + user_latent_7 + user_latent_8 + user_latent_9 - 1 | 0",1,300,-21689.2707835334,210000,7000,"R version 4.3.3 (2024-02-29)","1.1.3","1.2.1","1.6.0","Linux","tianyu-Alienware-Aurora","6.8.0-90-generic","x86_64"
21.4420000000027,"choice ~ 0 | user_latent_0 + user_latent_1 + user_latent_2 + user_latent_3 + user_latent_4 + user_latent_5 + user_latent_6 + user_latent_7 + user_latent_8 + user_latent_9 - 1 | 0",1,290,-31138.4627367885,300000,10000,"R version 4.3.3 (2024-02-29)","1.1.3","1.2.1","1.6.0","Linux","tianyu-Alienware-Aurora","6.8.0-90-generic","x86_64"
3.37199999999939,"choice ~ item_latent_0 + item_latent_1 + item_latent_2 + item_latent_3 + item_latent_4 + item_latent_5 + item_latent_6 + item_latent_7 + item_latent_8 + item_latent_9 - 1 | 0 | 0",1,10,-32871.1343543936,300000,10000,"R version 4.3.3 (2024-02-29)","1.1.3","1.2.1","1.6.0","Linux","tianyu-Alienware-Aurora","6.8.0-90-generic","x86_64"
22.5819999999985,"choice ~ item_latent_0 + item_latent_1 + item_latent_2 + item_latent_3 + item_latent_4 + item_latent_5 + item_latent_6 + item_latent_7 + item_latent_8 + item_latent_9 - 1 | user_latent_0 + user_latent_1 + user_latent_2 + user_latent_3 + user_latent_4 + user_latent_5 + user_latent_6 + user_latent_7 + user_latent_8 + user_latent_9 - 1 | 0",1,300,-31126.8580635767,300000,10000,"R version 4.3.3 (2024-02-29)","1.1.3","1.2.1","1.6.0","Linux","tianyu-Alienware-Aurora","6.8.0-90-generic","x86_64"
63.9749999999985,"choice ~ 0 | user_latent_0 + user_latent_1 + user_latent_2 + user_latent_3 + user_latent_4 + user_latent_5 + user_latent_6 + user_latent_7 + user_latent_8 + user_latent_9 - 1 | 0",1,290,-93337.0937184306,900000,30000,"R version 4.3.3 (2024-02-29)","1.1.3","1.2.1","1.6.0","Linux","tianyu-Alienware-Aurora","6.8.0-90-generic","x86_64"
10.4439999999995,"choice ~ item_latent_0 + item_latent_1 + item_latent_2 + item_latent_3 + item_latent_4 + item_latent_5 + item_latent_6 + item_latent_7 + item_latent_8 + item_latent_9 - 1 | 0 | 0",1,10,-98488.7715390398,900000,30000,"R version 4.3.3 (2024-02-29)","1.1.3","1.2.1","1.6.0","Linux","tianyu-Alienware-Aurora","6.8.0-90-generic","x86_64"
66.4390000000021,"choice ~ item_latent_0 + item_latent_1 + item_latent_2 + item_latent_3 + item_latent_4 + item_latent_5 + item_latent_6 + item_latent_7 + item_latent_8 + item_latent_9 - 1 | user_latent_0 + user_latent_1 + user_latent_2 + user_latent_3 + user_latent_4 + user_latent_5 + user_latent_6 + user_latent_7 + user_latent_8 + user_latent_9 - 1 | 0",1,300,-93319.1704515513,900000,30000,"R version 4.3.3 (2024-02-29)","1.1.3","1.2.1","1.6.0","Linux","tianyu-Alienware-Aurora","6.8.0-90-generic","x86_64"
109.402000000002,"choice ~ 0 | user_latent_0 + user_latent_1 + user_latent_2 + user_latent_3 + user_latent_4 + user_latent_5 + user_latent_6 + user_latent_7 + user_latent_8 + user_latent_9 - 1 | 0",1,290,-155784.071830566,1500000,50000,"R version 4.3.3 (2024-02-29)","1.1.3","1.2.1","1.6.0","Linux","tianyu-Alienware-Aurora","6.8.0-90-generic","x86_64"
19.4969999999994,"choice ~ item_latent_0 + item_latent_1 + item_latent_2 + item_latent_3 + item_latent_4 + item_latent_5 + item_latent_6 + item_latent_7 + item_latent_8 + item_latent_9 - 1 | 0 | 0",1,10,-164300.580369037,1500000,50000,"R version 4.3.3 (2024-02-29)","1.1.3","1.2.1","1.6.0","Linux","tianyu-Alienware-Aurora","6.8.0-90-generic","x86_64"
113.132000000001,"choice ~ item_latent_0 + item_latent_1 + item_latent_2 + item_latent_3 + item_latent_4 + item_latent_5 + item_latent_6 + item_latent_7 + item_latent_8 + item_latent_9 - 1 | user_latent_0 + user_latent_1 + user_latent_2 + user_latent_3 + user_latent_4 + user_latent_5 + user_latent_6 + user_latent_7 + user_latent_8 + user_latent_9 - 1 | 0",1,300,-155759.013482998,1500000,50000,"R version 4.3.3 (2024-02-29)","1.1.3","1.2.1","1.6.0","Linux","tianyu-Alienware-Aurora","6.8.0-90-generic","x86_64"
149.433999999997,"choice ~ 0 | user_latent_0 + user_latent_1 + user_latent_2 + user_latent_3 + user_latent_4 + user_latent_5 + user_latent_6 + user_latent_7 + user_latent_8 + user_latent_9 - 1 | 0",1,290,-218261.184935875,2100000,70000,"R version 4.3.3 (2024-02-29)","1.1.3","1.2.1","1.6.0","Linux","tianyu-Alienware-Aurora","6.8.0-90-generic","x86_64"
26.8760000000002,"choice ~ item_latent_0 + item_latent_1 + item_latent_2 + item_latent_3 + item_latent_4 + item_latent_5 + item_latent_6 + item_latent_7 + item_latent_8 + item_latent_9 - 1 | 0 | 0",1,10,-230084.611760445,2100000,70000,"R version 4.3.3 (2024-02-29)","1.1.3","1.2.1","1.6.0","Linux","tianyu-Alienware-Aurora","6.8.0-90-generic","x86_64"
155.442999999999,"choice ~ item_latent_0 + item_latent_1 + item_latent_2 + item_latent_3 + item_latent_4 + item_latent_5 + item_latent_6 + item_latent_7 + item_latent_8 + item_latent_9 - 1 | user_latent_0 + user_latent_1 + user_latent_2 + user_latent_3 + user_latent_4 + user_latent_5 + user_latent_6 + user_latent_7 + user_latent_8 + user_latent_9 - 1 | 0",1,300,-218227.208882071,2100000,70000,"R version 4.3.3 (2024-02-29)","1.1.3","1.2.1","1.6.0","Linux","tianyu-Alienware-Aurora","6.8.0-90-generic","x86_64"
242.203999999998,"choice ~ 0 | user_latent_0 + user_latent_1 + user_latent_2 + user_latent_3 + user_latent_4 + user_latent_5 + user_latent_6 + user_latent_7 + user_latent_8 + user_latent_9 - 1 | 0",1,290,-311537.492361285,3000000,1e+05,"R version 4.3.3 (2024-02-29)","1.1.3","1.2.1","1.6.0","Linux","tianyu-Alienware-Aurora","6.8.0-90-generic","x86_64"
40.0689999999995,"choice ~ item_latent_0 + item_latent_1 + item_latent_2 + item_latent_3 + item_latent_4 + item_latent_5 + item_latent_6 + item_latent_7 + item_latent_8 + item_latent_9 - 1 | 0 | 0",1,10,-328548.420928597,3000000,1e+05,"R version 4.3.3 (2024-02-29)","1.1.3","1.2.1","1.6.0","Linux","tianyu-Alienware-Aurora","6.8.0-90-generic","x86_64"
250.296999999999,"choice ~ item_latent_0 + item_latent_1 + item_latent_2 + item_latent_3 + item_latent_4 + item_latent_5 + item_latent_6 + item_latent_7 + item_latent_8 + item_latent_9 - 1 | user_latent_0 + user_latent_1 + user_latent_2 + user_latent_3 + user_latent_4 + user_latent_5 + user_latent_6 + user_latent_7 + user_latent_8 + user_latent_9 - 1 | 0",1,300,-311484.263127745,3000000,1e+05,"R version 4.3.3 (2024-02-29)","1.1.3","1.2.1","1.6.0","Linux","tianyu-Alienware-Aurora","6.8.0-90-generic","x86_64"
6.70000000000073,"choice ~ 0 | user_latent_0 + user_latent_1 + user_latent_2 + user_latent_3 + user_latent_4 + user_latent_5 + user_latent_6 + user_latent_7 + user_latent_8 + user_latent_9 - 1 | 0",2,290,-9208.7766902676,90000,3000,"R version 4.3.3 (2024-02-29)","1.1.3","1.2.1","1.6.0","Linux","tianyu-Alienware-Aurora","6.8.0-90-generic","x86_64"
0.815000000002328,"choice ~ item_latent_0 + item_latent_1 + item_latent_2 + item_latent_3 + item_latent_4 + item_latent_5 + item_latent_6 + item_latent_7 + item_latent_8 + item_latent_9 - 1 | 0 | 0",2,10,-9869.23087259412,90000,3000,"R version 4.3.3 (2024-02-29)","1.1.3","1.2.1","1.6.0","Linux","tianyu-Alienware-Aurora","6.8.0-90-generic","x86_64"
7.43400000000111,"choice ~ item_latent_0 + item_latent_1 + item_latent_2 + item_latent_3 + item_latent_4 + item_latent_5 + item_latent_6 + item_latent_7 + item_latent_8 + item_latent_9 - 1 | user_latent_0 + user_latent_1 + user_latent_2 + user_latent_3 + user_latent_4 + user_latent_5 + user_latent_6 + user_latent_7 + user_latent_8 + user_latent_9 - 1 | 0",2,300,-9202.65928774226,90000,3000,"R version 4.3.3 (2024-02-29)","1.1.3","1.2.1","1.6.0","Linux","tianyu-Alienware-Aurora","6.8.0-90-generic","x86_64"
9.98099999999977,"choice ~ 0 | user_latent_0 + user_latent_1 + user_latent_2 + user_latent_3 + user_latent_4 + user_latent_5 + user_latent_6 + user_latent_7 + user_latent_8 + user_latent_9 - 1 | 0",2,290,-15470.5934943507,150000,5000,"R version 4.3.3 (2024-02-29)","1.1.3","1.2.1","1.6.0","Linux","tianyu-Alienware-Aurora","6.8.0-90-generic","x86_64"
1.52200000000084,"choice ~ item_latent_0 + item_latent_1 + item_latent_2 + item_latent_3 + item_latent_4 + item_latent_5 + item_latent_6 + item_latent_7 + item_latent_8 + item_latent_9 - 1 | 0 | 0",2,10,-16451.9937792526,150000,5000,"R version 4.3.3 (2024-02-29)","1.1.3","1.2.1","1.6.0","Linux","tianyu-Alienware-Aurora","6.8.0-90-generic","x86_64"
10.6349999999984,"choice ~ item_latent_0 + item_latent_1 + item_latent_2 + item_latent_3 + item_latent_4 + item_latent_5 + item_latent_6 + item_latent_7 + item_latent_8 + item_latent_9 - 1 | user_latent_0 + user_latent_1 + user_latent_2 + user_latent_3 + user_latent_4 + user_latent_5 + user_latent_6 + user_latent_7 + user_latent_8 + user_latent_9 - 1 | 0",2,300,-15462.9184649971,150000,5000,"R version 4.3.3 (2024-02-29)","1.1.3","1.2.1","1.6.0","Linux","tianyu-Alienware-Aurora","6.8.0-90-generic","x86_64"
17.1239999999998,"choice ~ 0 | user_latent_0 + user_latent_1 + user_latent_2 + user_latent_3 + user_latent_4 + user_latent_5 + user_latent_6 + user_latent_7 + user_latent_8 + user_latent_9 - 1 | 0",2,290,-21700.0573903009,210000,7000,"R version 4.3.3 (2024-02-29)","1.1.3","1.2.1","1.6.0","Linux","tianyu-Alienware-Aurora","6.8.0-90-generic","x86_64"
2.25500000000102,"choice ~ item_latent_0 + item_latent_1 + item_latent_2 + item_latent_3 + item_latent_4 + item_latent_5 + item_latent_6 + item_latent_7 + item_latent_8 + item_latent_9 - 1 | 0 | 0",2,10,-23020.3608148559,210000,7000,"R version 4.3.3 (2024-02-29)","1.1.3","1.2.1","1.6.0","Linux","tianyu-Alienware-Aurora","6.8.0-90-generic","x86_64"
17.9859999999971,"choice ~ item_latent_0 + item_latent_1 + item_latent_2 + item_latent_3 + item_latent_4 + item_latent_5 + item_latent_6 + item_latent_7 + item_latent_8 + item_latent_9 - 1 | user_latent_0 + user_latent_1 + user_latent_2 + user_latent_3 + user_latent_4 + user_latent_5 + user_latent_6 + user_latent_7 + user_latent_8 + user_latent_9 - 1 | 0",2,300,-21689.2707835334,210000,7000,"R version 4.3.3 (2024-02-29)","1.1.3","1.2.1","1.6.0","Linux","tianyu-Alienware-Aurora","6.8.0-90-generic","x86_64"
22.3260000000009,"choice ~ 0 | user_latent_0 + user_latent_1 + user_latent_2 + user_latent_3 + user_latent_4 + user_latent_5 + user_latent_6 + user_latent_7 + user_latent_8 + user_latent_9 - 1 | 0",2,290,-31138.4627367885,300000,10000,"R version 4.3.3 (2024-02-29)","1.1.3","1.2.1","1.6.0","Linux","tianyu-Alienware-Aurora","6.8.0-90-generic","x86_64"
3.77100000000064,"choice ~ item_latent_0 + item_latent_1 + item_latent_2 + item_latent_3 + item_latent_4 + item_latent_5 + item_latent_6 + item_latent_7 + item_latent_8 + item_latent_9 - 1 | 0 | 0",2,10,-32871.1343543936,300000,10000,"R version 4.3.3 (2024-02-29)","1.1.3","1.2.1","1.6.0","Linux","tianyu-Alienware-Aurora","6.8.0-90-generic","x86_64"
23.0410000000011,"choice ~ item_latent_0 + item_latent_1 + item_latent_2 + item_latent_3 + item_latent_4 + item_latent_5 + item_latent_6 + item_latent_7 + item_latent_8 + item_latent_9 - 1 | user_latent_0 + user_latent_1 + user_latent_2 + user_latent_3 + user_latent_4 + user_latent_5 + user_latent_6 + user_latent_7 + user_latent_8 + user_latent_9 - 1 | 0",2,300,-31126.8580635767,300000,10000,"R version 4.3.3 (2024-02-29)","1.1.3","1.2.1","1.6.0","Linux","tianyu-Alienware-Aurora","6.8.0-90-generic","x86_64"
66.5580000000009,"choice ~ 0 | user_latent_0 + user_latent_1 + user_latent_2 + user_latent_3 + user_latent_4 + user_latent_5 + user_latent_6 + user_latent_7 + user_latent_8 + user_latent_9 - 1 | 0",2,290,-93337.0937184306,900000,30000,"R version 4.3.3 (2024-02-29)","1.1.3","1.2.1","1.6.0","Linux","tianyu-Alienware-Aurora","6.8.0-90-generic","x86_64"
10.976999999999,"choice ~ item_latent_0 + item_latent_1 + item_latent_2 + item_latent_3 + item_latent_4 + item_latent_5 + item_latent_6 + item_latent_7 + item_latent_8 + item_latent_9 - 1 | 0 | 0",2,10,-98488.7715390398,900000,30000,"R version 4.3.3 (2024-02-29)","1.1.3","1.2.1","1.6.0","Linux","tianyu-Alienware-Aurora","6.8.0-90-generic","x86_64"
67.4329999999973,"choice ~ item_latent_0 + item_latent_1 + item_latent_2 + item_latent_3 + item_latent_4 + item_latent_5 + item_latent_6 + item_latent_7 + item_latent_8 + item_latent_9 - 1 | user_latent_0 + user_latent_1 + user_latent_2 + user_latent_3 + user_latent_4 + user_latent_5 + user_latent_6 + user_latent_7 + user_latent_8 + user_latent_9 - 1 | 0",2,300,-93319.1704515513,900000,30000,"R version 4.3.3 (2024-02-29)","1.1.3","1.2.1","1.6.0","Linux","tianyu-Alienware-Aurora","6.8.0-90-generic","x86_64"
108.148000000001,"choice ~ 0 | user_latent_0 + user_latent_1 + user_latent_2 + user_latent_3 + user_latent_4 + user_latent_5 + user_latent_6 + user_latent_7 + user_latent_8 + user_latent_9 - 1 | 0",2,290,-155784.071830566,1500000,50000,"R version 4.3.3 (2024-02-29)","1.1.3","1.2.1","1.6.0","Linux","tianyu-Alienware-Aurora","6.8.0-90-generic","x86_64"
18.7620000000024,"choice ~ item_latent_0 + item_latent_1 + item_latent_2 + item_latent_3 + item_latent_4 + item_latent_5 + item_latent_6 + item_latent_7 + item_latent_8 + item_latent_9 - 1 | 0 | 0",2,10,-164300.580369037,1500000,50000,"R version 4.3.3 (2024-02-29)","1.1.3","1.2.1","1.6.0","Linux","tianyu-Alienware-Aurora","6.8.0-90-generic","x86_64"
112.805,"choice ~ item_latent_0 + item_latent_1 + item_latent_2 + item_latent_3 + item_latent_4 + item_latent_5 + item_latent_6 + item_latent_7 + item_latent_8 + item_latent_9 - 1 | user_latent_0 + user_latent_1 + user_latent_2 + user_latent_3 + user_latent_4 + user_latent_5 + user_latent_6 + user_latent_7 + user_latent_8 + user_latent_9 - 1 | 0",2,300,-155759.013482998,1500000,50000,"R version 4.3.3 (2024-02-29)","1.1.3","1.2.1","1.6.0","Linux","tianyu-Alienware-Aurora","6.8.0-90-generic","x86_64"
151.916000000001,"choice ~ 0 | user_latent_0 + user_latent_1 + user_latent_2 + user_latent_3 + user_latent_4 + user_latent_5 + user_latent_6 + user_latent_7 + user_latent_8 + user_latent_9 - 1 | 0",2,290,-218261.184935875,2100000,70000,"R version 4.3.3 (2024-02-29)","1.1.3","1.2.1","1.6.0","Linux","tianyu-Alienware-Aurora","6.8.0-90-generic","x86_64"
27.4439999999995,"choice ~ item_latent_0 + item_latent_1 + item_latent_2 + item_latent_3 + item_latent_4 + item_latent_5 + item_latent_6 + item_latent_7 + item_latent_8 + item_latent_9 - 1 | 0 | 0",2,10,-230084.611760445,2100000,70000,"R version 4.3.3 (2024-02-29)","1.1.3","1.2.1","1.6.0","Linux","tianyu-Alienware-Aurora","6.8.0-90-generic","x86_64"
161.219000000001,"choice ~ item_latent_0 + item_latent_1 + item_latent_2 + item_latent_3 + item_latent_4 + item_latent_5 + item_latent_6 + item_latent_7 + item_latent_8 + item_latent_9 - 1 | user_latent_0 + user_latent_1 + user_latent_2 + user_latent_3 + user_latent_4 + user_latent_5 + user_latent_6 + user_latent_7 + user_latent_8 + user_latent_9 - 1 | 0",2,300,-218227.208882071,2100000,70000,"R version 4.3.3 (2024-02-29)","1.1.3","1.2.1","1.6.0","Linux","tianyu-Alienware-Aurora","6.8.0-90-generic","x86_64"
245.006000000001,"choice ~ 0 | user_latent_0 + user_latent_1 + user_latent_2 + user_latent_3 + user_latent_4 + user_latent_5 + user_latent_6 + user_latent_7 + user_latent_8 + user_latent_9 - 1 | 0",2,290,-311537.492361285,3000000,1e+05,"R version 4.3.3 (2024-02-29)","1.1.3","1.2.1","1.6.0","Linux","tianyu-Alienware-Aurora","6.8.0-90-generic","x86_64"
40.3460000000014,"choice ~ item_latent_0 + item_latent_1 + item_latent_2 + item_latent_3 + item_latent_4 + item_latent_5 + item_latent_6 + item_latent_7 + item_latent_8 + item_latent_9 - 1 | 0 | 0",2,10,-328548.420928597,3000000,1e+05,"R version 4.3.3 (2024-02-29)","1.1.3","1.2.1","1.6.0","Linux","tianyu-Alienware-Aurora","6.8.0-90-generic","x86_64"
251.511999999999,"choice ~ item_latent_0 + item_latent_1 + item_latent_2 + item_latent_3 + item_latent_4 + item_latent_5 + item_latent_6 + item_latent_7 + item_latent_8 + item_latent_9 - 1 | user_latent_0 + user_latent_1 + user_latent_2 + user_latent_3 + user_latent_4 + user_latent_5 + user_latent_6 + user_latent_7 + user_latent_8 + user_latent_9 - 1 | 0",2,300,-311484.263127745,3000000,1e+05,"R version 4.3.3 (2024-02-29)","1.1.3","1.2.1","1.6.0","Linux","tianyu-Alienware-Aurora","6.8.0-90-generic","x86_64"
6.75600000000122,"choice ~ 0 | user_latent_0 + user_latent_1 + user_latent_2 + user_latent_3 + user_latent_4 + user_latent_5 + user_latent_6 + user_latent_7 + user_latent_8 + user_latent_9 - 1 | 0",3,290,-9208.7766902676,90000,3000,"R version 4.3.3 (2024-02-29)","1.1.3","1.2.1","1.6.0","Linux","tianyu-Alienware-Aurora","6.8.0-90-generic","x86_64"
0.834999999999127,"choice ~ item_latent_0 + item_latent_1 + item_latent_2 + item_latent_3 + item_latent_4 + item_latent_5 + item_latent_6 + item_latent_7 + item_latent_8 + item_latent_9 - 1 | 0 | 0",3,10,-9869.23087259412,90000,3000,"R version 4.3.3 (2024-02-29)","1.1.3","1.2.1","1.6.0","Linux","tianyu-Alienware-Aurora","6.8.0-90-generic","x86_64"
7.3650000000016,"choice ~ item_latent_0 + item_latent_1 + item_latent_2 + item_latent_3 + item_latent_4 + item_latent_5 + item_latent_6 + item_latent_7 + item_latent_8 + item_latent_9 - 1 | user_latent_0 + user_latent_1 + user_latent_2 + user_latent_3 + user_latent_4 + user_latent_5 + user_latent_6 + user_latent_7 + user_latent_8 + user_latent_9 - 1 | 0",3,300,-9202.65928774226,90000,3000,"R version 4.3.3 (2024-02-29)","1.1.3","1.2.1","1.6.0","Linux","tianyu-Alienware-Aurora","6.8.0-90-generic","x86_64"
10.6020000000026,"choice ~ 0 | user_latent_0 + user_latent_1 + user_latent_2 + user_latent_3 + user_latent_4 + user_latent_5 + user_latent_6 + user_latent_7 + user_latent_8 + user_latent_9 - 1 | 0",3,290,-15470.5934943507,150000,5000,"R version 4.3.3 (2024-02-29)","1.1.3","1.2.1","1.6.0","Linux","tianyu-Alienware-Aurora","6.8.0-90-generic","x86_64"
1.50900000000183,"choice ~ item_latent_0 + item_latent_1 + item_latent_2 + item_latent_3 + item_latent_4 + item_latent_5 + item_latent_6 + item_latent_7 + item_latent_8 + item_latent_9 - 1 | 0 | 0",3,10,-16451.9937792526,150000,5000,"R version 4.3.3 (2024-02-29)","1.1.3","1.2.1","1.6.0","Linux","tianyu-Alienware-Aurora","6.8.0-90-generic","x86_64"
10.9490000000005,"choice ~ item_latent_0 + item_latent_1 + item_latent_2 + item_latent_3 + item_latent_4 + item_latent_5 + item_latent_6 + item_latent_7 + item_latent_8 + item_latent_9 - 1 | user_latent_0 + user_latent_1 + user_latent_2 + user_latent_3 + user_latent_4 + user_latent_5 + user_latent_6 + user_latent_7 + user_latent_8 + user_latent_9 - 1 | 0",3,300,-15462.9184649971,150000,5000,"R version 4.3.3 (2024-02-29)","1.1.3","1.2.1","1.6.0","Linux","tianyu-Alienware-Aurora","6.8.0-90-generic","x86_64"
17.2279999999992,"choice ~ 0 | user_latent_0 + user_latent_1 + user_latent_2 + user_latent_3 + user_latent_4 + user_latent_5 + user_latent_6 + user_latent_7 + user_latent_8 + user_latent_9 - 1 | 0",3,290,-21700.0573903009,210000,7000,"R version 4.3.3 (2024-02-29)","1.1.3","1.2.1","1.6.0","Linux","tianyu-Alienware-Aurora","6.8.0-90-generic","x86_64"
2.32999999999811,"choice ~ item_latent_0 + item_latent_1 + item_latent_2 + item_latent_3 + item_latent_4 + item_latent_5 + item_latent_6 + item_latent_7 + item_latent_8 + item_latent_9 - 1 | 0 | 0",3,10,-23020.3608148559,210000,7000,"R version 4.3.3 (2024-02-29)","1.1.3","1.2.1","1.6.0","Linux","tianyu-Alienware-Aurora","6.8.0-90-generic","x86_64"
17.4929999999986,"choice ~ item_latent_0 + item_latent_1 + item_latent_2 + item_latent_3 + item_latent_4 + item_latent_5 + item_latent_6 + item_latent_7 + item_latent_8 + item_latent_9 - 1 | user_latent_0 + user_latent_1 + user_latent_2 + user_latent_3 + user_latent_4 + user_latent_5 + user_latent_6 + user_latent_7 + user_latent_8 + user_latent_9 - 1 | 0",3,300,-21689.2707835334,210000,7000,"R version 4.3.3 (2024-02-29)","1.1.3","1.2.1","1.6.0","Linux","tianyu-Alienware-Aurora","6.8.0-90-generic","x86_64"
21.8289999999979,"choice ~ 0 | user_latent_0 + user_latent_1 + user_latent_2 + user_latent_3 + user_latent_4 + user_latent_5 + user_latent_6 + user_latent_7 + user_latent_8 + user_latent_9 - 1 | 0",3,290,-31138.4627367885,300000,10000,"R version 4.3.3 (2024-02-29)","1.1.3","1.2.1","1.6.0","Linux","tianyu-Alienware-Aurora","6.8.0-90-generic","x86_64"
3.48899999999776,"choice ~ item_latent_0 + item_latent_1 + item_latent_2 + item_latent_3 + item_latent_4 + item_latent_5 + item_latent_6 + item_latent_7 + item_latent_8 + item_latent_9 - 1 | 0 | 0",3,10,-32871.1343543936,300000,10000,"R version 4.3.3 (2024-02-29)","1.1.3","1.2.1","1.6.0","Linux","tianyu-Alienware-Aurora","6.8.0-90-generic","x86_64"
23.1519999999982,"choice ~ item_latent_0 + item_latent_1 + item_latent_2 + item_latent_3 + item_latent_4 + item_latent_5 + item_latent_6 + item_latent_7 + item_latent_8 + item_latent_9 - 1 | user_latent_0 + user_latent_1 + user_latent_2 + user_latent_3 + user_latent_4 + user_latent_5 + user_latent_6 + user_latent_7 + user_latent_8 + user_latent_9 - 1 | 0",3,300,-31126.8580635767,300000,10000,"R version 4.3.3 (2024-02-29)","1.1.3","1.2.1","1.6.0","Linux","tianyu-Alienware-Aurora","6.8.0-90-generic","x86_64"
65.4700000000012,"choice ~ 0 | user_latent_0 + user_latent_1 + user_latent_2 + user_latent_3 + user_latent_4 + user_latent_5 + user_latent_6 + user_latent_7 + user_latent_8 + user_latent_9 - 1 | 0",3,290,-93337.0937184306,900000,30000,"R version 4.3.3 (2024-02-29)","1.1.3","1.2.1","1.6.0","Linux","tianyu-Alienware-Aurora","6.8.0-90-generic","x86_64"
10.9259999999995,"choice ~ item_latent_0 + item_latent_1 + item_latent_2 + item_latent_3 + item_latent_4 + item_latent_5 + item_latent_6 + item_latent_7 + item_latent_8 + item_latent_9 - 1 | 0 | 0",3,10,-98488.7715390398,900000,30000,"R version 4.3.3 (2024-02-29)","1.1.3","1.2.1","1.6.0","Linux","tianyu-Alienware-Aurora","6.8.0-90-generic","x86_64"
68.3950000000004,"choice ~ item_latent_0 + item_latent_1 + item_latent_2 + item_latent_3 + item_latent_4 + item_latent_5 + item_latent_6 + item_latent_7 + item_latent_8 + item_latent_9 - 1 | user_latent_0 + user_latent_1 + user_latent_2 + user_latent_3 + user_latent_4 + user_latent_5 + user_latent_6 + user_latent_7 + user_latent_8 + user_latent_9 - 1 | 0",3,300,-93319.1704515513,900000,30000,"R version 4.3.3 (2024-02-29)","1.1.3","1.2.1","1.6.0","Linux","tianyu-Alienware-Aurora","6.8.0-90-generic","x86_64"
108.087,"choice ~ 0 | user_latent_0 + user_latent_1 + user_latent_2 + user_latent_3 + user_latent_4 + user_latent_5 + user_latent_6 + user_latent_7 + user_latent_8 + user_latent_9 - 1 | 0",3,290,-155784.071830566,1500000,50000,"R version 4.3.3 (2024-02-29)","1.1.3","1.2.1","1.6.0","Linux","tianyu-Alienware-Aurora","6.8.0-90-generic","x86_64"
19.3400000000001,"choice ~ item_latent_0 + item_latent_1 + item_latent_2 + item_latent_3 + item_latent_4 + item_latent_5 + item_latent_6 + item_latent_7 + item_latent_8 + item_latent_9 - 1 | 0 | 0",3,10,-164300.580369037,1500000,50000,"R version 4.3.3 (2024-02-29)","1.1.3","1.2.1","1.6.0","Linux","tianyu-Alienware-Aurora","6.8.0-90-generic","x86_64"
112.603000000003,"choice ~ item_latent_0 + item_latent_1 + item_latent_2 + item_latent_3 + item_latent_4 + item_latent_5 + item_latent_6 + item_latent_7 + item_latent_8 + item_latent_9 - 1 | user_latent_0 + user_latent_1 + user_latent_2 + user_latent_3 + user_latent_4 + user_latent_5 + user_latent_6 + user_latent_7 + user_latent_8 + user_latent_9 - 1 | 0",3,300,-155759.013482998,1500000,50000,"R version 4.3.3 (2024-02-29)","1.1.3","1.2.1","1.6.0","Linux","tianyu-Alienware-Aurora","6.8.0-90-generic","x86_64"
150.887999999999,"choice ~ 0 | user_latent_0 + user_latent_1 + user_latent_2 + user_latent_3 + user_latent_4 + user_latent_5 + user_latent_6 + user_latent_7 + user_latent_8 + user_latent_9 - 1 | 0",3,290,-218261.184935875,2100000,70000,"R version 4.3.3 (2024-02-29)","1.1.3","1.2.1","1.6.0","Linux","tianyu-Alienware-Aurora","6.8.0-90-generic","x86_64"
27.6409999999996,"choice ~ item_latent_0 + item_latent_1 + item_latent_2 + item_latent_3 + item_latent_4 + item_latent_5 + item_latent_6 + item_latent_7 + item_latent_8 + item_latent_9 - 1 | 0 | 0",3,10,-230084.611760445,2100000,70000,"R version 4.3.3 (2024-02-29)","1.1.3","1.2.1","1.6.0","Linux","tianyu-Alienware-Aurora","6.8.0-90-generic","x86_64"
159.507000000001,"choice ~ item_latent_0 + item_latent_1 + item_latent_2 + item_latent_3 + item_latent_4 + item_latent_5 + item_latent_6 + item_latent_7 + item_latent_8 + item_latent_9 - 1 | user_latent_0 + user_latent_1 + user_latent_2 + user_latent_3 + user_latent_4 + user_latent_5 + user_latent_6 + user_latent_7 + user_latent_8 + user_latent_9 - 1 | 0",3,300,-218227.208882071,2100000,70000,"R version 4.3.3 (2024-02-29)","1.1.3","1.2.1","1.6.0","Linux","tianyu-Alienware-Aurora","6.8.0-90-generic","x86_64"
245.226999999999,"choice ~ 0 | user_latent_0 + user_latent_1 + user_latent_2 + user_latent_3 + user_latent_4 + user_latent_5 + user_latent_6 + user_latent_7 + user_latent_8 + user_latent_9 - 1 | 0",3,290,-311537.492361285,3000000,1e+05,"R version 4.3.3 (2024-02-29)","1.1.3","1.2.1","1.6.0","Linux","tianyu-Alienware-Aurora","6.8.0-90-generic","x86_64"
41.125,"choice ~ item_latent_0 + item_latent_1 + item_latent_2 + item_latent_3 + item_latent_4 + item_latent_5 + item_latent_6 + item_latent_7 + item_latent_8 + item_latent_9 - 1 | 0 | 0",3,10,-328548.420928597,3000000,1e+05,"R version 4.3.3 (2024-02-29)","1.1.3","1.2.1","1.6.0","Linux","tianyu-Alienware-Aurora","6.8.0-90-generic","x86_64"
252.606,"choice ~ item_latent_0 + item_latent_1 + item_latent_2 + item_latent_3 + item_latent_4 + item_latent_5 + item_latent_6 + item_latent_7 + item_latent_8 + item_latent_9 - 1 | user_latent_0 + user_latent_1 + user_latent_2 + user_latent_3 + user_latent_4 + user_latent_5 + user_latent_6 + user_latent_7 + user_latent_8 + user_latent_9 - 1 | 0",3,300,-311484.263127745,3000000,1e+05,"R version 4.3.3 (2024-02-29)","1.1.3","1.2.1","1.6.0","Linux","tianyu-Alienware-Aurora","6.8.0-90-generic","x86_64"
6.81300000000192,"choice ~ 0 | user_latent_0 + user_latent_1 + user_latent_2 + user_latent_3 + user_latent_4 + user_latent_5 + user_latent_6 + user_latent_7 + user_latent_8 + user_latent_9 - 1 | 0",4,290,-9208.7766902676,90000,3000,"R version 4.3.3 (2024-02-29)","1.1.3","1.2.1","1.6.0","Linux","tianyu-Alienware-Aurora","6.8.0-90-generic","x86_64"
0.846999999997934,"choice ~ item_latent_0 + item_latent_1 + item_latent_2 + item_latent_3 + item_latent_4 + item_latent_5 + item_latent_6 + item_latent_7 + item_latent_8 + item_latent_9 - 1 | 0 | 0",4,10,-9869.23087259412,90000,3000,"R version 4.3.3 (2024-02-29)","1.1.3","1.2.1","1.6.0","Linux","tianyu-Alienware-Aurora","6.8.0-90-generic","x86_64"
7.45700000000215,"choice ~ item_latent_0 + item_latent_1 + item_latent_2 + item_latent_3 + item_latent_4 + item_latent_5 + item_latent_6 + item_latent_7 + item_latent_8 + item_latent_9 - 1 | user_latent_0 + user_latent_1 + user_latent_2 + user_latent_3 + user_latent_4 + user_latent_5 + user_latent_6 + user_latent_7 + user_latent_8 + user_latent_9 - 1 | 0",4,300,-9202.65928774226,90000,3000,"R version 4.3.3 (2024-02-29)","1.1.3","1.2.1","1.6.0","Linux","tianyu-Alienware-Aurora","6.8.0-90-generic","x86_64"
10.4369999999981,"choice ~ 0 | user_latent_0 + user_latent_1 + user_latent_2 + user_latent_3 + user_latent_4 + user_latent_5 + user_latent_6 + user_latent_7 + user_latent_8 + user_latent_9 - 1 | 0",4,290,-15470.5934943507,150000,5000,"R version 4.3.3 (2024-02-29)","1.1.3","1.2.1","1.6.0","Linux","tianyu-Alienware-Aurora","6.8.0-90-generic","x86_64"
1.60499999999956,"choice ~ item_latent_0 + item_latent_1 + item_latent_2 + item_latent_3 + item_latent_4 + item_latent_5 + item_latent_6 + item_latent_7 + item_latent_8 + item_latent_9 - 1 | 0 | 0",4,10,-16451.9937792526,150000,5000,"R version 4.3.3 (2024-02-29)","1.1.3","1.2.1","1.6.0","Linux","tianyu-Alienware-Aurora","6.8.0-90-generic","x86_64"
10.9039999999986,"choice ~ item_latent_0 + item_latent_1 + item_latent_2 + item_latent_3 + item_latent_4 + item_latent_5 + item_latent_6 + item_latent_7 + item_latent_8 + item_latent_9 - 1 | user_latent_0 + user_latent_1 + user_latent_2 + user_latent_3 + user_latent_4 + user_latent_5 + user_latent_6 + user_latent_7 + user_latent_8 + user_latent_9 - 1 | 0",4,300,-15462.9184649971,150000,5000,"R version 4.3.3 (2024-02-29)","1.1.3","1.2.1","1.6.0","Linux","tianyu-Alienware-Aurora","6.8.0-90-generic","x86_64"
17.4330000000009,"choice ~ 0 | user_latent_0 + user_latent_1 + user_latent_2 + user_latent_3 + user_latent_4 + user_latent_5 + user_latent_6 + user_latent_7 + user_latent_8 + user_latent_9 - 1 | 0",4,290,-21700.0573903009,210000,7000,"R version 4.3.3 (2024-02-29)","1.1.3","1.2.1","1.6.0","Linux","tianyu-Alienware-Aurora","6.8.0-90-generic","x86_64"
2.7029999999977,"choice ~ item_latent_0 + item_latent_1 + item_latent_2 + item_latent_3 + item_latent_4 + item_latent_5 + item_latent_6 + item_latent_7 + item_latent_8 + item_latent_9 - 1 | 0 | 0",4,10,-23020.3608148559,210000,7000,"R version 4.3.3 (2024-02-29)","1.1.3","1.2.1","1.6.0","Linux","tianyu-Alienware-Aurora","6.8.0-90-generic","x86_64"
18.2890000000007,"choice ~ item_latent_0 + item_latent_1 + item_latent_2 + item_latent_3 + item_latent_4 + item_latent_5 + item_latent_6 + item_latent_7 + item_latent_8 + item_latent_9 - 1 | user_latent_0 + user_latent_1 + user_latent_2 + user_latent_3 + user_latent_4 + user_latent_5 + user_latent_6 + user_latent_7 + user_latent_8 + user_latent_9 - 1 | 0",4,300,-21689.2707835334,210000,7000,"R version 4.3.3 (2024-02-29)","1.1.3","1.2.1","1.6.0","Linux","tianyu-Alienware-Aurora","6.8.0-90-generic","x86_64"
22.5560000000005,"choice ~ 0 | user_latent_0 + user_latent_1 + user_latent_2 + user_latent_3 + user_latent_4 + user_latent_5 + user_latent_6 + user_latent_7 + user_latent_8 + user_latent_9 - 1 | 0",4,290,-31138.4627367885,300000,10000,"R version 4.3.3 (2024-02-29)","1.1.3","1.2.1","1.6.0","Linux","tianyu-Alienware-Aurora","6.8.0-90-generic","x86_64"
3.53900000000067,"choice ~ item_latent_0 + item_latent_1 + item_latent_2 + item_latent_3 + item_latent_4 + item_latent_5 + item_latent_6 + item_latent_7 + item_latent_8 + item_latent_9 - 1 | 0 | 0",4,10,-32871.1343543936,300000,10000,"R version 4.3.3 (2024-02-29)","1.1.3","1.2.1","1.6.0","Linux","tianyu-Alienware-Aurora","6.8.0-90-generic","x86_64"
24.7109999999993,"choice ~ item_latent_0 + item_latent_1 + item_latent_2 + item_latent_3 + item_latent_4 + item_latent_5 + item_latent_6 + item_latent_7 + item_latent_8 + item_latent_9 - 1 | user_latent_0 + user_latent_1 + user_latent_2 + user_latent_3 + user_latent_4 + user_latent_5 + user_latent_6 + user_latent_7 + user_latent_8 + user_latent_9 - 1 | 0",4,300,-31126.8580635767,300000,10000,"R version 4.3.3 (2024-02-29)","1.1.3","1.2.1","1.6.0","Linux","tianyu-Alienware-Aurora","6.8.0-90-generic","x86_64"
65.5770000000011,"choice ~ 0 | user_latent_0 + user_latent_1 + user_latent_2 + user_latent_3 + user_latent_4 + user_latent_5 + user_latent_6 + user_latent_7 + user_latent_8 + user_latent_9 - 1 | 0",4,290,-93337.0937184306,900000,30000,"R version 4.3.3 (2024-02-29)","1.1.3","1.2.1","1.6.0","Linux","tianyu-Alienware-Aurora","6.8.0-90-generic","x86_64"
11.357,"choice ~ item_latent_0 + item_latent_1 + item_latent_2 + item_latent_3 + item_latent_4 + item_latent_5 + item_latent_6 + item_latent_7 + item_latent_8 + item_latent_9 - 1 | 0 | 0",4,10,-98488.7715390398,900000,30000,"R version 4.3.3 (2024-02-29)","1.1.3","1.2.1","1.6.0","Linux","tianyu-Alienware-Aurora","6.8.0-90-generic","x86_64"
68.7860000000001,"choice ~ item_latent_0 + item_latent_1 + item_latent_2 + item_latent_3 + item_latent_4 + item_latent_5 + item_latent_6 + item_latent_7 + item_latent_8 + item_latent_9 - 1 | user_latent_0 + user_latent_1 + user_latent_2 + user_latent_3 + user_latent_4 + user_latent_5 + user_latent_6 + user_latent_7 + user_latent_8 + user_latent_9 - 1 | 0",4,300,-93319.1704515513,900000,30000,"R version 4.3.3 (2024-02-29)","1.1.3","1.2.1","1.6.0","Linux","tianyu-Alienware-Aurora","6.8.0-90-generic","x86_64"
109.894,"choice ~ 0 | user_latent_0 + user_latent_1 + user_latent_2 + user_latent_3 + user_latent_4 + user_latent_5 + user_latent_6 + user_latent_7 + user_latent_8 + user_latent_9 - 1 | 0",4,290,-155784.071830566,1500000,50000,"R version 4.3.3 (2024-02-29)","1.1.3","1.2.1","1.6.0","Linux","tianyu-Alienware-Aurora","6.8.0-90-generic","x86_64"
19.3179999999993,"choice ~ item_latent_0 + item_latent_1 + item_latent_2 + item_latent_3 + item_latent_4 + item_latent_5 + item_latent_6 + item_latent_7 + item_latent_8 + item_latent_9 - 1 | 0 | 0",4,10,-164300.580369037,1500000,50000,"R version 4.3.3 (2024-02-29)","1.1.3","1.2.1","1.6.0","Linux","tianyu-Alienware-Aurora","6.8.0-90-generic","x86_64"
114.966,"choice ~ item_latent_0 + item_latent_1 + item_latent_2 + item_latent_3 + item_latent_4 + item_latent_5 + item_latent_6 + item_latent_7 + item_latent_8 + item_latent_9 - 1 | user_latent_0 + user_latent_1 + user_latent_2 + user_latent_3 + user_latent_4 + user_latent_5 + user_latent_6 + user_latent_7 + user_latent_8 + user_latent_9 - 1 | 0",4,300,-155759.013482998,1500000,50000,"R version 4.3.3 (2024-02-29)","1.1.3","1.2.1","1.6.0","Linux","tianyu-Alienware-Aurora","6.8.0-90-generic","x86_64"
152.823,"choice ~ 0 | user_latent_0 + user_latent_1 + user_latent_2 + user_latent_3 + user_latent_4 + user_latent_5 + user_latent_6 + user_latent_7 + user_latent_8 + user_latent_9 - 1 | 0",4,290,-218261.184935875,2100000,70000,"R version 4.3.3 (2024-02-29)","1.1.3","1.2.1","1.6.0","Linux","tianyu-Alienware-Aurora","6.8.0-90-generic","x86_64"
27.9720000000016,"choice ~ item_latent_0 + item_latent_1 + item_latent_2 + item_latent_3 + item_latent_4 + item_latent_5 + item_latent_6 + item_latent_7 + item_latent_8 + item_latent_9 - 1 | 0 | 0",4,10,-230084.611760445,2100000,70000,"R version 4.3.3 (2024-02-29)","1.1.3","1.2.1","1.6.0","Linux","tianyu-Alienware-Aurora","6.8.0-90-generic","x86_64"
160.173000000003,"choice ~ item_latent_0 + item_latent_1 + item_latent_2 + item_latent_3 + item_latent_4 + item_latent_5 + item_latent_6 + item_latent_7 + item_latent_8 + item_latent_9 - 1 | user_latent_0 + user_latent_1 + user_latent_2 + user_latent_3 + user_latent_4 + user_latent_5 + user_latent_6 + user_latent_7 + user_latent_8 + user_latent_9 - 1 | 0",4,300,-218227.208882071,2100000,70000,"R version 4.3.3 (2024-02-29)","1.1.3","1.2.1","1.6.0","Linux","tianyu-Alienware-Aurora","6.8.0-90-generic","x86_64"
243.289999999997,"choice ~ 0 | user_latent_0 + user_latent_1 + user_latent_2 + user_latent_3 + user_latent_4 + user_latent_5 + user_latent_6 + user_latent_7 + user_latent_8 + user_latent_9 - 1 | 0",4,290,-311537.492361285,3000000,1e+05,"R version 4.3.3 (2024-02-29)","1.1.3","1.2.1","1.6.0","Linux","tianyu-Alienware-Aurora","6.8.0-90-generic","x86_64"
41.0289999999986,"choice ~ item_latent_0 + item_latent_1 + item_latent_2 + item_latent_3 + item_latent_4 + item_latent_5 + item_latent_6 + item_latent_7 + item_latent_8 + item_latent_9 - 1 | 0 | 0",4,10,-328548.420928597,3000000,1e+05,"R version 4.3.3 (2024-02-29)","1.1.3","1.2.1","1.6.0","Linux","tianyu-Alienware-Aurora","6.8.0-90-generic","x86_64"
253.262999999999,"choice ~ item_latent_0 + item_latent_1 + item_latent_2 + item_latent_3 + item_latent_4 + item_latent_5 + item_latent_6 + item_latent_7 + item_latent_8 + item_latent_9 - 1 | user_latent_0 + user_latent_1 + user_latent_2 + user_latent_3 + user_latent_4 + user_latent_5 + user_latent_6 + user_latent_7 + user_latent_8 + user_latent_9 - 1 | 0",4,300,-311484.263127745,3000000,1e+05,"R version 4.3.3 (2024-02-29)","1.1.3","1.2.1","1.6.0","Linux","tianyu-Alienware-Aurora","6.8.0-90-generic","x86_64"
6.80400000000009,"choice ~ 0 | user_latent_0 + user_latent_1 + user_latent_2 + user_latent_3 + user_latent_4 + user_latent_5 + user_latent_6 + user_latent_7 + user_latent_8 + user_latent_9 - 1 | 0",5,290,-9208.7766902676,90000,3000,"R version 4.3.3 (2024-02-29)","1.1.3","1.2.1","1.6.0","Linux","tianyu-Alienware-Aurora","6.8.0-90-generic","x86_64"
0.854999999999563,"choice ~ item_latent_0 + item_latent_1 + item_latent_2 + item_latent_3 + item_latent_4 + item_latent_5 + item_latent_6 + item_latent_7 + item_latent_8 + item_latent_9 - 1 | 0 | 0",5,10,-9869.23087259412,90000,3000,"R version 4.3.3 (2024-02-29)","1.1.3","1.2.1","1.6.0","Linux","tianyu-Alienware-Aurora","6.8.0-90-generic","x86_64"
7.53100000000268,"choice ~ item_latent_0 + item_latent_1 + item_latent_2 + item_latent_3 + item_latent_4 + item_latent_5 + item_latent_6 + item_latent_7 + item_latent_8 + item_latent_9 - 1 | user_latent_0 + user_latent_1 + user_latent_2 + user_latent_3 + user_latent_4 + user_latent_5 + user_latent_6 + user_latent_7 + user_latent_8 + user_latent_9 - 1 | 0",5,300,-9202.65928774226,90000,3000,"R version 4.3.3 (2024-02-29)","1.1.3","1.2.1","1.6.0","Linux","tianyu-Alienware-Aurora","6.8.0-90-generic","x86_64"
10.393,"choice ~ 0 | user_latent_0 + user_latent_1 + user_latent_2 + user_latent_3 + user_latent_4 + user_latent_5 + user_latent_6 + user_latent_7 + user_latent_8 + user_latent_9 - 1 | 0",5,290,-15470.5934943507,150000,5000,"R version 4.3.3 (2024-02-29)","1.1.3","1.2.1","1.6.0","Linux","tianyu-Alienware-Aurora","6.8.0-90-generic","x86_64"
1.54000000000087,"choice ~ item_latent_0 + item_latent_1 + item_latent_2 + item_latent_3 + item_latent_4 + item_latent_5 + item_latent_6 + item_latent_7 + item_latent_8 + item_latent_9 - 1 | 0 | 0",5,10,-16451.9937792526,150000,5000,"R version 4.3.3 (2024-02-29)","1.1.3","1.2.1","1.6.0","Linux","tianyu-Alienware-Aurora","6.8.0-90-generic","x86_64"
10.9310000000005,"choice ~ item_latent_0 + item_latent_1 + item_latent_2 + item_latent_3 + item_latent_4 + item_latent_5 + item_latent_6 + item_latent_7 + item_latent_8 + item_latent_9 - 1 | user_latent_0 + user_latent_1 + user_latent_2 + user_latent_3 + user_latent_4 + user_latent_5 + user_latent_6 + user_latent_7 + user_latent_8 + user_latent_9 - 1 | 0",5,300,-15462.9184649971,150000,5000,"R version 4.3.3 (2024-02-29)","1.1.3","1.2.1","1.6.0","Linux","tianyu-Alienware-Aurora","6.8.0-90-generic","x86_64"
16.7129999999997,"choice ~ 0 | user_latent_0 + user_latent_1 + user_latent_2 + user_latent_3 + user_latent_4 + user_latent_5 + user_latent_6 + user_latent_7 + user_latent_8 + user_latent_9 - 1 | 0",5,290,-21700.0573903009,210000,7000,"R version 4.3.3 (2024-02-29)","1.1.3","1.2.1","1.6.0","Linux","tianyu-Alienware-Aurora","6.8.0-90-generic","x86_64"
2.34199999999691,"choice ~ item_latent_0 + item_latent_1 + item_latent_2 + item_latent_3 + item_latent_4 + item_latent_5 + item_latent_6 + item_latent_7 + item_latent_8 + item_latent_9 - 1 | 0 | 0",5,10,-23020.3608148559,210000,7000,"R version 4.3.3 (2024-02-29)","1.1.3","1.2.1","1.6.0","Linux","tianyu-Alienware-Aurora","6.8.0-90-generic","x86_64"
18.2619999999988,"choice ~ item_latent_0 + item_latent_1 + item_latent_2 + item_latent_3 + item_latent_4 + item_latent_5 + item_latent_6 + item_latent_7 + item_latent_8 + item_latent_9 - 1 | user_latent_0 + user_latent_1 + user_latent_2 + user_latent_3 + user_latent_4 + user_latent_5 + user_latent_6 + user_latent_7 + user_latent_8 + user_latent_9 - 1 | 0",5,300,-21689.2707835334,210000,7000,"R version 4.3.3 (2024-02-29)","1.1.3","1.2.1","1.6.0","Linux","tianyu-Alienware-Aurora","6.8.0-90-generic","x86_64"
22.6009999999987,"choice ~ 0 | user_latent_0 + user_latent_1 + user_latent_2 + user_latent_3 + user_latent_4 + user_latent_5 + user_latent_6 + user_latent_7 + user_latent_8 + user_latent_9 - 1 | 0",5,290,-31138.4627367885,300000,10000,"R version 4.3.3 (2024-02-29)","1.1.3","1.2.1","1.6.0","Linux","tianyu-Alienware-Aurora","6.8.0-90-generic","x86_64"
3.7029999999977,"choice ~ item_latent_0 + item_latent_1 + item_latent_2 + item_latent_3 + item_latent_4 + item_latent_5 + item_latent_6 + item_latent_7 + item_latent_8 + item_latent_9 - 1 | 0 | 0",5,10,-32871.1343543936,300000,10000,"R version 4.3.3 (2024-02-29)","1.1.3","1.2.1","1.6.0","Linux","tianyu-Alienware-Aurora","6.8.0-90-generic","x86_64"
24.2129999999997,"choice ~ item_latent_0 + item_latent_1 + item_latent_2 + item_latent_3 + item_latent_4 + item_latent_5 + item_latent_6 + item_latent_7 + item_latent_8 + item_latent_9 - 1 | user_latent_0 + user_latent_1 + user_latent_2 + user_latent_3 + user_latent_4 + user_latent_5 + user_latent_6 + user_latent_7 + user_latent_8 + user_latent_9 - 1 | 0",5,300,-31126.8580635767,300000,10000,"R version 4.3.3 (2024-02-29)","1.1.3","1.2.1","1.6.0","Linux","tianyu-Alienware-Aurora","6.8.0-90-generic","x86_64"
66.1499999999978,"choice ~ 0 | user_latent_0 + user_latent_1 + user_latent_2 + user_latent_3 + user_latent_4 + user_latent_5 + user_latent_6 + user_latent_7 + user_latent_8 + user_latent_9 - 1 | 0",5,290,-93337.0937184306,900000,30000,"R version 4.3.3 (2024-02-29)","1.1.3","1.2.1","1.6.0","Linux","tianyu-Alienware-Aurora","6.8.0-90-generic","x86_64"
11.2389999999978,"choice ~ item_latent_0 + item_latent_1 + item_latent_2 + item_latent_3 + item_latent_4 + item_latent_5 + item_latent_6 + item_latent_7 + item_latent_8 + item_latent_9 - 1 | 0 | 0",5,10,-98488.7715390398,900000,30000,"R version 4.3.3 (2024-02-29)","1.1.3","1.2.1","1.6.0","Linux","tianyu-Alienware-Aurora","6.8.0-90-generic","x86_64"
68.5730000000003,"choice ~ item_latent_0 + item_latent_1 + item_latent_2 + item_latent_3 + item_latent_4 + item_latent_5 + item_latent_6 + item_latent_7 + item_latent_8 + item_latent_9 - 1 | user_latent_0 + user_latent_1 + user_latent_2 + user_latent_3 + user_latent_4 + user_latent_5 + user_latent_6 + user_latent_7 + user_latent_8 + user_latent_9 - 1 | 0",5,300,-93319.1704515513,900000,30000,"R version 4.3.3 (2024-02-29)","1.1.3","1.2.1","1.6.0","Linux","tianyu-Alienware-Aurora","6.8.0-90-generic","x86_64"
109.831000000002,"choice ~ 0 | user_latent_0 + user_latent_1 + user_latent_2 + user_latent_3 + user_latent_4 + user_latent_5 + user_latent_6 + user_latent_7 + user_latent_8 + user_latent_9 - 1 | 0",5,290,-155784.071830566,1500000,50000,"R version 4.3.3 (2024-02-29)","1.1.3","1.2.1","1.6.0","Linux","tianyu-Alienware-Aurora","6.8.0-90-generic","x86_64"
19.2999999999993,"choice ~ item_latent_0 + item_latent_1 + item_latent_2 + item_latent_3 + item_latent_4 + item_latent_5 + item_latent_6 + item_latent_7 + item_latent_8 + item_latent_9 - 1 | 0 | 0",5,10,-164300.580369037,1500000,50000,"R version 4.3.3 (2024-02-29)","1.1.3","1.2.1","1.6.0","Linux","tianyu-Alienware-Aurora","6.8.0-90-generic","x86_64"
114.024000000001,"choice ~ item_latent_0 + item_latent_1 + item_latent_2 + item_latent_3 + item_latent_4 + item_latent_5 + item_latent_6 + item_latent_7 + item_latent_8 + item_latent_9 - 1 | user_latent_0 + user_latent_1 + user_latent_2 + user_latent_3 + user_latent_4 + user_latent_5 + user_latent_6 + user_latent_7 + user_latent_8 + user_latent_9 - 1 | 0",5,300,-155759.013482998,1500000,50000,"R version 4.3.3 (2024-02-29)","1.1.3","1.2.1","1.6.0","Linux","tianyu-Alienware-Aurora","6.8.0-90-generic","x86_64"
153.441999999999,"choice ~ 0 | user_latent_0 + user_latent_1 + user_latent_2 + user_latent_3 + user_latent_4 + user_latent_5 + user_latent_6 + user_latent_7 + user_latent_8 + user_latent_9 - 1 | 0",5,290,-218261.184935875,2100000,70000,"R version 4.3.3 (2024-02-29)","1.1.3","1.2.1","1.6.0","Linux","tianyu-Alienware-Aurora","6.8.0-90-generic","x86_64"
27.6659999999974,"choice ~ item_latent_0 + item_latent_1 + item_latent_2 + item_latent_3 + item_latent_4 + item_latent_5 + item_latent_6 + item_latent_7 + item_latent_8 + item_latent_9 - 1 | 0 | 0",5,10,-230084.611760445,2100000,70000,"R version 4.3.3 (2024-02-29)","1.1.3","1.2.1","1.6.0","Linux","tianyu-Alienware-Aurora","6.8.0-90-generic","x86_64"
159.598000000002,"choice ~ item_latent_0 + item_latent_1 + item_latent_2 + item_latent_3 + item_latent_4 + item_latent_5 + item_latent_6 + item_latent_7 + item_latent_8 + item_latent_9 - 1 | user_latent_0 + user_latent_1 + user_latent_2 + user_latent_3 + user_latent_4 + user_latent_5 + user_latent_6 + user_latent_7 + user_latent_8 + user_latent_9 - 1 | 0",5,300,-218227.208882071,2100000,70000,"R version 4.3.3 (2024-02-29)","1.1.3","1.2.1","1.6.0","Linux","tianyu-Alienware-Aurora","6.8.0-90-generic","x86_64"
244.356,"choice ~ 0 | user_latent_0 + user_latent_1 + user_latent_2 + user_latent_3 + user_latent_4 + user_latent_5 + user_latent_6 + user_latent_7 + user_latent_8 + user_latent_9 - 1 | 0",5,290,-311537.492361285,3000000,1e+05,"R version 4.3.3 (2024-02-29)","1.1.3","1.2.1","1.6.0","Linux","tianyu-Alienware-Aurora","6.8.0-90-generic","x86_64"
40.3349999999991,"choice ~ item_latent_0 + item_latent_1 + item_latent_2 + item_latent_3 + item_latent_4 + item_latent_5 + item_latent_6 + item_latent_7 + item_latent_8 + item_latent_9 - 1 | 0 | 0",5,10,-328548.420928597,3000000,1e+05,"R version 4.3.3 (2024-02-29)","1.1.3","1.2.1","1.6.0","Linux","tianyu-Alienware-Aurora","6.8.0-90-generic","x86_64"
252.393,"choice ~ item_latent_0 + item_latent_1 + item_latent_2 + item_latent_3 + item_latent_4 + item_latent_5 + item_latent_6 + item_latent_7 + item_latent_8 + item_latent_9 - 1 | user_latent_0 + user_latent_1 + user_latent_2 + user_latent_3 + user_latent_4 + user_latent_5 + user_latent_6 + user_latent_7 + user_latent_8 + user_latent_9 - 1 | 0",5,300,-311484.263127745,3000000,1e+05,"R version 4.3.3 (2024-02-29)","1.1.3","1.2.1","1.6.0","Linux","tianyu-Alienware-Aurora","6.8.0-90-generic","x86_64"
