num_records,time,formula,seed,best_loss,num_params,epochs_run,dataset,python_version,torch_version,torch_choice_version,device,command,data_path,output_path,experiment_name,num_seeds,num_epochs,learning_rate,batch_size,smoke_test,optimizer,cpu_name,cpu_count,gpu_name,task
20000,43.18942403793335,(user_latents|item) + (item_latents|constant),0,80273.890625,30,2358,"ChoiceDataset(num_items=500, num_users=500, num_sessions=3000000, label=[], item_index=[20000], user_index=[20000], session_index=[20000], item_availability=[], user_latents=[500, 30], item_latents=[500, 30], device=cuda:0)","3.12.11 (main, Jul 23 2025, 00:34:44) [Clang 20.1.4 ]",2.9.1+cu128,1.0.6,auto,torch-choice,/home/tianyudu/Development/torch-choice/replication/paper_performance_benchmarks/runs/20260103_031639/synthetic_data,/home/tianyudu/Development/torch-choice/replication/paper_performance_benchmarks/runs/20260103_031639/benchmark_results,all,5,50000,0.03,-1,False,Adam,x86_64,16,NVIDIA GeForce RTX 3090,num_params_experiment_large
20000,22.93405055999756,(user_latents|item) + (item_latents|constant),0,108681.578125,1,2857,"ChoiceDataset(num_items=500, num_users=500, num_sessions=3000000, label=[], item_index=[20000], user_index=[20000], session_index=[20000], item_availability=[], user_latents=[500, 1], item_latents=[500, 1], device=cuda:0)","3.12.11 (main, Jul 23 2025, 00:34:44) [Clang 20.1.4 ]",2.9.1+cu128,1.0.6,auto,torch-choice,/home/tianyudu/Development/torch-choice/replication/paper_performance_benchmarks/runs/20260103_031639/synthetic_data,/home/tianyudu/Development/torch-choice/replication/paper_performance_benchmarks/runs/20260103_031639/benchmark_results,all,5,50000,0.03,-1,False,Adam,x86_64,16,NVIDIA GeForce RTX 3090,num_params_experiment_large
20000,43.45459342002869,(user_latents|item) + (item_latents|constant),0,89658.421875,5,4894,"ChoiceDataset(num_items=500, num_users=500, num_sessions=3000000, label=[], item_index=[20000], user_index=[20000], session_index=[20000], item_availability=[], user_latents=[500, 5], item_latents=[500, 5], device=cuda:0)","3.12.11 (main, Jul 23 2025, 00:34:44) [Clang 20.1.4 ]",2.9.1+cu128,1.0.6,auto,torch-choice,/home/tianyudu/Development/torch-choice/replication/paper_performance_benchmarks/runs/20260103_031639/synthetic_data,/home/tianyudu/Development/torch-choice/replication/paper_performance_benchmarks/runs/20260103_031639/benchmark_results,all,5,50000,0.03,-1,False,Adam,x86_64,16,NVIDIA GeForce RTX 3090,num_params_experiment_large
20000,43.07699656486511,(user_latents|item) + (item_latents|constant),0,87025.859375,10,4255,"ChoiceDataset(num_items=500, num_users=500, num_sessions=3000000, label=[], item_index=[20000], user_index=[20000], session_index=[20000], item_availability=[], user_latents=[500, 10], item_latents=[500, 10], device=cuda:0)","3.12.11 (main, Jul 23 2025, 00:34:44) [Clang 20.1.4 ]",2.9.1+cu128,1.0.6,auto,torch-choice,/home/tianyudu/Development/torch-choice/replication/paper_performance_benchmarks/runs/20260103_031639/synthetic_data,/home/tianyudu/Development/torch-choice/replication/paper_performance_benchmarks/runs/20260103_031639/benchmark_results,all,5,50000,0.03,-1,False,Adam,x86_64,16,NVIDIA GeForce RTX 3090,num_params_experiment_large
20000,46.910359382629395,(user_latents|item) + (item_latents|constant),0,85256.90625,15,4225,"ChoiceDataset(num_items=500, num_users=500, num_sessions=3000000, label=[], item_index=[20000], user_index=[20000], session_index=[20000], item_availability=[], user_latents=[500, 15], item_latents=[500, 15], device=cuda:0)","3.12.11 (main, Jul 23 2025, 00:34:44) [Clang 20.1.4 ]",2.9.1+cu128,1.0.6,auto,torch-choice,/home/tianyudu/Development/torch-choice/replication/paper_performance_benchmarks/runs/20260103_031639/synthetic_data,/home/tianyudu/Development/torch-choice/replication/paper_performance_benchmarks/runs/20260103_031639/benchmark_results,all,5,50000,0.03,-1,False,Adam,x86_64,16,NVIDIA GeForce RTX 3090,num_params_experiment_large
20000,44.07496428489685,(user_latents|item) + (item_latents|constant),0,83619.125,20,3126,"ChoiceDataset(num_items=500, num_users=500, num_sessions=3000000, label=[], item_index=[20000], user_index=[20000], session_index=[20000], item_availability=[], user_latents=[500, 20], item_latents=[500, 20], device=cuda:0)","3.12.11 (main, Jul 23 2025, 00:34:44) [Clang 20.1.4 ]",2.9.1+cu128,1.0.6,auto,torch-choice,/home/tianyudu/Development/torch-choice/replication/paper_performance_benchmarks/runs/20260103_031639/synthetic_data,/home/tianyudu/Development/torch-choice/replication/paper_performance_benchmarks/runs/20260103_031639/benchmark_results,all,5,50000,0.03,-1,False,Adam,x86_64,16,NVIDIA GeForce RTX 3090,num_params_experiment_large
20000,34.873411893844604,(user_latents|item),0,80199.03125,30,3061,"ChoiceDataset(num_items=500, num_users=500, num_sessions=3000000, label=[], item_index=[20000], user_index=[20000], session_index=[20000], item_availability=[], user_latents=[500, 30], item_latents=[500, 30], device=cuda:0)","3.12.11 (main, Jul 23 2025, 00:34:44) [Clang 20.1.4 ]",2.9.1+cu128,1.0.6,auto,torch-choice,/home/tianyudu/Development/torch-choice/replication/paper_performance_benchmarks/runs/20260103_031639/synthetic_data,/home/tianyudu/Development/torch-choice/replication/paper_performance_benchmarks/runs/20260103_031639/benchmark_results,all,5,50000,0.03,-1,False,Adam,x86_64,16,NVIDIA GeForce RTX 3090,num_params_experiment_large
20000,24.502878427505493,(user_latents|item),0,108753.859375,1,3194,"ChoiceDataset(num_items=500, num_users=500, num_sessions=3000000, label=[], item_index=[20000], user_index=[20000], session_index=[20000], item_availability=[], user_latents=[500, 1], item_latents=[500, 1], device=cuda:0)","3.12.11 (main, Jul 23 2025, 00:34:44) [Clang 20.1.4 ]",2.9.1+cu128,1.0.6,auto,torch-choice,/home/tianyudu/Development/torch-choice/replication/paper_performance_benchmarks/runs/20260103_031639/synthetic_data,/home/tianyudu/Development/torch-choice/replication/paper_performance_benchmarks/runs/20260103_031639/benchmark_results,all,5,50000,0.03,-1,False,Adam,x86_64,16,NVIDIA GeForce RTX 3090,num_params_experiment_large
20000,38.29699397087097,(user_latents|item),0,89717.1875,5,4692,"ChoiceDataset(num_items=500, num_users=500, num_sessions=3000000, label=[], item_index=[20000], user_index=[20000], session_index=[20000], item_availability=[], user_latents=[500, 5], item_latents=[500, 5], device=cuda:0)","3.12.11 (main, Jul 23 2025, 00:34:44) [Clang 20.1.4 ]",2.9.1+cu128,1.0.6,auto,torch-choice,/home/tianyudu/Development/torch-choice/replication/paper_performance_benchmarks/runs/20260103_031639/synthetic_data,/home/tianyudu/Development/torch-choice/replication/paper_performance_benchmarks/runs/20260103_031639/benchmark_results,all,5,50000,0.03,-1,False,Adam,x86_64,16,NVIDIA GeForce RTX 3090,num_params_experiment_large
20000,38.8175585269928,(user_latents|item),0,87070.5625,10,4350,"ChoiceDataset(num_items=500, num_users=500, num_sessions=3000000, label=[], item_index=[20000], user_index=[20000], session_index=[20000], item_availability=[], user_latents=[500, 10], item_latents=[500, 10], device=cuda:0)","3.12.11 (main, Jul 23 2025, 00:34:44) [Clang 20.1.4 ]",2.9.1+cu128,1.0.6,auto,torch-choice,/home/tianyudu/Development/torch-choice/replication/paper_performance_benchmarks/runs/20260103_031639/synthetic_data,/home/tianyudu/Development/torch-choice/replication/paper_performance_benchmarks/runs/20260103_031639/benchmark_results,all,5,50000,0.03,-1,False,Adam,x86_64,16,NVIDIA GeForce RTX 3090,num_params_experiment_large
20000,34.21285128593445,(user_latents|item),0,85304.65625,15,3737,"ChoiceDataset(num_items=500, num_users=500, num_sessions=3000000, label=[], item_index=[20000], user_index=[20000], session_index=[20000], item_availability=[], user_latents=[500, 15], item_latents=[500, 15], device=cuda:0)","3.12.11 (main, Jul 23 2025, 00:34:44) [Clang 20.1.4 ]",2.9.1+cu128,1.0.6,auto,torch-choice,/home/tianyudu/Development/torch-choice/replication/paper_performance_benchmarks/runs/20260103_031639/synthetic_data,/home/tianyudu/Development/torch-choice/replication/paper_performance_benchmarks/runs/20260103_031639/benchmark_results,all,5,50000,0.03,-1,False,Adam,x86_64,16,NVIDIA GeForce RTX 3090,num_params_experiment_large
20000,38.6684844493866,(user_latents|item),0,83611.8359375,20,3705,"ChoiceDataset(num_items=500, num_users=500, num_sessions=3000000, label=[], item_index=[20000], user_index=[20000], session_index=[20000], item_availability=[], user_latents=[500, 20], item_latents=[500, 20], device=cuda:0)","3.12.11 (main, Jul 23 2025, 00:34:44) [Clang 20.1.4 ]",2.9.1+cu128,1.0.6,auto,torch-choice,/home/tianyudu/Development/torch-choice/replication/paper_performance_benchmarks/runs/20260103_031639/synthetic_data,/home/tianyudu/Development/torch-choice/replication/paper_performance_benchmarks/runs/20260103_031639/benchmark_results,all,5,50000,0.03,-1,False,Adam,x86_64,16,NVIDIA GeForce RTX 3090,num_params_experiment_large
20000,11.475770473480225,(item_latents|constant),0,113535.671875,30,1101,"ChoiceDataset(num_items=500, num_users=500, num_sessions=3000000, label=[], item_index=[20000], user_index=[20000], session_index=[20000], item_availability=[], user_latents=[500, 30], item_latents=[500, 30], device=cuda:0)","3.12.11 (main, Jul 23 2025, 00:34:44) [Clang 20.1.4 ]",2.9.1+cu128,1.0.6,auto,torch-choice,/home/tianyudu/Development/torch-choice/replication/paper_performance_benchmarks/runs/20260103_031639/synthetic_data,/home/tianyudu/Development/torch-choice/replication/paper_performance_benchmarks/runs/20260103_031639/benchmark_results,all,5,50000,0.03,-1,False,Adam,x86_64,16,NVIDIA GeForce RTX 3090,num_params_experiment_large
20000,0.601038932800293,(item_latents|constant),0,124129.3984375,1,83,"ChoiceDataset(num_items=500, num_users=500, num_sessions=3000000, label=[], item_index=[20000], user_index=[20000], session_index=[20000], item_availability=[], user_latents=[500, 1], item_latents=[500, 1], device=cuda:0)","3.12.11 (main, Jul 23 2025, 00:34:44) [Clang 20.1.4 ]",2.9.1+cu128,1.0.6,auto,torch-choice,/home/tianyudu/Development/torch-choice/replication/paper_performance_benchmarks/runs/20260103_031639/synthetic_data,/home/tianyudu/Development/torch-choice/replication/paper_performance_benchmarks/runs/20260103_031639/benchmark_results,all,5,50000,0.03,-1,False,Adam,x86_64,16,NVIDIA GeForce RTX 3090,num_params_experiment_large
20000,6.78169059753418,(item_latents|constant),0,123466.25,5,870,"ChoiceDataset(num_items=500, num_users=500, num_sessions=3000000, label=[], item_index=[20000], user_index=[20000], session_index=[20000], item_availability=[], user_latents=[500, 5], item_latents=[500, 5], device=cuda:0)","3.12.11 (main, Jul 23 2025, 00:34:44) [Clang 20.1.4 ]",2.9.1+cu128,1.0.6,auto,torch-choice,/home/tianyudu/Development/torch-choice/replication/paper_performance_benchmarks/runs/20260103_031639/synthetic_data,/home/tianyudu/Development/torch-choice/replication/paper_performance_benchmarks/runs/20260103_031639/benchmark_results,all,5,50000,0.03,-1,False,Adam,x86_64,16,NVIDIA GeForce RTX 3090,num_params_experiment_large
20000,8.908696174621582,(item_latents|constant),0,120104.5625,10,1068,"ChoiceDataset(num_items=500, num_users=500, num_sessions=3000000, label=[], item_index=[20000], user_index=[20000], session_index=[20000], item_availability=[], user_latents=[500, 10], item_latents=[500, 10], device=cuda:0)","3.12.11 (main, Jul 23 2025, 00:34:44) [Clang 20.1.4 ]",2.9.1+cu128,1.0.6,auto,torch-choice,/home/tianyudu/Development/torch-choice/replication/paper_performance_benchmarks/runs/20260103_031639/synthetic_data,/home/tianyudu/Development/torch-choice/replication/paper_performance_benchmarks/runs/20260103_031639/benchmark_results,all,5,50000,0.03,-1,False,Adam,x86_64,16,NVIDIA GeForce RTX 3090,num_params_experiment_large
20000,8.75467848777771,(item_latents|constant),0,119151.640625,15,979,"ChoiceDataset(num_items=500, num_users=500, num_sessions=3000000, label=[], item_index=[20000], user_index=[20000], session_index=[20000], item_availability=[], user_latents=[500, 15], item_latents=[500, 15], device=cuda:0)","3.12.11 (main, Jul 23 2025, 00:34:44) [Clang 20.1.4 ]",2.9.1+cu128,1.0.6,auto,torch-choice,/home/tianyudu/Development/torch-choice/replication/paper_performance_benchmarks/runs/20260103_031639/synthetic_data,/home/tianyudu/Development/torch-choice/replication/paper_performance_benchmarks/runs/20260103_031639/benchmark_results,all,5,50000,0.03,-1,False,Adam,x86_64,16,NVIDIA GeForce RTX 3090,num_params_experiment_large
20000,13.715059518814087,(item_latents|constant),0,118146.015625,20,1469,"ChoiceDataset(num_items=500, num_users=500, num_sessions=3000000, label=[], item_index=[20000], user_index=[20000], session_index=[20000], item_availability=[], user_latents=[500, 20], item_latents=[500, 20], device=cuda:0)","3.12.11 (main, Jul 23 2025, 00:34:44) [Clang 20.1.4 ]",2.9.1+cu128,1.0.6,auto,torch-choice,/home/tianyudu/Development/torch-choice/replication/paper_performance_benchmarks/runs/20260103_031639/synthetic_data,/home/tianyudu/Development/torch-choice/replication/paper_performance_benchmarks/runs/20260103_031639/benchmark_results,all,5,50000,0.03,-1,False,Adam,x86_64,16,NVIDIA GeForce RTX 3090,num_params_experiment_large
20000,54.8010311126709,(user_latents|item) + (item_latents|constant),1,80234.21875,30,3004,"ChoiceDataset(num_items=500, num_users=500, num_sessions=3000000, label=[], item_index=[20000], user_index=[20000], session_index=[20000], item_availability=[], user_latents=[500, 30], item_latents=[500, 30], device=cuda:0)","3.12.11 (main, Jul 23 2025, 00:34:44) [Clang 20.1.4 ]",2.9.1+cu128,1.0.6,auto,torch-choice,/home/tianyudu/Development/torch-choice/replication/paper_performance_benchmarks/runs/20260103_031639/synthetic_data,/home/tianyudu/Development/torch-choice/replication/paper_performance_benchmarks/runs/20260103_031639/benchmark_results,all,5,50000,0.03,-1,False,Adam,x86_64,16,NVIDIA GeForce RTX 3090,num_params_experiment_large
20000,20.298729419708252,(user_latents|item) + (item_latents|constant),1,108681.578125,1,2565,"ChoiceDataset(num_items=500, num_users=500, num_sessions=3000000, label=[], item_index=[20000], user_index=[20000], session_index=[20000], item_availability=[], user_latents=[500, 1], item_latents=[500, 1], device=cuda:0)","3.12.11 (main, Jul 23 2025, 00:34:44) [Clang 20.1.4 ]",2.9.1+cu128,1.0.6,auto,torch-choice,/home/tianyudu/Development/torch-choice/replication/paper_performance_benchmarks/runs/20260103_031639/synthetic_data,/home/tianyudu/Development/torch-choice/replication/paper_performance_benchmarks/runs/20260103_031639/benchmark_results,all,5,50000,0.03,-1,False,Adam,x86_64,16,NVIDIA GeForce RTX 3090,num_params_experiment_large
20000,40.61365056037903,(user_latents|item) + (item_latents|constant),1,89658.53125,5,4536,"ChoiceDataset(num_items=500, num_users=500, num_sessions=3000000, label=[], item_index=[20000], user_index=[20000], session_index=[20000], item_availability=[], user_latents=[500, 5], item_latents=[500, 5], device=cuda:0)","3.12.11 (main, Jul 23 2025, 00:34:44) [Clang 20.1.4 ]",2.9.1+cu128,1.0.6,auto,torch-choice,/home/tianyudu/Development/torch-choice/replication/paper_performance_benchmarks/runs/20260103_031639/synthetic_data,/home/tianyudu/Development/torch-choice/replication/paper_performance_benchmarks/runs/20260103_031639/benchmark_results,all,5,50000,0.03,-1,False,Adam,x86_64,16,NVIDIA GeForce RTX 3090,num_params_experiment_large
20000,54.1183979511261,(user_latents|item) + (item_latents|constant),1,87024.6171875,10,5321,"ChoiceDataset(num_items=500, num_users=500, num_sessions=3000000, label=[], item_index=[20000], user_index=[20000], session_index=[20000], item_availability=[], user_latents=[500, 10], item_latents=[500, 10], device=cuda:0)","3.12.11 (main, Jul 23 2025, 00:34:44) [Clang 20.1.4 ]",2.9.1+cu128,1.0.6,auto,torch-choice,/home/tianyudu/Development/torch-choice/replication/paper_performance_benchmarks/runs/20260103_031639/synthetic_data,/home/tianyudu/Development/torch-choice/replication/paper_performance_benchmarks/runs/20260103_031639/benchmark_results,all,5,50000,0.03,-1,False,Adam,x86_64,16,NVIDIA GeForce RTX 3090,num_params_experiment_large
20000,43.392746686935425,(user_latents|item) + (item_latents|constant),1,85254.703125,15,3867,"ChoiceDataset(num_items=500, num_users=500, num_sessions=3000000, label=[], item_index=[20000], user_index=[20000], session_index=[20000], item_availability=[], user_latents=[500, 15], item_latents=[500, 15], device=cuda:0)","3.12.11 (main, Jul 23 2025, 00:34:44) [Clang 20.1.4 ]",2.9.1+cu128,1.0.6,auto,torch-choice,/home/tianyudu/Development/torch-choice/replication/paper_performance_benchmarks/runs/20260103_031639/synthetic_data,/home/tianyudu/Development/torch-choice/replication/paper_performance_benchmarks/runs/20260103_031639/benchmark_results,all,5,50000,0.03,-1,False,Adam,x86_64,16,NVIDIA GeForce RTX 3090,num_params_experiment_large
20000,45.51064848899841,(user_latents|item) + (item_latents|constant),1,83607.484375,20,3203,"ChoiceDataset(num_items=500, num_users=500, num_sessions=3000000, label=[], item_index=[20000], user_index=[20000], session_index=[20000], item_availability=[], user_latents=[500, 20], item_latents=[500, 20], device=cuda:0)","3.12.11 (main, Jul 23 2025, 00:34:44) [Clang 20.1.4 ]",2.9.1+cu128,1.0.6,auto,torch-choice,/home/tianyudu/Development/torch-choice/replication/paper_performance_benchmarks/runs/20260103_031639/synthetic_data,/home/tianyudu/Development/torch-choice/replication/paper_performance_benchmarks/runs/20260103_031639/benchmark_results,all,5,50000,0.03,-1,False,Adam,x86_64,16,NVIDIA GeForce RTX 3090,num_params_experiment_large
20000,37.56002688407898,(user_latents|item),1,80219.40625,30,3282,"ChoiceDataset(num_items=500, num_users=500, num_sessions=3000000, label=[], item_index=[20000], user_index=[20000], session_index=[20000], item_availability=[], user_latents=[500, 30], item_latents=[500, 30], device=cuda:0)","3.12.11 (main, Jul 23 2025, 00:34:44) [Clang 20.1.4 ]",2.9.1+cu128,1.0.6,auto,torch-choice,/home/tianyudu/Development/torch-choice/replication/paper_performance_benchmarks/runs/20260103_031639/synthetic_data,/home/tianyudu/Development/torch-choice/replication/paper_performance_benchmarks/runs/20260103_031639/benchmark_results,all,5,50000,0.03,-1,False,Adam,x86_64,16,NVIDIA GeForce RTX 3090,num_params_experiment_large
20000,24.77314066886902,(user_latents|item),1,108753.8359375,1,3205,"ChoiceDataset(num_items=500, num_users=500, num_sessions=3000000, label=[], item_index=[20000], user_index=[20000], session_index=[20000], item_availability=[], user_latents=[500, 1], item_latents=[500, 1], device=cuda:0)","3.12.11 (main, Jul 23 2025, 00:34:44) [Clang 20.1.4 ]",2.9.1+cu128,1.0.6,auto,torch-choice,/home/tianyudu/Development/torch-choice/replication/paper_performance_benchmarks/runs/20260103_031639/synthetic_data,/home/tianyudu/Development/torch-choice/replication/paper_performance_benchmarks/runs/20260103_031639/benchmark_results,all,5,50000,0.03,-1,False,Adam,x86_64,16,NVIDIA GeForce RTX 3090,num_params_experiment_large
20000,36.28347206115723,(user_latents|item),1,89717.25,5,4394,"ChoiceDataset(num_items=500, num_users=500, num_sessions=3000000, label=[], item_index=[20000], user_index=[20000], session_index=[20000], item_availability=[], user_latents=[500, 5], item_latents=[500, 5], device=cuda:0)","3.12.11 (main, Jul 23 2025, 00:34:44) [Clang 20.1.4 ]",2.9.1+cu128,1.0.6,auto,torch-choice,/home/tianyudu/Development/torch-choice/replication/paper_performance_benchmarks/runs/20260103_031639/synthetic_data,/home/tianyudu/Development/torch-choice/replication/paper_performance_benchmarks/runs/20260103_031639/benchmark_results,all,5,50000,0.03,-1,False,Adam,x86_64,16,NVIDIA GeForce RTX 3090,num_params_experiment_large
20000,42.1947660446167,(user_latents|item),1,87068.6640625,10,4693,"ChoiceDataset(num_items=500, num_users=500, num_sessions=3000000, label=[], item_index=[20000], user_index=[20000], session_index=[20000], item_availability=[], user_latents=[500, 10], item_latents=[500, 10], device=cuda:0)","3.12.11 (main, Jul 23 2025, 00:34:44) [Clang 20.1.4 ]",2.9.1+cu128,1.0.6,auto,torch-choice,/home/tianyudu/Development/torch-choice/replication/paper_performance_benchmarks/runs/20260103_031639/synthetic_data,/home/tianyudu/Development/torch-choice/replication/paper_performance_benchmarks/runs/20260103_031639/benchmark_results,all,5,50000,0.03,-1,False,Adam,x86_64,16,NVIDIA GeForce RTX 3090,num_params_experiment_large
20000,39.00838112831116,(user_latents|item),1,85303.21875,15,4247,"ChoiceDataset(num_items=500, num_users=500, num_sessions=3000000, label=[], item_index=[20000], user_index=[20000], session_index=[20000], item_availability=[], user_latents=[500, 15], item_latents=[500, 15], device=cuda:0)","3.12.11 (main, Jul 23 2025, 00:34:44) [Clang 20.1.4 ]",2.9.1+cu128,1.0.6,auto,torch-choice,/home/tianyudu/Development/torch-choice/replication/paper_performance_benchmarks/runs/20260103_031639/synthetic_data,/home/tianyudu/Development/torch-choice/replication/paper_performance_benchmarks/runs/20260103_031639/benchmark_results,all,5,50000,0.03,-1,False,Adam,x86_64,16,NVIDIA GeForce RTX 3090,num_params_experiment_large
20000,34.36142563819885,(user_latents|item),1,83622.109375,20,3277,"ChoiceDataset(num_items=500, num_users=500, num_sessions=3000000, label=[], item_index=[20000], user_index=[20000], session_index=[20000], item_availability=[], user_latents=[500, 20], item_latents=[500, 20], device=cuda:0)","3.12.11 (main, Jul 23 2025, 00:34:44) [Clang 20.1.4 ]",2.9.1+cu128,1.0.6,auto,torch-choice,/home/tianyudu/Development/torch-choice/replication/paper_performance_benchmarks/runs/20260103_031639/synthetic_data,/home/tianyudu/Development/torch-choice/replication/paper_performance_benchmarks/runs/20260103_031639/benchmark_results,all,5,50000,0.03,-1,False,Adam,x86_64,16,NVIDIA GeForce RTX 3090,num_params_experiment_large
20000,13.5491783618927,(item_latents|constant),1,113535.671875,30,1296,"ChoiceDataset(num_items=500, num_users=500, num_sessions=3000000, label=[], item_index=[20000], user_index=[20000], session_index=[20000], item_availability=[], user_latents=[500, 30], item_latents=[500, 30], device=cuda:0)","3.12.11 (main, Jul 23 2025, 00:34:44) [Clang 20.1.4 ]",2.9.1+cu128,1.0.6,auto,torch-choice,/home/tianyudu/Development/torch-choice/replication/paper_performance_benchmarks/runs/20260103_031639/synthetic_data,/home/tianyudu/Development/torch-choice/replication/paper_performance_benchmarks/runs/20260103_031639/benchmark_results,all,5,50000,0.03,-1,False,Adam,x86_64,16,NVIDIA GeForce RTX 3090,num_params_experiment_large
20000,0.602647066116333,(item_latents|constant),1,124129.3984375,1,82,"ChoiceDataset(num_items=500, num_users=500, num_sessions=3000000, label=[], item_index=[20000], user_index=[20000], session_index=[20000], item_availability=[], user_latents=[500, 1], item_latents=[500, 1], device=cuda:0)","3.12.11 (main, Jul 23 2025, 00:34:44) [Clang 20.1.4 ]",2.9.1+cu128,1.0.6,auto,torch-choice,/home/tianyudu/Development/torch-choice/replication/paper_performance_benchmarks/runs/20260103_031639/synthetic_data,/home/tianyudu/Development/torch-choice/replication/paper_performance_benchmarks/runs/20260103_031639/benchmark_results,all,5,50000,0.03,-1,False,Adam,x86_64,16,NVIDIA GeForce RTX 3090,num_params_experiment_large
20000,7.310581207275391,(item_latents|constant),1,123466.2578125,5,926,"ChoiceDataset(num_items=500, num_users=500, num_sessions=3000000, label=[], item_index=[20000], user_index=[20000], session_index=[20000], item_availability=[], user_latents=[500, 5], item_latents=[500, 5], device=cuda:0)","3.12.11 (main, Jul 23 2025, 00:34:44) [Clang 20.1.4 ]",2.9.1+cu128,1.0.6,auto,torch-choice,/home/tianyudu/Development/torch-choice/replication/paper_performance_benchmarks/runs/20260103_031639/synthetic_data,/home/tianyudu/Development/torch-choice/replication/paper_performance_benchmarks/runs/20260103_031639/benchmark_results,all,5,50000,0.03,-1,False,Adam,x86_64,16,NVIDIA GeForce RTX 3090,num_params_experiment_large
20000,9.86745309829712,(item_latents|constant),1,120104.5625,10,1181,"ChoiceDataset(num_items=500, num_users=500, num_sessions=3000000, label=[], item_index=[20000], user_index=[20000], session_index=[20000], item_availability=[], user_latents=[500, 10], item_latents=[500, 10], device=cuda:0)","3.12.11 (main, Jul 23 2025, 00:34:44) [Clang 20.1.4 ]",2.9.1+cu128,1.0.6,auto,torch-choice,/home/tianyudu/Development/torch-choice/replication/paper_performance_benchmarks/runs/20260103_031639/synthetic_data,/home/tianyudu/Development/torch-choice/replication/paper_performance_benchmarks/runs/20260103_031639/benchmark_results,all,5,50000,0.03,-1,False,Adam,x86_64,16,NVIDIA GeForce RTX 3090,num_params_experiment_large
20000,8.346132278442383,(item_latents|constant),1,119151.640625,15,938,"ChoiceDataset(num_items=500, num_users=500, num_sessions=3000000, label=[], item_index=[20000], user_index=[20000], session_index=[20000], item_availability=[], user_latents=[500, 15], item_latents=[500, 15], device=cuda:0)","3.12.11 (main, Jul 23 2025, 00:34:44) [Clang 20.1.4 ]",2.9.1+cu128,1.0.6,auto,torch-choice,/home/tianyudu/Development/torch-choice/replication/paper_performance_benchmarks/runs/20260103_031639/synthetic_data,/home/tianyudu/Development/torch-choice/replication/paper_performance_benchmarks/runs/20260103_031639/benchmark_results,all,5,50000,0.03,-1,False,Adam,x86_64,16,NVIDIA GeForce RTX 3090,num_params_experiment_large
20000,13.676561117172241,(item_latents|constant),1,118146.015625,20,1456,"ChoiceDataset(num_items=500, num_users=500, num_sessions=3000000, label=[], item_index=[20000], user_index=[20000], session_index=[20000], item_availability=[], user_latents=[500, 20], item_latents=[500, 20], device=cuda:0)","3.12.11 (main, Jul 23 2025, 00:34:44) [Clang 20.1.4 ]",2.9.1+cu128,1.0.6,auto,torch-choice,/home/tianyudu/Development/torch-choice/replication/paper_performance_benchmarks/runs/20260103_031639/synthetic_data,/home/tianyudu/Development/torch-choice/replication/paper_performance_benchmarks/runs/20260103_031639/benchmark_results,all,5,50000,0.03,-1,False,Adam,x86_64,16,NVIDIA GeForce RTX 3090,num_params_experiment_large
20000,55.01529622077942,(user_latents|item) + (item_latents|constant),2,80222.5078125,30,3014,"ChoiceDataset(num_items=500, num_users=500, num_sessions=3000000, label=[], item_index=[20000], user_index=[20000], session_index=[20000], item_availability=[], user_latents=[500, 30], item_latents=[500, 30], device=cuda:0)","3.12.11 (main, Jul 23 2025, 00:34:44) [Clang 20.1.4 ]",2.9.1+cu128,1.0.6,auto,torch-choice,/home/tianyudu/Development/torch-choice/replication/paper_performance_benchmarks/runs/20260103_031639/synthetic_data,/home/tianyudu/Development/torch-choice/replication/paper_performance_benchmarks/runs/20260103_031639/benchmark_results,all,5,50000,0.03,-1,False,Adam,x86_64,16,NVIDIA GeForce RTX 3090,num_params_experiment_large
20000,25.085761308670044,(user_latents|item) + (item_latents|constant),2,108681.5625,1,3115,"ChoiceDataset(num_items=500, num_users=500, num_sessions=3000000, label=[], item_index=[20000], user_index=[20000], session_index=[20000], item_availability=[], user_latents=[500, 1], item_latents=[500, 1], device=cuda:0)","3.12.11 (main, Jul 23 2025, 00:34:44) [Clang 20.1.4 ]",2.9.1+cu128,1.0.6,auto,torch-choice,/home/tianyudu/Development/torch-choice/replication/paper_performance_benchmarks/runs/20260103_031639/synthetic_data,/home/tianyudu/Development/torch-choice/replication/paper_performance_benchmarks/runs/20260103_031639/benchmark_results,all,5,50000,0.03,-1,False,Adam,x86_64,16,NVIDIA GeForce RTX 3090,num_params_experiment_large
20000,42.46038889884949,(user_latents|item) + (item_latents|constant),2,89658.921875,5,4713,"ChoiceDataset(num_items=500, num_users=500, num_sessions=3000000, label=[], item_index=[20000], user_index=[20000], session_index=[20000], item_availability=[], user_latents=[500, 5], item_latents=[500, 5], device=cuda:0)","3.12.11 (main, Jul 23 2025, 00:34:44) [Clang 20.1.4 ]",2.9.1+cu128,1.0.6,auto,torch-choice,/home/tianyudu/Development/torch-choice/replication/paper_performance_benchmarks/runs/20260103_031639/synthetic_data,/home/tianyudu/Development/torch-choice/replication/paper_performance_benchmarks/runs/20260103_031639/benchmark_results,all,5,50000,0.03,-1,False,Adam,x86_64,16,NVIDIA GeForce RTX 3090,num_params_experiment_large
20000,47.70275282859802,(user_latents|item) + (item_latents|constant),2,87028.7578125,10,4687,"ChoiceDataset(num_items=500, num_users=500, num_sessions=3000000, label=[], item_index=[20000], user_index=[20000], session_index=[20000], item_availability=[], user_latents=[500, 10], item_latents=[500, 10], device=cuda:0)","3.12.11 (main, Jul 23 2025, 00:34:44) [Clang 20.1.4 ]",2.9.1+cu128,1.0.6,auto,torch-choice,/home/tianyudu/Development/torch-choice/replication/paper_performance_benchmarks/runs/20260103_031639/synthetic_data,/home/tianyudu/Development/torch-choice/replication/paper_performance_benchmarks/runs/20260103_031639/benchmark_results,all,5,50000,0.03,-1,False,Adam,x86_64,16,NVIDIA GeForce RTX 3090,num_params_experiment_large
20000,47.00056552886963,(user_latents|item) + (item_latents|constant),2,85255.578125,15,4220,"ChoiceDataset(num_items=500, num_users=500, num_sessions=3000000, label=[], item_index=[20000], user_index=[20000], session_index=[20000], item_availability=[], user_latents=[500, 15], item_latents=[500, 15], device=cuda:0)","3.12.11 (main, Jul 23 2025, 00:34:44) [Clang 20.1.4 ]",2.9.1+cu128,1.0.6,auto,torch-choice,/home/tianyudu/Development/torch-choice/replication/paper_performance_benchmarks/runs/20260103_031639/synthetic_data,/home/tianyudu/Development/torch-choice/replication/paper_performance_benchmarks/runs/20260103_031639/benchmark_results,all,5,50000,0.03,-1,False,Adam,x86_64,16,NVIDIA GeForce RTX 3090,num_params_experiment_large
20000,45.3878493309021,(user_latents|item) + (item_latents|constant),2,83582.875,20,3198,"ChoiceDataset(num_items=500, num_users=500, num_sessions=3000000, label=[], item_index=[20000], user_index=[20000], session_index=[20000], item_availability=[], user_latents=[500, 20], item_latents=[500, 20], device=cuda:0)","3.12.11 (main, Jul 23 2025, 00:34:44) [Clang 20.1.4 ]",2.9.1+cu128,1.0.6,auto,torch-choice,/home/tianyudu/Development/torch-choice/replication/paper_performance_benchmarks/runs/20260103_031639/synthetic_data,/home/tianyudu/Development/torch-choice/replication/paper_performance_benchmarks/runs/20260103_031639/benchmark_results,all,5,50000,0.03,-1,False,Adam,x86_64,16,NVIDIA GeForce RTX 3090,num_params_experiment_large
20000,40.95791459083557,(user_latents|item),2,80196.953125,30,3567,"ChoiceDataset(num_items=500, num_users=500, num_sessions=3000000, label=[], item_index=[20000], user_index=[20000], session_index=[20000], item_availability=[], user_latents=[500, 30], item_latents=[500, 30], device=cuda:0)","3.12.11 (main, Jul 23 2025, 00:34:44) [Clang 20.1.4 ]",2.9.1+cu128,1.0.6,auto,torch-choice,/home/tianyudu/Development/torch-choice/replication/paper_performance_benchmarks/runs/20260103_031639/synthetic_data,/home/tianyudu/Development/torch-choice/replication/paper_performance_benchmarks/runs/20260103_031639/benchmark_results,all,5,50000,0.03,-1,False,Adam,x86_64,16,NVIDIA GeForce RTX 3090,num_params_experiment_large
20000,13.424813508987427,(user_latents|item),2,108753.921875,1,1743,"ChoiceDataset(num_items=500, num_users=500, num_sessions=3000000, label=[], item_index=[20000], user_index=[20000], session_index=[20000], item_availability=[], user_latents=[500, 1], item_latents=[500, 1], device=cuda:0)","3.12.11 (main, Jul 23 2025, 00:34:44) [Clang 20.1.4 ]",2.9.1+cu128,1.0.6,auto,torch-choice,/home/tianyudu/Development/torch-choice/replication/paper_performance_benchmarks/runs/20260103_031639/synthetic_data,/home/tianyudu/Development/torch-choice/replication/paper_performance_benchmarks/runs/20260103_031639/benchmark_results,all,5,50000,0.03,-1,False,Adam,x86_64,16,NVIDIA GeForce RTX 3090,num_params_experiment_large
20000,35.222604513168335,(user_latents|item),2,89717.234375,5,4248,"ChoiceDataset(num_items=500, num_users=500, num_sessions=3000000, label=[], item_index=[20000], user_index=[20000], session_index=[20000], item_availability=[], user_latents=[500, 5], item_latents=[500, 5], device=cuda:0)","3.12.11 (main, Jul 23 2025, 00:34:44) [Clang 20.1.4 ]",2.9.1+cu128,1.0.6,auto,torch-choice,/home/tianyudu/Development/torch-choice/replication/paper_performance_benchmarks/runs/20260103_031639/synthetic_data,/home/tianyudu/Development/torch-choice/replication/paper_performance_benchmarks/runs/20260103_031639/benchmark_results,all,5,50000,0.03,-1,False,Adam,x86_64,16,NVIDIA GeForce RTX 3090,num_params_experiment_large
20000,44.096696853637695,(user_latents|item),2,87069.890625,10,4897,"ChoiceDataset(num_items=500, num_users=500, num_sessions=3000000, label=[], item_index=[20000], user_index=[20000], session_index=[20000], item_availability=[], user_latents=[500, 10], item_latents=[500, 10], device=cuda:0)","3.12.11 (main, Jul 23 2025, 00:34:44) [Clang 20.1.4 ]",2.9.1+cu128,1.0.6,auto,torch-choice,/home/tianyudu/Development/torch-choice/replication/paper_performance_benchmarks/runs/20260103_031639/synthetic_data,/home/tianyudu/Development/torch-choice/replication/paper_performance_benchmarks/runs/20260103_031639/benchmark_results,all,5,50000,0.03,-1,False,Adam,x86_64,16,NVIDIA GeForce RTX 3090,num_params_experiment_large
20000,43.248897314071655,(user_latents|item),2,85302.0078125,15,4713,"ChoiceDataset(num_items=500, num_users=500, num_sessions=3000000, label=[], item_index=[20000], user_index=[20000], session_index=[20000], item_availability=[], user_latents=[500, 15], item_latents=[500, 15], device=cuda:0)","3.12.11 (main, Jul 23 2025, 00:34:44) [Clang 20.1.4 ]",2.9.1+cu128,1.0.6,auto,torch-choice,/home/tianyudu/Development/torch-choice/replication/paper_performance_benchmarks/runs/20260103_031639/synthetic_data,/home/tianyudu/Development/torch-choice/replication/paper_performance_benchmarks/runs/20260103_031639/benchmark_results,all,5,50000,0.03,-1,False,Adam,x86_64,16,NVIDIA GeForce RTX 3090,num_params_experiment_large
20000,40.081376791000366,(user_latents|item),2,83611.53125,20,3814,"ChoiceDataset(num_items=500, num_users=500, num_sessions=3000000, label=[], item_index=[20000], user_index=[20000], session_index=[20000], item_availability=[], user_latents=[500, 20], item_latents=[500, 20], device=cuda:0)","3.12.11 (main, Jul 23 2025, 00:34:44) [Clang 20.1.4 ]",2.9.1+cu128,1.0.6,auto,torch-choice,/home/tianyudu/Development/torch-choice/replication/paper_performance_benchmarks/runs/20260103_031639/synthetic_data,/home/tianyudu/Development/torch-choice/replication/paper_performance_benchmarks/runs/20260103_031639/benchmark_results,all,5,50000,0.03,-1,False,Adam,x86_64,16,NVIDIA GeForce RTX 3090,num_params_experiment_large
20000,12.212100744247437,(item_latents|constant),2,113535.671875,30,1166,"ChoiceDataset(num_items=500, num_users=500, num_sessions=3000000, label=[], item_index=[20000], user_index=[20000], session_index=[20000], item_availability=[], user_latents=[500, 30], item_latents=[500, 30], device=cuda:0)","3.12.11 (main, Jul 23 2025, 00:34:44) [Clang 20.1.4 ]",2.9.1+cu128,1.0.6,auto,torch-choice,/home/tianyudu/Development/torch-choice/replication/paper_performance_benchmarks/runs/20260103_031639/synthetic_data,/home/tianyudu/Development/torch-choice/replication/paper_performance_benchmarks/runs/20260103_031639/benchmark_results,all,5,50000,0.03,-1,False,Adam,x86_64,16,NVIDIA GeForce RTX 3090,num_params_experiment_large
20000,0.651437520980835,(item_latents|constant),2,124129.40625,1,85,"ChoiceDataset(num_items=500, num_users=500, num_sessions=3000000, label=[], item_index=[20000], user_index=[20000], session_index=[20000], item_availability=[], user_latents=[500, 1], item_latents=[500, 1], device=cuda:0)","3.12.11 (main, Jul 23 2025, 00:34:44) [Clang 20.1.4 ]",2.9.1+cu128,1.0.6,auto,torch-choice,/home/tianyudu/Development/torch-choice/replication/paper_performance_benchmarks/runs/20260103_031639/synthetic_data,/home/tianyudu/Development/torch-choice/replication/paper_performance_benchmarks/runs/20260103_031639/benchmark_results,all,5,50000,0.03,-1,False,Adam,x86_64,16,NVIDIA GeForce RTX 3090,num_params_experiment_large
20000,3.9395501613616943,(item_latents|constant),2,123466.25,5,501,"ChoiceDataset(num_items=500, num_users=500, num_sessions=3000000, label=[], item_index=[20000], user_index=[20000], session_index=[20000], item_availability=[], user_latents=[500, 5], item_latents=[500, 5], device=cuda:0)","3.12.11 (main, Jul 23 2025, 00:34:44) [Clang 20.1.4 ]",2.9.1+cu128,1.0.6,auto,torch-choice,/home/tianyudu/Development/torch-choice/replication/paper_performance_benchmarks/runs/20260103_031639/synthetic_data,/home/tianyudu/Development/torch-choice/replication/paper_performance_benchmarks/runs/20260103_031639/benchmark_results,all,5,50000,0.03,-1,False,Adam,x86_64,16,NVIDIA GeForce RTX 3090,num_params_experiment_large
20000,7.044306516647339,(item_latents|constant),2,120104.5625,10,832,"ChoiceDataset(num_items=500, num_users=500, num_sessions=3000000, label=[], item_index=[20000], user_index=[20000], session_index=[20000], item_availability=[], user_latents=[500, 10], item_latents=[500, 10], device=cuda:0)","3.12.11 (main, Jul 23 2025, 00:34:44) [Clang 20.1.4 ]",2.9.1+cu128,1.0.6,auto,torch-choice,/home/tianyudu/Development/torch-choice/replication/paper_performance_benchmarks/runs/20260103_031639/synthetic_data,/home/tianyudu/Development/torch-choice/replication/paper_performance_benchmarks/runs/20260103_031639/benchmark_results,all,5,50000,0.03,-1,False,Adam,x86_64,16,NVIDIA GeForce RTX 3090,num_params_experiment_large
20000,8.534761428833008,(item_latents|constant),2,119151.640625,15,928,"ChoiceDataset(num_items=500, num_users=500, num_sessions=3000000, label=[], item_index=[20000], user_index=[20000], session_index=[20000], item_availability=[], user_latents=[500, 15], item_latents=[500, 15], device=cuda:0)","3.12.11 (main, Jul 23 2025, 00:34:44) [Clang 20.1.4 ]",2.9.1+cu128,1.0.6,auto,torch-choice,/home/tianyudu/Development/torch-choice/replication/paper_performance_benchmarks/runs/20260103_031639/synthetic_data,/home/tianyudu/Development/torch-choice/replication/paper_performance_benchmarks/runs/20260103_031639/benchmark_results,all,5,50000,0.03,-1,False,Adam,x86_64,16,NVIDIA GeForce RTX 3090,num_params_experiment_large
20000,9.798818349838257,(item_latents|constant),2,118146.015625,20,1051,"ChoiceDataset(num_items=500, num_users=500, num_sessions=3000000, label=[], item_index=[20000], user_index=[20000], session_index=[20000], item_availability=[], user_latents=[500, 20], item_latents=[500, 20], device=cuda:0)","3.12.11 (main, Jul 23 2025, 00:34:44) [Clang 20.1.4 ]",2.9.1+cu128,1.0.6,auto,torch-choice,/home/tianyudu/Development/torch-choice/replication/paper_performance_benchmarks/runs/20260103_031639/synthetic_data,/home/tianyudu/Development/torch-choice/replication/paper_performance_benchmarks/runs/20260103_031639/benchmark_results,all,5,50000,0.03,-1,False,Adam,x86_64,16,NVIDIA GeForce RTX 3090,num_params_experiment_large
20000,55.3738534450531,(user_latents|item) + (item_latents|constant),3,80256.5625,30,3033,"ChoiceDataset(num_items=500, num_users=500, num_sessions=3000000, label=[], item_index=[20000], user_index=[20000], session_index=[20000], item_availability=[], user_latents=[500, 30], item_latents=[500, 30], device=cuda:0)","3.12.11 (main, Jul 23 2025, 00:34:44) [Clang 20.1.4 ]",2.9.1+cu128,1.0.6,auto,torch-choice,/home/tianyudu/Development/torch-choice/replication/paper_performance_benchmarks/runs/20260103_031639/synthetic_data,/home/tianyudu/Development/torch-choice/replication/paper_performance_benchmarks/runs/20260103_031639/benchmark_results,all,5,50000,0.03,-1,False,Adam,x86_64,16,NVIDIA GeForce RTX 3090,num_params_experiment_large
20000,18.886816024780273,(user_latents|item) + (item_latents|constant),3,108681.578125,1,2345,"ChoiceDataset(num_items=500, num_users=500, num_sessions=3000000, label=[], item_index=[20000], user_index=[20000], session_index=[20000], item_availability=[], user_latents=[500, 1], item_latents=[500, 1], device=cuda:0)","3.12.11 (main, Jul 23 2025, 00:34:44) [Clang 20.1.4 ]",2.9.1+cu128,1.0.6,auto,torch-choice,/home/tianyudu/Development/torch-choice/replication/paper_performance_benchmarks/runs/20260103_031639/synthetic_data,/home/tianyudu/Development/torch-choice/replication/paper_performance_benchmarks/runs/20260103_031639/benchmark_results,all,5,50000,0.03,-1,False,Adam,x86_64,16,NVIDIA GeForce RTX 3090,num_params_experiment_large
20000,42.64775609970093,(user_latents|item) + (item_latents|constant),3,89658.671875,5,4741,"ChoiceDataset(num_items=500, num_users=500, num_sessions=3000000, label=[], item_index=[20000], user_index=[20000], session_index=[20000], item_availability=[], user_latents=[500, 5], item_latents=[500, 5], device=cuda:0)","3.12.11 (main, Jul 23 2025, 00:34:44) [Clang 20.1.4 ]",2.9.1+cu128,1.0.6,auto,torch-choice,/home/tianyudu/Development/torch-choice/replication/paper_performance_benchmarks/runs/20260103_031639/synthetic_data,/home/tianyudu/Development/torch-choice/replication/paper_performance_benchmarks/runs/20260103_031639/benchmark_results,all,5,50000,0.03,-1,False,Adam,x86_64,16,NVIDIA GeForce RTX 3090,num_params_experiment_large
20000,49.41235017776489,(user_latents|item) + (item_latents|constant),3,87024.953125,10,4854,"ChoiceDataset(num_items=500, num_users=500, num_sessions=3000000, label=[], item_index=[20000], user_index=[20000], session_index=[20000], item_availability=[], user_latents=[500, 10], item_latents=[500, 10], device=cuda:0)","3.12.11 (main, Jul 23 2025, 00:34:44) [Clang 20.1.4 ]",2.9.1+cu128,1.0.6,auto,torch-choice,/home/tianyudu/Development/torch-choice/replication/paper_performance_benchmarks/runs/20260103_031639/synthetic_data,/home/tianyudu/Development/torch-choice/replication/paper_performance_benchmarks/runs/20260103_031639/benchmark_results,all,5,50000,0.03,-1,False,Adam,x86_64,16,NVIDIA GeForce RTX 3090,num_params_experiment_large
20000,43.29066705703735,(user_latents|item) + (item_latents|constant),3,85259.453125,15,3892,"ChoiceDataset(num_items=500, num_users=500, num_sessions=3000000, label=[], item_index=[20000], user_index=[20000], session_index=[20000], item_availability=[], user_latents=[500, 15], item_latents=[500, 15], device=cuda:0)","3.12.11 (main, Jul 23 2025, 00:34:44) [Clang 20.1.4 ]",2.9.1+cu128,1.0.6,auto,torch-choice,/home/tianyudu/Development/torch-choice/replication/paper_performance_benchmarks/runs/20260103_031639/synthetic_data,/home/tianyudu/Development/torch-choice/replication/paper_performance_benchmarks/runs/20260103_031639/benchmark_results,all,5,50000,0.03,-1,False,Adam,x86_64,16,NVIDIA GeForce RTX 3090,num_params_experiment_large
20000,46.23399496078491,(user_latents|item) + (item_latents|constant),3,83603.09375,20,3264,"ChoiceDataset(num_items=500, num_users=500, num_sessions=3000000, label=[], item_index=[20000], user_index=[20000], session_index=[20000], item_availability=[], user_latents=[500, 20], item_latents=[500, 20], device=cuda:0)","3.12.11 (main, Jul 23 2025, 00:34:44) [Clang 20.1.4 ]",2.9.1+cu128,1.0.6,auto,torch-choice,/home/tianyudu/Development/torch-choice/replication/paper_performance_benchmarks/runs/20260103_031639/synthetic_data,/home/tianyudu/Development/torch-choice/replication/paper_performance_benchmarks/runs/20260103_031639/benchmark_results,all,5,50000,0.03,-1,False,Adam,x86_64,16,NVIDIA GeForce RTX 3090,num_params_experiment_large
20000,35.28111386299133,(user_latents|item),3,80214.2265625,30,3074,"ChoiceDataset(num_items=500, num_users=500, num_sessions=3000000, label=[], item_index=[20000], user_index=[20000], session_index=[20000], item_availability=[], user_latents=[500, 30], item_latents=[500, 30], device=cuda:0)","3.12.11 (main, Jul 23 2025, 00:34:44) [Clang 20.1.4 ]",2.9.1+cu128,1.0.6,auto,torch-choice,/home/tianyudu/Development/torch-choice/replication/paper_performance_benchmarks/runs/20260103_031639/synthetic_data,/home/tianyudu/Development/torch-choice/replication/paper_performance_benchmarks/runs/20260103_031639/benchmark_results,all,5,50000,0.03,-1,False,Adam,x86_64,16,NVIDIA GeForce RTX 3090,num_params_experiment_large
20000,10.913990259170532,(user_latents|item),3,108753.796875,1,1419,"ChoiceDataset(num_items=500, num_users=500, num_sessions=3000000, label=[], item_index=[20000], user_index=[20000], session_index=[20000], item_availability=[], user_latents=[500, 1], item_latents=[500, 1], device=cuda:0)","3.12.11 (main, Jul 23 2025, 00:34:44) [Clang 20.1.4 ]",2.9.1+cu128,1.0.6,auto,torch-choice,/home/tianyudu/Development/torch-choice/replication/paper_performance_benchmarks/runs/20260103_031639/synthetic_data,/home/tianyudu/Development/torch-choice/replication/paper_performance_benchmarks/runs/20260103_031639/benchmark_results,all,5,50000,0.03,-1,False,Adam,x86_64,16,NVIDIA GeForce RTX 3090,num_params_experiment_large
20000,36.12881946563721,(user_latents|item),3,89717.3125,5,4371,"ChoiceDataset(num_items=500, num_users=500, num_sessions=3000000, label=[], item_index=[20000], user_index=[20000], session_index=[20000], item_availability=[], user_latents=[500, 5], item_latents=[500, 5], device=cuda:0)","3.12.11 (main, Jul 23 2025, 00:34:44) [Clang 20.1.4 ]",2.9.1+cu128,1.0.6,auto,torch-choice,/home/tianyudu/Development/torch-choice/replication/paper_performance_benchmarks/runs/20260103_031639/synthetic_data,/home/tianyudu/Development/torch-choice/replication/paper_performance_benchmarks/runs/20260103_031639/benchmark_results,all,5,50000,0.03,-1,False,Adam,x86_64,16,NVIDIA GeForce RTX 3090,num_params_experiment_large
20000,41.798060178756714,(user_latents|item),3,87068.28125,10,4641,"ChoiceDataset(num_items=500, num_users=500, num_sessions=3000000, label=[], item_index=[20000], user_index=[20000], session_index=[20000], item_availability=[], user_latents=[500, 10], item_latents=[500, 10], device=cuda:0)","3.12.11 (main, Jul 23 2025, 00:34:44) [Clang 20.1.4 ]",2.9.1+cu128,1.0.6,auto,torch-choice,/home/tianyudu/Development/torch-choice/replication/paper_performance_benchmarks/runs/20260103_031639/synthetic_data,/home/tianyudu/Development/torch-choice/replication/paper_performance_benchmarks/runs/20260103_031639/benchmark_results,all,5,50000,0.03,-1,False,Adam,x86_64,16,NVIDIA GeForce RTX 3090,num_params_experiment_large
20000,40.6703040599823,(user_latents|item),3,85301.484375,15,4440,"ChoiceDataset(num_items=500, num_users=500, num_sessions=3000000, label=[], item_index=[20000], user_index=[20000], session_index=[20000], item_availability=[], user_latents=[500, 15], item_latents=[500, 15], device=cuda:0)","3.12.11 (main, Jul 23 2025, 00:34:44) [Clang 20.1.4 ]",2.9.1+cu128,1.0.6,auto,torch-choice,/home/tianyudu/Development/torch-choice/replication/paper_performance_benchmarks/runs/20260103_031639/synthetic_data,/home/tianyudu/Development/torch-choice/replication/paper_performance_benchmarks/runs/20260103_031639/benchmark_results,all,5,50000,0.03,-1,False,Adam,x86_64,16,NVIDIA GeForce RTX 3090,num_params_experiment_large
20000,37.72805309295654,(user_latents|item),3,83630.796875,20,3579,"ChoiceDataset(num_items=500, num_users=500, num_sessions=3000000, label=[], item_index=[20000], user_index=[20000], session_index=[20000], item_availability=[], user_latents=[500, 20], item_latents=[500, 20], device=cuda:0)","3.12.11 (main, Jul 23 2025, 00:34:44) [Clang 20.1.4 ]",2.9.1+cu128,1.0.6,auto,torch-choice,/home/tianyudu/Development/torch-choice/replication/paper_performance_benchmarks/runs/20260103_031639/synthetic_data,/home/tianyudu/Development/torch-choice/replication/paper_performance_benchmarks/runs/20260103_031639/benchmark_results,all,5,50000,0.03,-1,False,Adam,x86_64,16,NVIDIA GeForce RTX 3090,num_params_experiment_large
20000,13.164779424667358,(item_latents|constant),3,113535.671875,30,1256,"ChoiceDataset(num_items=500, num_users=500, num_sessions=3000000, label=[], item_index=[20000], user_index=[20000], session_index=[20000], item_availability=[], user_latents=[500, 30], item_latents=[500, 30], device=cuda:0)","3.12.11 (main, Jul 23 2025, 00:34:44) [Clang 20.1.4 ]",2.9.1+cu128,1.0.6,auto,torch-choice,/home/tianyudu/Development/torch-choice/replication/paper_performance_benchmarks/runs/20260103_031639/synthetic_data,/home/tianyudu/Development/torch-choice/replication/paper_performance_benchmarks/runs/20260103_031639/benchmark_results,all,5,50000,0.03,-1,False,Adam,x86_64,16,NVIDIA GeForce RTX 3090,num_params_experiment_large
20000,1.3544316291809082,(item_latents|constant),3,124129.3984375,1,177,"ChoiceDataset(num_items=500, num_users=500, num_sessions=3000000, label=[], item_index=[20000], user_index=[20000], session_index=[20000], item_availability=[], user_latents=[500, 1], item_latents=[500, 1], device=cuda:0)","3.12.11 (main, Jul 23 2025, 00:34:44) [Clang 20.1.4 ]",2.9.1+cu128,1.0.6,auto,torch-choice,/home/tianyudu/Development/torch-choice/replication/paper_performance_benchmarks/runs/20260103_031639/synthetic_data,/home/tianyudu/Development/torch-choice/replication/paper_performance_benchmarks/runs/20260103_031639/benchmark_results,all,5,50000,0.03,-1,False,Adam,x86_64,16,NVIDIA GeForce RTX 3090,num_params_experiment_large
20000,3.830861806869507,(item_latents|constant),3,123466.25,5,477,"ChoiceDataset(num_items=500, num_users=500, num_sessions=3000000, label=[], item_index=[20000], user_index=[20000], session_index=[20000], item_availability=[], user_latents=[500, 5], item_latents=[500, 5], device=cuda:0)","3.12.11 (main, Jul 23 2025, 00:34:44) [Clang 20.1.4 ]",2.9.1+cu128,1.0.6,auto,torch-choice,/home/tianyudu/Development/torch-choice/replication/paper_performance_benchmarks/runs/20260103_031639/synthetic_data,/home/tianyudu/Development/torch-choice/replication/paper_performance_benchmarks/runs/20260103_031639/benchmark_results,all,5,50000,0.03,-1,False,Adam,x86_64,16,NVIDIA GeForce RTX 3090,num_params_experiment_large
20000,6.071084260940552,(item_latents|constant),3,120104.5625,10,718,"ChoiceDataset(num_items=500, num_users=500, num_sessions=3000000, label=[], item_index=[20000], user_index=[20000], session_index=[20000], item_availability=[], user_latents=[500, 10], item_latents=[500, 10], device=cuda:0)","3.12.11 (main, Jul 23 2025, 00:34:44) [Clang 20.1.4 ]",2.9.1+cu128,1.0.6,auto,torch-choice,/home/tianyudu/Development/torch-choice/replication/paper_performance_benchmarks/runs/20260103_031639/synthetic_data,/home/tianyudu/Development/torch-choice/replication/paper_performance_benchmarks/runs/20260103_031639/benchmark_results,all,5,50000,0.03,-1,False,Adam,x86_64,16,NVIDIA GeForce RTX 3090,num_params_experiment_large
20000,10.329033851623535,(item_latents|constant),3,119151.640625,15,1148,"ChoiceDataset(num_items=500, num_users=500, num_sessions=3000000, label=[], item_index=[20000], user_index=[20000], session_index=[20000], item_availability=[], user_latents=[500, 15], item_latents=[500, 15], device=cuda:0)","3.12.11 (main, Jul 23 2025, 00:34:44) [Clang 20.1.4 ]",2.9.1+cu128,1.0.6,auto,torch-choice,/home/tianyudu/Development/torch-choice/replication/paper_performance_benchmarks/runs/20260103_031639/synthetic_data,/home/tianyudu/Development/torch-choice/replication/paper_performance_benchmarks/runs/20260103_031639/benchmark_results,all,5,50000,0.03,-1,False,Adam,x86_64,16,NVIDIA GeForce RTX 3090,num_params_experiment_large
20000,15.970964908599854,(item_latents|constant),3,118146.015625,20,1696,"ChoiceDataset(num_items=500, num_users=500, num_sessions=3000000, label=[], item_index=[20000], user_index=[20000], session_index=[20000], item_availability=[], user_latents=[500, 20], item_latents=[500, 20], device=cuda:0)","3.12.11 (main, Jul 23 2025, 00:34:44) [Clang 20.1.4 ]",2.9.1+cu128,1.0.6,auto,torch-choice,/home/tianyudu/Development/torch-choice/replication/paper_performance_benchmarks/runs/20260103_031639/synthetic_data,/home/tianyudu/Development/torch-choice/replication/paper_performance_benchmarks/runs/20260103_031639/benchmark_results,all,5,50000,0.03,-1,False,Adam,x86_64,16,NVIDIA GeForce RTX 3090,num_params_experiment_large
20000,42.67478132247925,(user_latents|item) + (item_latents|constant),4,80276.984375,30,2336,"ChoiceDataset(num_items=500, num_users=500, num_sessions=3000000, label=[], item_index=[20000], user_index=[20000], session_index=[20000], item_availability=[], user_latents=[500, 30], item_latents=[500, 30], device=cuda:0)","3.12.11 (main, Jul 23 2025, 00:34:44) [Clang 20.1.4 ]",2.9.1+cu128,1.0.6,auto,torch-choice,/home/tianyudu/Development/torch-choice/replication/paper_performance_benchmarks/runs/20260103_031639/synthetic_data,/home/tianyudu/Development/torch-choice/replication/paper_performance_benchmarks/runs/20260103_031639/benchmark_results,all,5,50000,0.03,-1,False,Adam,x86_64,16,NVIDIA GeForce RTX 3090,num_params_experiment_large
20000,23.913438320159912,(user_latents|item) + (item_latents|constant),4,108681.5625,1,2972,"ChoiceDataset(num_items=500, num_users=500, num_sessions=3000000, label=[], item_index=[20000], user_index=[20000], session_index=[20000], item_availability=[], user_latents=[500, 1], item_latents=[500, 1], device=cuda:0)","3.12.11 (main, Jul 23 2025, 00:34:44) [Clang 20.1.4 ]",2.9.1+cu128,1.0.6,auto,torch-choice,/home/tianyudu/Development/torch-choice/replication/paper_performance_benchmarks/runs/20260103_031639/synthetic_data,/home/tianyudu/Development/torch-choice/replication/paper_performance_benchmarks/runs/20260103_031639/benchmark_results,all,5,50000,0.03,-1,False,Adam,x86_64,16,NVIDIA GeForce RTX 3090,num_params_experiment_large
20000,38.45870518684387,(user_latents|item) + (item_latents|constant),4,89658.71875,5,4266,"ChoiceDataset(num_items=500, num_users=500, num_sessions=3000000, label=[], item_index=[20000], user_index=[20000], session_index=[20000], item_availability=[], user_latents=[500, 5], item_latents=[500, 5], device=cuda:0)","3.12.11 (main, Jul 23 2025, 00:34:44) [Clang 20.1.4 ]",2.9.1+cu128,1.0.6,auto,torch-choice,/home/tianyudu/Development/torch-choice/replication/paper_performance_benchmarks/runs/20260103_031639/synthetic_data,/home/tianyudu/Development/torch-choice/replication/paper_performance_benchmarks/runs/20260103_031639/benchmark_results,all,5,50000,0.03,-1,False,Adam,x86_64,16,NVIDIA GeForce RTX 3090,num_params_experiment_large
20000,45.798649072647095,(user_latents|item) + (item_latents|constant),4,87026.125,10,4488,"ChoiceDataset(num_items=500, num_users=500, num_sessions=3000000, label=[], item_index=[20000], user_index=[20000], session_index=[20000], item_availability=[], user_latents=[500, 10], item_latents=[500, 10], device=cuda:0)","3.12.11 (main, Jul 23 2025, 00:34:44) [Clang 20.1.4 ]",2.9.1+cu128,1.0.6,auto,torch-choice,/home/tianyudu/Development/torch-choice/replication/paper_performance_benchmarks/runs/20260103_031639/synthetic_data,/home/tianyudu/Development/torch-choice/replication/paper_performance_benchmarks/runs/20260103_031639/benchmark_results,all,5,50000,0.03,-1,False,Adam,x86_64,16,NVIDIA GeForce RTX 3090,num_params_experiment_large
20000,52.68625450134277,(user_latents|item) + (item_latents|constant),4,85254.5,15,4709,"ChoiceDataset(num_items=500, num_users=500, num_sessions=3000000, label=[], item_index=[20000], user_index=[20000], session_index=[20000], item_availability=[], user_latents=[500, 15], item_latents=[500, 15], device=cuda:0)","3.12.11 (main, Jul 23 2025, 00:34:44) [Clang 20.1.4 ]",2.9.1+cu128,1.0.6,auto,torch-choice,/home/tianyudu/Development/torch-choice/replication/paper_performance_benchmarks/runs/20260103_031639/synthetic_data,/home/tianyudu/Development/torch-choice/replication/paper_performance_benchmarks/runs/20260103_031639/benchmark_results,all,5,50000,0.03,-1,False,Adam,x86_64,16,NVIDIA GeForce RTX 3090,num_params_experiment_large
20000,45.04185652732849,(user_latents|item) + (item_latents|constant),4,83598.8125,20,3178,"ChoiceDataset(num_items=500, num_users=500, num_sessions=3000000, label=[], item_index=[20000], user_index=[20000], session_index=[20000], item_availability=[], user_latents=[500, 20], item_latents=[500, 20], device=cuda:0)","3.12.11 (main, Jul 23 2025, 00:34:44) [Clang 20.1.4 ]",2.9.1+cu128,1.0.6,auto,torch-choice,/home/tianyudu/Development/torch-choice/replication/paper_performance_benchmarks/runs/20260103_031639/synthetic_data,/home/tianyudu/Development/torch-choice/replication/paper_performance_benchmarks/runs/20260103_031639/benchmark_results,all,5,50000,0.03,-1,False,Adam,x86_64,16,NVIDIA GeForce RTX 3090,num_params_experiment_large
20000,37.853591442108154,(user_latents|item),4,80225.5078125,30,3300,"ChoiceDataset(num_items=500, num_users=500, num_sessions=3000000, label=[], item_index=[20000], user_index=[20000], session_index=[20000], item_availability=[], user_latents=[500, 30], item_latents=[500, 30], device=cuda:0)","3.12.11 (main, Jul 23 2025, 00:34:44) [Clang 20.1.4 ]",2.9.1+cu128,1.0.6,auto,torch-choice,/home/tianyudu/Development/torch-choice/replication/paper_performance_benchmarks/runs/20260103_031639/synthetic_data,/home/tianyudu/Development/torch-choice/replication/paper_performance_benchmarks/runs/20260103_031639/benchmark_results,all,5,50000,0.03,-1,False,Adam,x86_64,16,NVIDIA GeForce RTX 3090,num_params_experiment_large
20000,14.522907733917236,(user_latents|item),4,108753.921875,1,1867,"ChoiceDataset(num_items=500, num_users=500, num_sessions=3000000, label=[], item_index=[20000], user_index=[20000], session_index=[20000], item_availability=[], user_latents=[500, 1], item_latents=[500, 1], device=cuda:0)","3.12.11 (main, Jul 23 2025, 00:34:44) [Clang 20.1.4 ]",2.9.1+cu128,1.0.6,auto,torch-choice,/home/tianyudu/Development/torch-choice/replication/paper_performance_benchmarks/runs/20260103_031639/synthetic_data,/home/tianyudu/Development/torch-choice/replication/paper_performance_benchmarks/runs/20260103_031639/benchmark_results,all,5,50000,0.03,-1,False,Adam,x86_64,16,NVIDIA GeForce RTX 3090,num_params_experiment_large
20000,46.15898633003235,(user_latents|item),4,89717.3515625,5,5560,"ChoiceDataset(num_items=500, num_users=500, num_sessions=3000000, label=[], item_index=[20000], user_index=[20000], session_index=[20000], item_availability=[], user_latents=[500, 5], item_latents=[500, 5], device=cuda:0)","3.12.11 (main, Jul 23 2025, 00:34:44) [Clang 20.1.4 ]",2.9.1+cu128,1.0.6,auto,torch-choice,/home/tianyudu/Development/torch-choice/replication/paper_performance_benchmarks/runs/20260103_031639/synthetic_data,/home/tianyudu/Development/torch-choice/replication/paper_performance_benchmarks/runs/20260103_031639/benchmark_results,all,5,50000,0.03,-1,False,Adam,x86_64,16,NVIDIA GeForce RTX 3090,num_params_experiment_large
20000,42.26399517059326,(user_latents|item),4,87072.078125,10,4691,"ChoiceDataset(num_items=500, num_users=500, num_sessions=3000000, label=[], item_index=[20000], user_index=[20000], session_index=[20000], item_availability=[], user_latents=[500, 10], item_latents=[500, 10], device=cuda:0)","3.12.11 (main, Jul 23 2025, 00:34:44) [Clang 20.1.4 ]",2.9.1+cu128,1.0.6,auto,torch-choice,/home/tianyudu/Development/torch-choice/replication/paper_performance_benchmarks/runs/20260103_031639/synthetic_data,/home/tianyudu/Development/torch-choice/replication/paper_performance_benchmarks/runs/20260103_031639/benchmark_results,all,5,50000,0.03,-1,False,Adam,x86_64,16,NVIDIA GeForce RTX 3090,num_params_experiment_large
20000,38.86478662490845,(user_latents|item),4,85301.546875,15,4250,"ChoiceDataset(num_items=500, num_users=500, num_sessions=3000000, label=[], item_index=[20000], user_index=[20000], session_index=[20000], item_availability=[], user_latents=[500, 15], item_latents=[500, 15], device=cuda:0)","3.12.11 (main, Jul 23 2025, 00:34:44) [Clang 20.1.4 ]",2.9.1+cu128,1.0.6,auto,torch-choice,/home/tianyudu/Development/torch-choice/replication/paper_performance_benchmarks/runs/20260103_031639/synthetic_data,/home/tianyudu/Development/torch-choice/replication/paper_performance_benchmarks/runs/20260103_031639/benchmark_results,all,5,50000,0.03,-1,False,Adam,x86_64,16,NVIDIA GeForce RTX 3090,num_params_experiment_large
20000,44.258868932724,(user_latents|item),4,83612.84375,20,4217,"ChoiceDataset(num_items=500, num_users=500, num_sessions=3000000, label=[], item_index=[20000], user_index=[20000], session_index=[20000], item_availability=[], user_latents=[500, 20], item_latents=[500, 20], device=cuda:0)","3.12.11 (main, Jul 23 2025, 00:34:44) [Clang 20.1.4 ]",2.9.1+cu128,1.0.6,auto,torch-choice,/home/tianyudu/Development/torch-choice/replication/paper_performance_benchmarks/runs/20260103_031639/synthetic_data,/home/tianyudu/Development/torch-choice/replication/paper_performance_benchmarks/runs/20260103_031639/benchmark_results,all,5,50000,0.03,-1,False,Adam,x86_64,16,NVIDIA GeForce RTX 3090,num_params_experiment_large
20000,15.619193077087402,(item_latents|constant),4,113535.6875,30,1490,"ChoiceDataset(num_items=500, num_users=500, num_sessions=3000000, label=[], item_index=[20000], user_index=[20000], session_index=[20000], item_availability=[], user_latents=[500, 30], item_latents=[500, 30], device=cuda:0)","3.12.11 (main, Jul 23 2025, 00:34:44) [Clang 20.1.4 ]",2.9.1+cu128,1.0.6,auto,torch-choice,/home/tianyudu/Development/torch-choice/replication/paper_performance_benchmarks/runs/20260103_031639/synthetic_data,/home/tianyudu/Development/torch-choice/replication/paper_performance_benchmarks/runs/20260103_031639/benchmark_results,all,5,50000,0.03,-1,False,Adam,x86_64,16,NVIDIA GeForce RTX 3090,num_params_experiment_large
20000,0.5077035427093506,(item_latents|constant),4,124129.40625,1,67,"ChoiceDataset(num_items=500, num_users=500, num_sessions=3000000, label=[], item_index=[20000], user_index=[20000], session_index=[20000], item_availability=[], user_latents=[500, 1], item_latents=[500, 1], device=cuda:0)","3.12.11 (main, Jul 23 2025, 00:34:44) [Clang 20.1.4 ]",2.9.1+cu128,1.0.6,auto,torch-choice,/home/tianyudu/Development/torch-choice/replication/paper_performance_benchmarks/runs/20260103_031639/synthetic_data,/home/tianyudu/Development/torch-choice/replication/paper_performance_benchmarks/runs/20260103_031639/benchmark_results,all,5,50000,0.03,-1,False,Adam,x86_64,16,NVIDIA GeForce RTX 3090,num_params_experiment_large
20000,4.255666017532349,(item_latents|constant),4,123466.25,5,535,"ChoiceDataset(num_items=500, num_users=500, num_sessions=3000000, label=[], item_index=[20000], user_index=[20000], session_index=[20000], item_availability=[], user_latents=[500, 5], item_latents=[500, 5], device=cuda:0)","3.12.11 (main, Jul 23 2025, 00:34:44) [Clang 20.1.4 ]",2.9.1+cu128,1.0.6,auto,torch-choice,/home/tianyudu/Development/torch-choice/replication/paper_performance_benchmarks/runs/20260103_031639/synthetic_data,/home/tianyudu/Development/torch-choice/replication/paper_performance_benchmarks/runs/20260103_031639/benchmark_results,all,5,50000,0.03,-1,False,Adam,x86_64,16,NVIDIA GeForce RTX 3090,num_params_experiment_large
20000,11.173271417617798,(item_latents|constant),4,120104.5625,10,1317,"ChoiceDataset(num_items=500, num_users=500, num_sessions=3000000, label=[], item_index=[20000], user_index=[20000], session_index=[20000], item_availability=[], user_latents=[500, 10], item_latents=[500, 10], device=cuda:0)","3.12.11 (main, Jul 23 2025, 00:34:44) [Clang 20.1.4 ]",2.9.1+cu128,1.0.6,auto,torch-choice,/home/tianyudu/Development/torch-choice/replication/paper_performance_benchmarks/runs/20260103_031639/synthetic_data,/home/tianyudu/Development/torch-choice/replication/paper_performance_benchmarks/runs/20260103_031639/benchmark_results,all,5,50000,0.03,-1,False,Adam,x86_64,16,NVIDIA GeForce RTX 3090,num_params_experiment_large
20000,5.1263768672943115,(item_latents|constant),4,119151.6328125,15,580,"ChoiceDataset(num_items=500, num_users=500, num_sessions=3000000, label=[], item_index=[20000], user_index=[20000], session_index=[20000], item_availability=[], user_latents=[500, 15], item_latents=[500, 15], device=cuda:0)","3.12.11 (main, Jul 23 2025, 00:34:44) [Clang 20.1.4 ]",2.9.1+cu128,1.0.6,auto,torch-choice,/home/tianyudu/Development/torch-choice/replication/paper_performance_benchmarks/runs/20260103_031639/synthetic_data,/home/tianyudu/Development/torch-choice/replication/paper_performance_benchmarks/runs/20260103_031639/benchmark_results,all,5,50000,0.03,-1,False,Adam,x86_64,16,NVIDIA GeForce RTX 3090,num_params_experiment_large
20000,7.2358129024505615,(item_latents|constant),4,118146.015625,20,775,"ChoiceDataset(num_items=500, num_users=500, num_sessions=3000000, label=[], item_index=[20000], user_index=[20000], session_index=[20000], item_availability=[], user_latents=[500, 20], item_latents=[500, 20], device=cuda:0)","3.12.11 (main, Jul 23 2025, 00:34:44) [Clang 20.1.4 ]",2.9.1+cu128,1.0.6,auto,torch-choice,/home/tianyudu/Development/torch-choice/replication/paper_performance_benchmarks/runs/20260103_031639/synthetic_data,/home/tianyudu/Development/torch-choice/replication/paper_performance_benchmarks/runs/20260103_031639/benchmark_results,all,5,50000,0.03,-1,False,Adam,x86_64,16,NVIDIA GeForce RTX 3090,num_params_experiment_large
