num_records,time,formula,seed,best_loss,num_items,epochs_run,dataset,python_version,torch_version,torch_choice_version,device,command,data_path,output_path,experiment_name,num_seeds,num_epochs,learning_rate,batch_size,smoke_test,optimizer,cpu_name,cpu_count,gpu_name,task
10000,8.135676622390747,(user_latents|item) + (item_latents|constant),0,21731.6796875,10,1784,"ChoiceDataset(num_items=10, num_users=500, num_sessions=10000, label=[], item_index=[10000], user_index=[10000], session_index=[10000], item_availability=[], user_latents=[500, 5], item_latents=[10, 5], device=cuda:0)","3.12.11 (main, Jul 23 2025, 00:34:44) [Clang 20.1.4 ]",2.9.1+cu128,1.0.6,auto,torch-choice,/home/tianyudu/Development/torch-choice/replication/paper_performance_benchmarks/runs/20260103_031639/synthetic_data,/home/tianyudu/Development/torch-choice/replication/paper_performance_benchmarks/runs/20260103_031639/benchmark_results,all,5,50000,0.03,-1,False,Adam,x86_64,16,NVIDIA GeForce RTX 3090,num_items_experiment_small
10000,13.619383096694946,(user_latents|item) + (item_latents|constant),0,9953.314453125,20,2944,"ChoiceDataset(num_items=20, num_users=500, num_sessions=10000, label=[], item_index=[10000], user_index=[10000], session_index=[10000], item_availability=[], user_latents=[500, 5], item_latents=[20, 5], device=cuda:0)","3.12.11 (main, Jul 23 2025, 00:34:44) [Clang 20.1.4 ]",2.9.1+cu128,1.0.6,auto,torch-choice,/home/tianyudu/Development/torch-choice/replication/paper_performance_benchmarks/runs/20260103_031639/synthetic_data,/home/tianyudu/Development/torch-choice/replication/paper_performance_benchmarks/runs/20260103_031639/benchmark_results,all,5,50000,0.03,-1,False,Adam,x86_64,16,NVIDIA GeForce RTX 3090,num_items_experiment_small
10000,9.521997928619385,(user_latents|item) + (item_latents|constant),0,31379.1015625,30,2079,"ChoiceDataset(num_items=30, num_users=500, num_sessions=10000, label=[], item_index=[10000], user_index=[10000], session_index=[10000], item_availability=[], user_latents=[500, 5], item_latents=[30, 5], device=cuda:0)","3.12.11 (main, Jul 23 2025, 00:34:44) [Clang 20.1.4 ]",2.9.1+cu128,1.0.6,auto,torch-choice,/home/tianyudu/Development/torch-choice/replication/paper_performance_benchmarks/runs/20260103_031639/synthetic_data,/home/tianyudu/Development/torch-choice/replication/paper_performance_benchmarks/runs/20260103_031639/benchmark_results,all,5,50000,0.03,-1,False,Adam,x86_64,16,NVIDIA GeForce RTX 3090,num_items_experiment_small
10000,12.861584186553955,(user_latents|item) + (item_latents|constant),0,31585.1953125,50,2810,"ChoiceDataset(num_items=50, num_users=500, num_sessions=10000, label=[], item_index=[10000], user_index=[10000], session_index=[10000], item_availability=[], user_latents=[500, 5], item_latents=[50, 5], device=cuda:0)","3.12.11 (main, Jul 23 2025, 00:34:44) [Clang 20.1.4 ]",2.9.1+cu128,1.0.6,auto,torch-choice,/home/tianyudu/Development/torch-choice/replication/paper_performance_benchmarks/runs/20260103_031639/synthetic_data,/home/tianyudu/Development/torch-choice/replication/paper_performance_benchmarks/runs/20260103_031639/benchmark_results,all,5,50000,0.03,-1,False,Adam,x86_64,16,NVIDIA GeForce RTX 3090,num_items_experiment_small
10000,11.149079322814941,(user_latents|item) + (item_latents|constant),0,44241.20703125,100,2424,"ChoiceDataset(num_items=100, num_users=500, num_sessions=10000, label=[], item_index=[10000], user_index=[10000], session_index=[10000], item_availability=[], user_latents=[500, 5], item_latents=[100, 5], device=cuda:0)","3.12.11 (main, Jul 23 2025, 00:34:44) [Clang 20.1.4 ]",2.9.1+cu128,1.0.6,auto,torch-choice,/home/tianyudu/Development/torch-choice/replication/paper_performance_benchmarks/runs/20260103_031639/synthetic_data,/home/tianyudu/Development/torch-choice/replication/paper_performance_benchmarks/runs/20260103_031639/benchmark_results,all,5,50000,0.03,-1,False,Adam,x86_64,16,NVIDIA GeForce RTX 3090,num_items_experiment_small
10000,13.525714874267578,(user_latents|item) + (item_latents|constant),0,31527.8515625,150,2864,"ChoiceDataset(num_items=150, num_users=500, num_sessions=10000, label=[], item_index=[10000], user_index=[10000], session_index=[10000], item_availability=[], user_latents=[500, 5], item_latents=[150, 5], device=cuda:0)","3.12.11 (main, Jul 23 2025, 00:34:44) [Clang 20.1.4 ]",2.9.1+cu128,1.0.6,auto,torch-choice,/home/tianyudu/Development/torch-choice/replication/paper_performance_benchmarks/runs/20260103_031639/synthetic_data,/home/tianyudu/Development/torch-choice/replication/paper_performance_benchmarks/runs/20260103_031639/benchmark_results,all,5,50000,0.03,-1,False,Adam,x86_64,16,NVIDIA GeForce RTX 3090,num_items_experiment_small
10000,17.019553184509277,(user_latents|item) + (item_latents|constant),0,43781.4765625,200,3540,"ChoiceDataset(num_items=200, num_users=500, num_sessions=10000, label=[], item_index=[10000], user_index=[10000], session_index=[10000], item_availability=[], user_latents=[500, 5], item_latents=[200, 5], device=cuda:0)","3.12.11 (main, Jul 23 2025, 00:34:44) [Clang 20.1.4 ]",2.9.1+cu128,1.0.6,auto,torch-choice,/home/tianyudu/Development/torch-choice/replication/paper_performance_benchmarks/runs/20260103_031639/synthetic_data,/home/tianyudu/Development/torch-choice/replication/paper_performance_benchmarks/runs/20260103_031639/benchmark_results,all,5,50000,0.03,-1,False,Adam,x86_64,16,NVIDIA GeForce RTX 3090,num_items_experiment_small
10000,4.140467166900635,(user_latents|item),0,21742.5859375,10,924,"ChoiceDataset(num_items=10, num_users=500, num_sessions=10000, label=[], item_index=[10000], user_index=[10000], session_index=[10000], item_availability=[], user_latents=[500, 5], item_latents=[10, 5], device=cuda:0)","3.12.11 (main, Jul 23 2025, 00:34:44) [Clang 20.1.4 ]",2.9.1+cu128,1.0.6,auto,torch-choice,/home/tianyudu/Development/torch-choice/replication/paper_performance_benchmarks/runs/20260103_031639/synthetic_data,/home/tianyudu/Development/torch-choice/replication/paper_performance_benchmarks/runs/20260103_031639/benchmark_results,all,5,50000,0.03,-1,False,Adam,x86_64,16,NVIDIA GeForce RTX 3090,num_items_experiment_small
10000,15.43169379234314,(user_latents|item),0,9976.798828125,20,3469,"ChoiceDataset(num_items=20, num_users=500, num_sessions=10000, label=[], item_index=[10000], user_index=[10000], session_index=[10000], item_availability=[], user_latents=[500, 5], item_latents=[20, 5], device=cuda:0)","3.12.11 (main, Jul 23 2025, 00:34:44) [Clang 20.1.4 ]",2.9.1+cu128,1.0.6,auto,torch-choice,/home/tianyudu/Development/torch-choice/replication/paper_performance_benchmarks/runs/20260103_031639/synthetic_data,/home/tianyudu/Development/torch-choice/replication/paper_performance_benchmarks/runs/20260103_031639/benchmark_results,all,5,50000,0.03,-1,False,Adam,x86_64,16,NVIDIA GeForce RTX 3090,num_items_experiment_small
10000,6.09603214263916,(user_latents|item),0,31395.65625,30,1382,"ChoiceDataset(num_items=30, num_users=500, num_sessions=10000, label=[], item_index=[10000], user_index=[10000], session_index=[10000], item_availability=[], user_latents=[500, 5], item_latents=[30, 5], device=cuda:0)","3.12.11 (main, Jul 23 2025, 00:34:44) [Clang 20.1.4 ]",2.9.1+cu128,1.0.6,auto,torch-choice,/home/tianyudu/Development/torch-choice/replication/paper_performance_benchmarks/runs/20260103_031639/synthetic_data,/home/tianyudu/Development/torch-choice/replication/paper_performance_benchmarks/runs/20260103_031639/benchmark_results,all,5,50000,0.03,-1,False,Adam,x86_64,16,NVIDIA GeForce RTX 3090,num_items_experiment_small
10000,11.408677816390991,(user_latents|item),0,31646.62890625,50,2530,"ChoiceDataset(num_items=50, num_users=500, num_sessions=10000, label=[], item_index=[10000], user_index=[10000], session_index=[10000], item_availability=[], user_latents=[500, 5], item_latents=[50, 5], device=cuda:0)","3.12.11 (main, Jul 23 2025, 00:34:44) [Clang 20.1.4 ]",2.9.1+cu128,1.0.6,auto,torch-choice,/home/tianyudu/Development/torch-choice/replication/paper_performance_benchmarks/runs/20260103_031639/synthetic_data,/home/tianyudu/Development/torch-choice/replication/paper_performance_benchmarks/runs/20260103_031639/benchmark_results,all,5,50000,0.03,-1,False,Adam,x86_64,16,NVIDIA GeForce RTX 3090,num_items_experiment_small
10000,8.363637447357178,(user_latents|item),0,44255.3828125,100,1866,"ChoiceDataset(num_items=100, num_users=500, num_sessions=10000, label=[], item_index=[10000], user_index=[10000], session_index=[10000], item_availability=[], user_latents=[500, 5], item_latents=[100, 5], device=cuda:0)","3.12.11 (main, Jul 23 2025, 00:34:44) [Clang 20.1.4 ]",2.9.1+cu128,1.0.6,auto,torch-choice,/home/tianyudu/Development/torch-choice/replication/paper_performance_benchmarks/runs/20260103_031639/synthetic_data,/home/tianyudu/Development/torch-choice/replication/paper_performance_benchmarks/runs/20260103_031639/benchmark_results,all,5,50000,0.03,-1,False,Adam,x86_64,16,NVIDIA GeForce RTX 3090,num_items_experiment_small
10000,19.28059720993042,(user_latents|item),0,31545.2578125,150,4297,"ChoiceDataset(num_items=150, num_users=500, num_sessions=10000, label=[], item_index=[10000], user_index=[10000], session_index=[10000], item_availability=[], user_latents=[500, 5], item_latents=[150, 5], device=cuda:0)","3.12.11 (main, Jul 23 2025, 00:34:44) [Clang 20.1.4 ]",2.9.1+cu128,1.0.6,auto,torch-choice,/home/tianyudu/Development/torch-choice/replication/paper_performance_benchmarks/runs/20260103_031639/synthetic_data,/home/tianyudu/Development/torch-choice/replication/paper_performance_benchmarks/runs/20260103_031639/benchmark_results,all,5,50000,0.03,-1,False,Adam,x86_64,16,NVIDIA GeForce RTX 3090,num_items_experiment_small
10000,18.599541902542114,(user_latents|item),0,43804.9296875,200,4084,"ChoiceDataset(num_items=200, num_users=500, num_sessions=10000, label=[], item_index=[10000], user_index=[10000], session_index=[10000], item_availability=[], user_latents=[500, 5], item_latents=[200, 5], device=cuda:0)","3.12.11 (main, Jul 23 2025, 00:34:44) [Clang 20.1.4 ]",2.9.1+cu128,1.0.6,auto,torch-choice,/home/tianyudu/Development/torch-choice/replication/paper_performance_benchmarks/runs/20260103_031639/synthetic_data,/home/tianyudu/Development/torch-choice/replication/paper_performance_benchmarks/runs/20260103_031639/benchmark_results,all,5,50000,0.03,-1,False,Adam,x86_64,16,NVIDIA GeForce RTX 3090,num_items_experiment_small
10000,4.791927814483643,(item_latents|constant),0,22767.7734375,10,1110,"ChoiceDataset(num_items=10, num_users=500, num_sessions=10000, label=[], item_index=[10000], user_index=[10000], session_index=[10000], item_availability=[], user_latents=[500, 5], item_latents=[10, 5], device=cuda:0)","3.12.11 (main, Jul 23 2025, 00:34:44) [Clang 20.1.4 ]",2.9.1+cu128,1.0.6,auto,torch-choice,/home/tianyudu/Development/torch-choice/replication/paper_performance_benchmarks/runs/20260103_031639/synthetic_data,/home/tianyudu/Development/torch-choice/replication/paper_performance_benchmarks/runs/20260103_031639/benchmark_results,all,5,50000,0.03,-1,False,Adam,x86_64,16,NVIDIA GeForce RTX 3090,num_items_experiment_small
10000,4.440220594406128,(item_latents|constant),0,22880.43359375,20,1018,"ChoiceDataset(num_items=20, num_users=500, num_sessions=10000, label=[], item_index=[10000], user_index=[10000], session_index=[10000], item_availability=[], user_latents=[500, 5], item_latents=[20, 5], device=cuda:0)","3.12.11 (main, Jul 23 2025, 00:34:44) [Clang 20.1.4 ]",2.9.1+cu128,1.0.6,auto,torch-choice,/home/tianyudu/Development/torch-choice/replication/paper_performance_benchmarks/runs/20260103_031639/synthetic_data,/home/tianyudu/Development/torch-choice/replication/paper_performance_benchmarks/runs/20260103_031639/benchmark_results,all,5,50000,0.03,-1,False,Adam,x86_64,16,NVIDIA GeForce RTX 3090,num_items_experiment_small
10000,2.1630353927612305,(item_latents|constant),0,33579.78125,30,499,"ChoiceDataset(num_items=30, num_users=500, num_sessions=10000, label=[], item_index=[10000], user_index=[10000], session_index=[10000], item_availability=[], user_latents=[500, 5], item_latents=[30, 5], device=cuda:0)","3.12.11 (main, Jul 23 2025, 00:34:44) [Clang 20.1.4 ]",2.9.1+cu128,1.0.6,auto,torch-choice,/home/tianyudu/Development/torch-choice/replication/paper_performance_benchmarks/runs/20260103_031639/synthetic_data,/home/tianyudu/Development/torch-choice/replication/paper_performance_benchmarks/runs/20260103_031639/benchmark_results,all,5,50000,0.03,-1,False,Adam,x86_64,16,NVIDIA GeForce RTX 3090,num_items_experiment_small
10000,2.4882586002349854,(item_latents|constant),0,38080.71875,50,594,"ChoiceDataset(num_items=50, num_users=500, num_sessions=10000, label=[], item_index=[10000], user_index=[10000], session_index=[10000], item_availability=[], user_latents=[500, 5], item_latents=[50, 5], device=cuda:0)","3.12.11 (main, Jul 23 2025, 00:34:44) [Clang 20.1.4 ]",2.9.1+cu128,1.0.6,auto,torch-choice,/home/tianyudu/Development/torch-choice/replication/paper_performance_benchmarks/runs/20260103_031639/synthetic_data,/home/tianyudu/Development/torch-choice/replication/paper_performance_benchmarks/runs/20260103_031639/benchmark_results,all,5,50000,0.03,-1,False,Adam,x86_64,16,NVIDIA GeForce RTX 3090,num_items_experiment_small
10000,1.4575703144073486,(item_latents|constant),0,45992.625,100,344,"ChoiceDataset(num_items=100, num_users=500, num_sessions=10000, label=[], item_index=[10000], user_index=[10000], session_index=[10000], item_availability=[], user_latents=[500, 5], item_latents=[100, 5], device=cuda:0)","3.12.11 (main, Jul 23 2025, 00:34:44) [Clang 20.1.4 ]",2.9.1+cu128,1.0.6,auto,torch-choice,/home/tianyudu/Development/torch-choice/replication/paper_performance_benchmarks/runs/20260103_031639/synthetic_data,/home/tianyudu/Development/torch-choice/replication/paper_performance_benchmarks/runs/20260103_031639/benchmark_results,all,5,50000,0.03,-1,False,Adam,x86_64,16,NVIDIA GeForce RTX 3090,num_items_experiment_small
10000,2.2111635208129883,(item_latents|constant),0,49017.671875,150,506,"ChoiceDataset(num_items=150, num_users=500, num_sessions=10000, label=[], item_index=[10000], user_index=[10000], session_index=[10000], item_availability=[], user_latents=[500, 5], item_latents=[150, 5], device=cuda:0)","3.12.11 (main, Jul 23 2025, 00:34:44) [Clang 20.1.4 ]",2.9.1+cu128,1.0.6,auto,torch-choice,/home/tianyudu/Development/torch-choice/replication/paper_performance_benchmarks/runs/20260103_031639/synthetic_data,/home/tianyudu/Development/torch-choice/replication/paper_performance_benchmarks/runs/20260103_031639/benchmark_results,all,5,50000,0.03,-1,False,Adam,x86_64,16,NVIDIA GeForce RTX 3090,num_items_experiment_small
10000,4.547697305679321,(item_latents|constant),0,52203.5,200,1036,"ChoiceDataset(num_items=200, num_users=500, num_sessions=10000, label=[], item_index=[10000], user_index=[10000], session_index=[10000], item_availability=[], user_latents=[500, 5], item_latents=[200, 5], device=cuda:0)","3.12.11 (main, Jul 23 2025, 00:34:44) [Clang 20.1.4 ]",2.9.1+cu128,1.0.6,auto,torch-choice,/home/tianyudu/Development/torch-choice/replication/paper_performance_benchmarks/runs/20260103_031639/synthetic_data,/home/tianyudu/Development/torch-choice/replication/paper_performance_benchmarks/runs/20260103_031639/benchmark_results,all,5,50000,0.03,-1,False,Adam,x86_64,16,NVIDIA GeForce RTX 3090,num_items_experiment_small
10000,7.017817974090576,(user_latents|item) + (item_latents|constant),1,21731.6796875,10,1580,"ChoiceDataset(num_items=10, num_users=500, num_sessions=10000, label=[], item_index=[10000], user_index=[10000], session_index=[10000], item_availability=[], user_latents=[500, 5], item_latents=[10, 5], device=cuda:0)","3.12.11 (main, Jul 23 2025, 00:34:44) [Clang 20.1.4 ]",2.9.1+cu128,1.0.6,auto,torch-choice,/home/tianyudu/Development/torch-choice/replication/paper_performance_benchmarks/runs/20260103_031639/synthetic_data,/home/tianyudu/Development/torch-choice/replication/paper_performance_benchmarks/runs/20260103_031639/benchmark_results,all,5,50000,0.03,-1,False,Adam,x86_64,16,NVIDIA GeForce RTX 3090,num_items_experiment_small
10000,12.441881656646729,(user_latents|item) + (item_latents|constant),1,9953.314453125,20,2793,"ChoiceDataset(num_items=20, num_users=500, num_sessions=10000, label=[], item_index=[10000], user_index=[10000], session_index=[10000], item_availability=[], user_latents=[500, 5], item_latents=[20, 5], device=cuda:0)","3.12.11 (main, Jul 23 2025, 00:34:44) [Clang 20.1.4 ]",2.9.1+cu128,1.0.6,auto,torch-choice,/home/tianyudu/Development/torch-choice/replication/paper_performance_benchmarks/runs/20260103_031639/synthetic_data,/home/tianyudu/Development/torch-choice/replication/paper_performance_benchmarks/runs/20260103_031639/benchmark_results,all,5,50000,0.03,-1,False,Adam,x86_64,16,NVIDIA GeForce RTX 3090,num_items_experiment_small
10000,9.263345718383789,(user_latents|item) + (item_latents|constant),1,31379.1015625,30,2050,"ChoiceDataset(num_items=30, num_users=500, num_sessions=10000, label=[], item_index=[10000], user_index=[10000], session_index=[10000], item_availability=[], user_latents=[500, 5], item_latents=[30, 5], device=cuda:0)","3.12.11 (main, Jul 23 2025, 00:34:44) [Clang 20.1.4 ]",2.9.1+cu128,1.0.6,auto,torch-choice,/home/tianyudu/Development/torch-choice/replication/paper_performance_benchmarks/runs/20260103_031639/synthetic_data,/home/tianyudu/Development/torch-choice/replication/paper_performance_benchmarks/runs/20260103_031639/benchmark_results,all,5,50000,0.03,-1,False,Adam,x86_64,16,NVIDIA GeForce RTX 3090,num_items_experiment_small
10000,7.667287588119507,(user_latents|item) + (item_latents|constant),1,31585.19921875,50,1716,"ChoiceDataset(num_items=50, num_users=500, num_sessions=10000, label=[], item_index=[10000], user_index=[10000], session_index=[10000], item_availability=[], user_latents=[500, 5], item_latents=[50, 5], device=cuda:0)","3.12.11 (main, Jul 23 2025, 00:34:44) [Clang 20.1.4 ]",2.9.1+cu128,1.0.6,auto,torch-choice,/home/tianyudu/Development/torch-choice/replication/paper_performance_benchmarks/runs/20260103_031639/synthetic_data,/home/tianyudu/Development/torch-choice/replication/paper_performance_benchmarks/runs/20260103_031639/benchmark_results,all,5,50000,0.03,-1,False,Adam,x86_64,16,NVIDIA GeForce RTX 3090,num_items_experiment_small
10000,13.926451921463013,(user_latents|item) + (item_latents|constant),1,44241.2109375,100,3064,"ChoiceDataset(num_items=100, num_users=500, num_sessions=10000, label=[], item_index=[10000], user_index=[10000], session_index=[10000], item_availability=[], user_latents=[500, 5], item_latents=[100, 5], device=cuda:0)","3.12.11 (main, Jul 23 2025, 00:34:44) [Clang 20.1.4 ]",2.9.1+cu128,1.0.6,auto,torch-choice,/home/tianyudu/Development/torch-choice/replication/paper_performance_benchmarks/runs/20260103_031639/synthetic_data,/home/tianyudu/Development/torch-choice/replication/paper_performance_benchmarks/runs/20260103_031639/benchmark_results,all,5,50000,0.03,-1,False,Adam,x86_64,16,NVIDIA GeForce RTX 3090,num_items_experiment_small
10000,16.6352858543396,(user_latents|item) + (item_latents|constant),1,31527.875,150,3612,"ChoiceDataset(num_items=150, num_users=500, num_sessions=10000, label=[], item_index=[10000], user_index=[10000], session_index=[10000], item_availability=[], user_latents=[500, 5], item_latents=[150, 5], device=cuda:0)","3.12.11 (main, Jul 23 2025, 00:34:44) [Clang 20.1.4 ]",2.9.1+cu128,1.0.6,auto,torch-choice,/home/tianyudu/Development/torch-choice/replication/paper_performance_benchmarks/runs/20260103_031639/synthetic_data,/home/tianyudu/Development/torch-choice/replication/paper_performance_benchmarks/runs/20260103_031639/benchmark_results,all,5,50000,0.03,-1,False,Adam,x86_64,16,NVIDIA GeForce RTX 3090,num_items_experiment_small
10000,15.270714521408081,(user_latents|item) + (item_latents|constant),1,43781.4296875,200,3248,"ChoiceDataset(num_items=200, num_users=500, num_sessions=10000, label=[], item_index=[10000], user_index=[10000], session_index=[10000], item_availability=[], user_latents=[500, 5], item_latents=[200, 5], device=cuda:0)","3.12.11 (main, Jul 23 2025, 00:34:44) [Clang 20.1.4 ]",2.9.1+cu128,1.0.6,auto,torch-choice,/home/tianyudu/Development/torch-choice/replication/paper_performance_benchmarks/runs/20260103_031639/synthetic_data,/home/tianyudu/Development/torch-choice/replication/paper_performance_benchmarks/runs/20260103_031639/benchmark_results,all,5,50000,0.03,-1,False,Adam,x86_64,16,NVIDIA GeForce RTX 3090,num_items_experiment_small
10000,3.6317431926727295,(user_latents|item),1,21742.5859375,10,816,"ChoiceDataset(num_items=10, num_users=500, num_sessions=10000, label=[], item_index=[10000], user_index=[10000], session_index=[10000], item_availability=[], user_latents=[500, 5], item_latents=[10, 5], device=cuda:0)","3.12.11 (main, Jul 23 2025, 00:34:44) [Clang 20.1.4 ]",2.9.1+cu128,1.0.6,auto,torch-choice,/home/tianyudu/Development/torch-choice/replication/paper_performance_benchmarks/runs/20260103_031639/synthetic_data,/home/tianyudu/Development/torch-choice/replication/paper_performance_benchmarks/runs/20260103_031639/benchmark_results,all,5,50000,0.03,-1,False,Adam,x86_64,16,NVIDIA GeForce RTX 3090,num_items_experiment_small
10000,12.3133385181427,(user_latents|item),1,9976.798828125,20,2776,"ChoiceDataset(num_items=20, num_users=500, num_sessions=10000, label=[], item_index=[10000], user_index=[10000], session_index=[10000], item_availability=[], user_latents=[500, 5], item_latents=[20, 5], device=cuda:0)","3.12.11 (main, Jul 23 2025, 00:34:44) [Clang 20.1.4 ]",2.9.1+cu128,1.0.6,auto,torch-choice,/home/tianyudu/Development/torch-choice/replication/paper_performance_benchmarks/runs/20260103_031639/synthetic_data,/home/tianyudu/Development/torch-choice/replication/paper_performance_benchmarks/runs/20260103_031639/benchmark_results,all,5,50000,0.03,-1,False,Adam,x86_64,16,NVIDIA GeForce RTX 3090,num_items_experiment_small
10000,6.865763187408447,(user_latents|item),1,31395.65625,30,1580,"ChoiceDataset(num_items=30, num_users=500, num_sessions=10000, label=[], item_index=[10000], user_index=[10000], session_index=[10000], item_availability=[], user_latents=[500, 5], item_latents=[30, 5], device=cuda:0)","3.12.11 (main, Jul 23 2025, 00:34:44) [Clang 20.1.4 ]",2.9.1+cu128,1.0.6,auto,torch-choice,/home/tianyudu/Development/torch-choice/replication/paper_performance_benchmarks/runs/20260103_031639/synthetic_data,/home/tianyudu/Development/torch-choice/replication/paper_performance_benchmarks/runs/20260103_031639/benchmark_results,all,5,50000,0.03,-1,False,Adam,x86_64,16,NVIDIA GeForce RTX 3090,num_items_experiment_small
10000,12.33290958404541,(user_latents|item),1,31646.6328125,50,2852,"ChoiceDataset(num_items=50, num_users=500, num_sessions=10000, label=[], item_index=[10000], user_index=[10000], session_index=[10000], item_availability=[], user_latents=[500, 5], item_latents=[50, 5], device=cuda:0)","3.12.11 (main, Jul 23 2025, 00:34:44) [Clang 20.1.4 ]",2.9.1+cu128,1.0.6,auto,torch-choice,/home/tianyudu/Development/torch-choice/replication/paper_performance_benchmarks/runs/20260103_031639/synthetic_data,/home/tianyudu/Development/torch-choice/replication/paper_performance_benchmarks/runs/20260103_031639/benchmark_results,all,5,50000,0.03,-1,False,Adam,x86_64,16,NVIDIA GeForce RTX 3090,num_items_experiment_small
10000,12.056379318237305,(user_latents|item),1,44255.3828125,100,2692,"ChoiceDataset(num_items=100, num_users=500, num_sessions=10000, label=[], item_index=[10000], user_index=[10000], session_index=[10000], item_availability=[], user_latents=[500, 5], item_latents=[100, 5], device=cuda:0)","3.12.11 (main, Jul 23 2025, 00:34:44) [Clang 20.1.4 ]",2.9.1+cu128,1.0.6,auto,torch-choice,/home/tianyudu/Development/torch-choice/replication/paper_performance_benchmarks/runs/20260103_031639/synthetic_data,/home/tianyudu/Development/torch-choice/replication/paper_performance_benchmarks/runs/20260103_031639/benchmark_results,all,5,50000,0.03,-1,False,Adam,x86_64,16,NVIDIA GeForce RTX 3090,num_items_experiment_small
10000,13.04171085357666,(user_latents|item),1,31545.23046875,150,2963,"ChoiceDataset(num_items=150, num_users=500, num_sessions=10000, label=[], item_index=[10000], user_index=[10000], session_index=[10000], item_availability=[], user_latents=[500, 5], item_latents=[150, 5], device=cuda:0)","3.12.11 (main, Jul 23 2025, 00:34:44) [Clang 20.1.4 ]",2.9.1+cu128,1.0.6,auto,torch-choice,/home/tianyudu/Development/torch-choice/replication/paper_performance_benchmarks/runs/20260103_031639/synthetic_data,/home/tianyudu/Development/torch-choice/replication/paper_performance_benchmarks/runs/20260103_031639/benchmark_results,all,5,50000,0.03,-1,False,Adam,x86_64,16,NVIDIA GeForce RTX 3090,num_items_experiment_small
10000,17.034879446029663,(user_latents|item),1,43804.9609375,200,3786,"ChoiceDataset(num_items=200, num_users=500, num_sessions=10000, label=[], item_index=[10000], user_index=[10000], session_index=[10000], item_availability=[], user_latents=[500, 5], item_latents=[200, 5], device=cuda:0)","3.12.11 (main, Jul 23 2025, 00:34:44) [Clang 20.1.4 ]",2.9.1+cu128,1.0.6,auto,torch-choice,/home/tianyudu/Development/torch-choice/replication/paper_performance_benchmarks/runs/20260103_031639/synthetic_data,/home/tianyudu/Development/torch-choice/replication/paper_performance_benchmarks/runs/20260103_031639/benchmark_results,all,5,50000,0.03,-1,False,Adam,x86_64,16,NVIDIA GeForce RTX 3090,num_items_experiment_small
10000,5.782131910324097,(item_latents|constant),1,22767.7734375,10,1300,"ChoiceDataset(num_items=10, num_users=500, num_sessions=10000, label=[], item_index=[10000], user_index=[10000], session_index=[10000], item_availability=[], user_latents=[500, 5], item_latents=[10, 5], device=cuda:0)","3.12.11 (main, Jul 23 2025, 00:34:44) [Clang 20.1.4 ]",2.9.1+cu128,1.0.6,auto,torch-choice,/home/tianyudu/Development/torch-choice/replication/paper_performance_benchmarks/runs/20260103_031639/synthetic_data,/home/tianyudu/Development/torch-choice/replication/paper_performance_benchmarks/runs/20260103_031639/benchmark_results,all,5,50000,0.03,-1,False,Adam,x86_64,16,NVIDIA GeForce RTX 3090,num_items_experiment_small
10000,8.351863145828247,(item_latents|constant),1,22880.439453125,20,1938,"ChoiceDataset(num_items=20, num_users=500, num_sessions=10000, label=[], item_index=[10000], user_index=[10000], session_index=[10000], item_availability=[], user_latents=[500, 5], item_latents=[20, 5], device=cuda:0)","3.12.11 (main, Jul 23 2025, 00:34:44) [Clang 20.1.4 ]",2.9.1+cu128,1.0.6,auto,torch-choice,/home/tianyudu/Development/torch-choice/replication/paper_performance_benchmarks/runs/20260103_031639/synthetic_data,/home/tianyudu/Development/torch-choice/replication/paper_performance_benchmarks/runs/20260103_031639/benchmark_results,all,5,50000,0.03,-1,False,Adam,x86_64,16,NVIDIA GeForce RTX 3090,num_items_experiment_small
10000,2.1637156009674072,(item_latents|constant),1,33579.78125,30,500,"ChoiceDataset(num_items=30, num_users=500, num_sessions=10000, label=[], item_index=[10000], user_index=[10000], session_index=[10000], item_availability=[], user_latents=[500, 5], item_latents=[30, 5], device=cuda:0)","3.12.11 (main, Jul 23 2025, 00:34:44) [Clang 20.1.4 ]",2.9.1+cu128,1.0.6,auto,torch-choice,/home/tianyudu/Development/torch-choice/replication/paper_performance_benchmarks/runs/20260103_031639/synthetic_data,/home/tianyudu/Development/torch-choice/replication/paper_performance_benchmarks/runs/20260103_031639/benchmark_results,all,5,50000,0.03,-1,False,Adam,x86_64,16,NVIDIA GeForce RTX 3090,num_items_experiment_small
10000,1.7820780277252197,(item_latents|constant),1,38080.71875,50,414,"ChoiceDataset(num_items=50, num_users=500, num_sessions=10000, label=[], item_index=[10000], user_index=[10000], session_index=[10000], item_availability=[], user_latents=[500, 5], item_latents=[50, 5], device=cuda:0)","3.12.11 (main, Jul 23 2025, 00:34:44) [Clang 20.1.4 ]",2.9.1+cu128,1.0.6,auto,torch-choice,/home/tianyudu/Development/torch-choice/replication/paper_performance_benchmarks/runs/20260103_031639/synthetic_data,/home/tianyudu/Development/torch-choice/replication/paper_performance_benchmarks/runs/20260103_031639/benchmark_results,all,5,50000,0.03,-1,False,Adam,x86_64,16,NVIDIA GeForce RTX 3090,num_items_experiment_small
10000,6.066840410232544,(item_latents|constant),1,45992.62890625,100,1409,"ChoiceDataset(num_items=100, num_users=500, num_sessions=10000, label=[], item_index=[10000], user_index=[10000], session_index=[10000], item_availability=[], user_latents=[500, 5], item_latents=[100, 5], device=cuda:0)","3.12.11 (main, Jul 23 2025, 00:34:44) [Clang 20.1.4 ]",2.9.1+cu128,1.0.6,auto,torch-choice,/home/tianyudu/Development/torch-choice/replication/paper_performance_benchmarks/runs/20260103_031639/synthetic_data,/home/tianyudu/Development/torch-choice/replication/paper_performance_benchmarks/runs/20260103_031639/benchmark_results,all,5,50000,0.03,-1,False,Adam,x86_64,16,NVIDIA GeForce RTX 3090,num_items_experiment_small
10000,1.6090192794799805,(item_latents|constant),1,49017.66796875,150,372,"ChoiceDataset(num_items=150, num_users=500, num_sessions=10000, label=[], item_index=[10000], user_index=[10000], session_index=[10000], item_availability=[], user_latents=[500, 5], item_latents=[150, 5], device=cuda:0)","3.12.11 (main, Jul 23 2025, 00:34:44) [Clang 20.1.4 ]",2.9.1+cu128,1.0.6,auto,torch-choice,/home/tianyudu/Development/torch-choice/replication/paper_performance_benchmarks/runs/20260103_031639/synthetic_data,/home/tianyudu/Development/torch-choice/replication/paper_performance_benchmarks/runs/20260103_031639/benchmark_results,all,5,50000,0.03,-1,False,Adam,x86_64,16,NVIDIA GeForce RTX 3090,num_items_experiment_small
10000,4.439442157745361,(item_latents|constant),1,52203.5,200,993,"ChoiceDataset(num_items=200, num_users=500, num_sessions=10000, label=[], item_index=[10000], user_index=[10000], session_index=[10000], item_availability=[], user_latents=[500, 5], item_latents=[200, 5], device=cuda:0)","3.12.11 (main, Jul 23 2025, 00:34:44) [Clang 20.1.4 ]",2.9.1+cu128,1.0.6,auto,torch-choice,/home/tianyudu/Development/torch-choice/replication/paper_performance_benchmarks/runs/20260103_031639/synthetic_data,/home/tianyudu/Development/torch-choice/replication/paper_performance_benchmarks/runs/20260103_031639/benchmark_results,all,5,50000,0.03,-1,False,Adam,x86_64,16,NVIDIA GeForce RTX 3090,num_items_experiment_small
10000,4.319714546203613,(user_latents|item) + (item_latents|constant),2,21731.6796875,10,982,"ChoiceDataset(num_items=10, num_users=500, num_sessions=10000, label=[], item_index=[10000], user_index=[10000], session_index=[10000], item_availability=[], user_latents=[500, 5], item_latents=[10, 5], device=cuda:0)","3.12.11 (main, Jul 23 2025, 00:34:44) [Clang 20.1.4 ]",2.9.1+cu128,1.0.6,auto,torch-choice,/home/tianyudu/Development/torch-choice/replication/paper_performance_benchmarks/runs/20260103_031639/synthetic_data,/home/tianyudu/Development/torch-choice/replication/paper_performance_benchmarks/runs/20260103_031639/benchmark_results,all,5,50000,0.03,-1,False,Adam,x86_64,16,NVIDIA GeForce RTX 3090,num_items_experiment_small
10000,14.658097505569458,(user_latents|item) + (item_latents|constant),2,9953.31640625,20,3310,"ChoiceDataset(num_items=20, num_users=500, num_sessions=10000, label=[], item_index=[10000], user_index=[10000], session_index=[10000], item_availability=[], user_latents=[500, 5], item_latents=[20, 5], device=cuda:0)","3.12.11 (main, Jul 23 2025, 00:34:44) [Clang 20.1.4 ]",2.9.1+cu128,1.0.6,auto,torch-choice,/home/tianyudu/Development/torch-choice/replication/paper_performance_benchmarks/runs/20260103_031639/synthetic_data,/home/tianyudu/Development/torch-choice/replication/paper_performance_benchmarks/runs/20260103_031639/benchmark_results,all,5,50000,0.03,-1,False,Adam,x86_64,16,NVIDIA GeForce RTX 3090,num_items_experiment_small
10000,8.358065843582153,(user_latents|item) + (item_latents|constant),2,31379.1015625,30,1884,"ChoiceDataset(num_items=30, num_users=500, num_sessions=10000, label=[], item_index=[10000], user_index=[10000], session_index=[10000], item_availability=[], user_latents=[500, 5], item_latents=[30, 5], device=cuda:0)","3.12.11 (main, Jul 23 2025, 00:34:44) [Clang 20.1.4 ]",2.9.1+cu128,1.0.6,auto,torch-choice,/home/tianyudu/Development/torch-choice/replication/paper_performance_benchmarks/runs/20260103_031639/synthetic_data,/home/tianyudu/Development/torch-choice/replication/paper_performance_benchmarks/runs/20260103_031639/benchmark_results,all,5,50000,0.03,-1,False,Adam,x86_64,16,NVIDIA GeForce RTX 3090,num_items_experiment_small
10000,9.907148599624634,(user_latents|item) + (item_latents|constant),2,31585.1953125,50,2232,"ChoiceDataset(num_items=50, num_users=500, num_sessions=10000, label=[], item_index=[10000], user_index=[10000], session_index=[10000], item_availability=[], user_latents=[500, 5], item_latents=[50, 5], device=cuda:0)","3.12.11 (main, Jul 23 2025, 00:34:44) [Clang 20.1.4 ]",2.9.1+cu128,1.0.6,auto,torch-choice,/home/tianyudu/Development/torch-choice/replication/paper_performance_benchmarks/runs/20260103_031639/synthetic_data,/home/tianyudu/Development/torch-choice/replication/paper_performance_benchmarks/runs/20260103_031639/benchmark_results,all,5,50000,0.03,-1,False,Adam,x86_64,16,NVIDIA GeForce RTX 3090,num_items_experiment_small
10000,13.554502964019775,(user_latents|item) + (item_latents|constant),2,44241.21484375,100,3018,"ChoiceDataset(num_items=100, num_users=500, num_sessions=10000, label=[], item_index=[10000], user_index=[10000], session_index=[10000], item_availability=[], user_latents=[500, 5], item_latents=[100, 5], device=cuda:0)","3.12.11 (main, Jul 23 2025, 00:34:44) [Clang 20.1.4 ]",2.9.1+cu128,1.0.6,auto,torch-choice,/home/tianyudu/Development/torch-choice/replication/paper_performance_benchmarks/runs/20260103_031639/synthetic_data,/home/tianyudu/Development/torch-choice/replication/paper_performance_benchmarks/runs/20260103_031639/benchmark_results,all,5,50000,0.03,-1,False,Adam,x86_64,16,NVIDIA GeForce RTX 3090,num_items_experiment_small
10000,13.46905779838562,(user_latents|item) + (item_latents|constant),2,31527.89453125,150,2912,"ChoiceDataset(num_items=150, num_users=500, num_sessions=10000, label=[], item_index=[10000], user_index=[10000], session_index=[10000], item_availability=[], user_latents=[500, 5], item_latents=[150, 5], device=cuda:0)","3.12.11 (main, Jul 23 2025, 00:34:44) [Clang 20.1.4 ]",2.9.1+cu128,1.0.6,auto,torch-choice,/home/tianyudu/Development/torch-choice/replication/paper_performance_benchmarks/runs/20260103_031639/synthetic_data,/home/tianyudu/Development/torch-choice/replication/paper_performance_benchmarks/runs/20260103_031639/benchmark_results,all,5,50000,0.03,-1,False,Adam,x86_64,16,NVIDIA GeForce RTX 3090,num_items_experiment_small
10000,15.89070439338684,(user_latents|item) + (item_latents|constant),2,43781.4609375,200,3407,"ChoiceDataset(num_items=200, num_users=500, num_sessions=10000, label=[], item_index=[10000], user_index=[10000], session_index=[10000], item_availability=[], user_latents=[500, 5], item_latents=[200, 5], device=cuda:0)","3.12.11 (main, Jul 23 2025, 00:34:44) [Clang 20.1.4 ]",2.9.1+cu128,1.0.6,auto,torch-choice,/home/tianyudu/Development/torch-choice/replication/paper_performance_benchmarks/runs/20260103_031639/synthetic_data,/home/tianyudu/Development/torch-choice/replication/paper_performance_benchmarks/runs/20260103_031639/benchmark_results,all,5,50000,0.03,-1,False,Adam,x86_64,16,NVIDIA GeForce RTX 3090,num_items_experiment_small
10000,3.586716651916504,(user_latents|item),2,21742.583984375,10,818,"ChoiceDataset(num_items=10, num_users=500, num_sessions=10000, label=[], item_index=[10000], user_index=[10000], session_index=[10000], item_availability=[], user_latents=[500, 5], item_latents=[10, 5], device=cuda:0)","3.12.11 (main, Jul 23 2025, 00:34:44) [Clang 20.1.4 ]",2.9.1+cu128,1.0.6,auto,torch-choice,/home/tianyudu/Development/torch-choice/replication/paper_performance_benchmarks/runs/20260103_031639/synthetic_data,/home/tianyudu/Development/torch-choice/replication/paper_performance_benchmarks/runs/20260103_031639/benchmark_results,all,5,50000,0.03,-1,False,Adam,x86_64,16,NVIDIA GeForce RTX 3090,num_items_experiment_small
10000,14.707164764404297,(user_latents|item),2,9976.798828125,20,3405,"ChoiceDataset(num_items=20, num_users=500, num_sessions=10000, label=[], item_index=[10000], user_index=[10000], session_index=[10000], item_availability=[], user_latents=[500, 5], item_latents=[20, 5], device=cuda:0)","3.12.11 (main, Jul 23 2025, 00:34:44) [Clang 20.1.4 ]",2.9.1+cu128,1.0.6,auto,torch-choice,/home/tianyudu/Development/torch-choice/replication/paper_performance_benchmarks/runs/20260103_031639/synthetic_data,/home/tianyudu/Development/torch-choice/replication/paper_performance_benchmarks/runs/20260103_031639/benchmark_results,all,5,50000,0.03,-1,False,Adam,x86_64,16,NVIDIA GeForce RTX 3090,num_items_experiment_small
10000,6.980414867401123,(user_latents|item),2,31395.65625,30,1622,"ChoiceDataset(num_items=30, num_users=500, num_sessions=10000, label=[], item_index=[10000], user_index=[10000], session_index=[10000], item_availability=[], user_latents=[500, 5], item_latents=[30, 5], device=cuda:0)","3.12.11 (main, Jul 23 2025, 00:34:44) [Clang 20.1.4 ]",2.9.1+cu128,1.0.6,auto,torch-choice,/home/tianyudu/Development/torch-choice/replication/paper_performance_benchmarks/runs/20260103_031639/synthetic_data,/home/tianyudu/Development/torch-choice/replication/paper_performance_benchmarks/runs/20260103_031639/benchmark_results,all,5,50000,0.03,-1,False,Adam,x86_64,16,NVIDIA GeForce RTX 3090,num_items_experiment_small
10000,11.12770390510559,(user_latents|item),2,31646.62890625,50,2576,"ChoiceDataset(num_items=50, num_users=500, num_sessions=10000, label=[], item_index=[10000], user_index=[10000], session_index=[10000], item_availability=[], user_latents=[500, 5], item_latents=[50, 5], device=cuda:0)","3.12.11 (main, Jul 23 2025, 00:34:44) [Clang 20.1.4 ]",2.9.1+cu128,1.0.6,auto,torch-choice,/home/tianyudu/Development/torch-choice/replication/paper_performance_benchmarks/runs/20260103_031639/synthetic_data,/home/tianyudu/Development/torch-choice/replication/paper_performance_benchmarks/runs/20260103_031639/benchmark_results,all,5,50000,0.03,-1,False,Adam,x86_64,16,NVIDIA GeForce RTX 3090,num_items_experiment_small
10000,11.341846466064453,(user_latents|item),2,44255.375,100,2611,"ChoiceDataset(num_items=100, num_users=500, num_sessions=10000, label=[], item_index=[10000], user_index=[10000], session_index=[10000], item_availability=[], user_latents=[500, 5], item_latents=[100, 5], device=cuda:0)","3.12.11 (main, Jul 23 2025, 00:34:44) [Clang 20.1.4 ]",2.9.1+cu128,1.0.6,auto,torch-choice,/home/tianyudu/Development/torch-choice/replication/paper_performance_benchmarks/runs/20260103_031639/synthetic_data,/home/tianyudu/Development/torch-choice/replication/paper_performance_benchmarks/runs/20260103_031639/benchmark_results,all,5,50000,0.03,-1,False,Adam,x86_64,16,NVIDIA GeForce RTX 3090,num_items_experiment_small
10000,18.760088205337524,(user_latents|item),2,31545.28515625,150,4291,"ChoiceDataset(num_items=150, num_users=500, num_sessions=10000, label=[], item_index=[10000], user_index=[10000], session_index=[10000], item_availability=[], user_latents=[500, 5], item_latents=[150, 5], device=cuda:0)","3.12.11 (main, Jul 23 2025, 00:34:44) [Clang 20.1.4 ]",2.9.1+cu128,1.0.6,auto,torch-choice,/home/tianyudu/Development/torch-choice/replication/paper_performance_benchmarks/runs/20260103_031639/synthetic_data,/home/tianyudu/Development/torch-choice/replication/paper_performance_benchmarks/runs/20260103_031639/benchmark_results,all,5,50000,0.03,-1,False,Adam,x86_64,16,NVIDIA GeForce RTX 3090,num_items_experiment_small
10000,15.96500277519226,(user_latents|item),2,43804.8984375,200,3503,"ChoiceDataset(num_items=200, num_users=500, num_sessions=10000, label=[], item_index=[10000], user_index=[10000], session_index=[10000], item_availability=[], user_latents=[500, 5], item_latents=[200, 5], device=cuda:0)","3.12.11 (main, Jul 23 2025, 00:34:44) [Clang 20.1.4 ]",2.9.1+cu128,1.0.6,auto,torch-choice,/home/tianyudu/Development/torch-choice/replication/paper_performance_benchmarks/runs/20260103_031639/synthetic_data,/home/tianyudu/Development/torch-choice/replication/paper_performance_benchmarks/runs/20260103_031639/benchmark_results,all,5,50000,0.03,-1,False,Adam,x86_64,16,NVIDIA GeForce RTX 3090,num_items_experiment_small
10000,4.629881858825684,(item_latents|constant),2,22767.7734375,10,1056,"ChoiceDataset(num_items=10, num_users=500, num_sessions=10000, label=[], item_index=[10000], user_index=[10000], session_index=[10000], item_availability=[], user_latents=[500, 5], item_latents=[10, 5], device=cuda:0)","3.12.11 (main, Jul 23 2025, 00:34:44) [Clang 20.1.4 ]",2.9.1+cu128,1.0.6,auto,torch-choice,/home/tianyudu/Development/torch-choice/replication/paper_performance_benchmarks/runs/20260103_031639/synthetic_data,/home/tianyudu/Development/torch-choice/replication/paper_performance_benchmarks/runs/20260103_031639/benchmark_results,all,5,50000,0.03,-1,False,Adam,x86_64,16,NVIDIA GeForce RTX 3090,num_items_experiment_small
10000,2.523798942565918,(item_latents|constant),2,22880.43359375,20,584,"ChoiceDataset(num_items=20, num_users=500, num_sessions=10000, label=[], item_index=[10000], user_index=[10000], session_index=[10000], item_availability=[], user_latents=[500, 5], item_latents=[20, 5], device=cuda:0)","3.12.11 (main, Jul 23 2025, 00:34:44) [Clang 20.1.4 ]",2.9.1+cu128,1.0.6,auto,torch-choice,/home/tianyudu/Development/torch-choice/replication/paper_performance_benchmarks/runs/20260103_031639/synthetic_data,/home/tianyudu/Development/torch-choice/replication/paper_performance_benchmarks/runs/20260103_031639/benchmark_results,all,5,50000,0.03,-1,False,Adam,x86_64,16,NVIDIA GeForce RTX 3090,num_items_experiment_small
10000,3.394136905670166,(item_latents|constant),2,33579.78125,30,810,"ChoiceDataset(num_items=30, num_users=500, num_sessions=10000, label=[], item_index=[10000], user_index=[10000], session_index=[10000], item_availability=[], user_latents=[500, 5], item_latents=[30, 5], device=cuda:0)","3.12.11 (main, Jul 23 2025, 00:34:44) [Clang 20.1.4 ]",2.9.1+cu128,1.0.6,auto,torch-choice,/home/tianyudu/Development/torch-choice/replication/paper_performance_benchmarks/runs/20260103_031639/synthetic_data,/home/tianyudu/Development/torch-choice/replication/paper_performance_benchmarks/runs/20260103_031639/benchmark_results,all,5,50000,0.03,-1,False,Adam,x86_64,16,NVIDIA GeForce RTX 3090,num_items_experiment_small
10000,2.2885069847106934,(item_latents|constant),2,38080.72265625,50,548,"ChoiceDataset(num_items=50, num_users=500, num_sessions=10000, label=[], item_index=[10000], user_index=[10000], session_index=[10000], item_availability=[], user_latents=[500, 5], item_latents=[50, 5], device=cuda:0)","3.12.11 (main, Jul 23 2025, 00:34:44) [Clang 20.1.4 ]",2.9.1+cu128,1.0.6,auto,torch-choice,/home/tianyudu/Development/torch-choice/replication/paper_performance_benchmarks/runs/20260103_031639/synthetic_data,/home/tianyudu/Development/torch-choice/replication/paper_performance_benchmarks/runs/20260103_031639/benchmark_results,all,5,50000,0.03,-1,False,Adam,x86_64,16,NVIDIA GeForce RTX 3090,num_items_experiment_small
10000,2.6700847148895264,(item_latents|constant),2,45992.625,100,637,"ChoiceDataset(num_items=100, num_users=500, num_sessions=10000, label=[], item_index=[10000], user_index=[10000], session_index=[10000], item_availability=[], user_latents=[500, 5], item_latents=[100, 5], device=cuda:0)","3.12.11 (main, Jul 23 2025, 00:34:44) [Clang 20.1.4 ]",2.9.1+cu128,1.0.6,auto,torch-choice,/home/tianyudu/Development/torch-choice/replication/paper_performance_benchmarks/runs/20260103_031639/synthetic_data,/home/tianyudu/Development/torch-choice/replication/paper_performance_benchmarks/runs/20260103_031639/benchmark_results,all,5,50000,0.03,-1,False,Adam,x86_64,16,NVIDIA GeForce RTX 3090,num_items_experiment_small
10000,3.4607279300689697,(item_latents|constant),2,49017.671875,150,815,"ChoiceDataset(num_items=150, num_users=500, num_sessions=10000, label=[], item_index=[10000], user_index=[10000], session_index=[10000], item_availability=[], user_latents=[500, 5], item_latents=[150, 5], device=cuda:0)","3.12.11 (main, Jul 23 2025, 00:34:44) [Clang 20.1.4 ]",2.9.1+cu128,1.0.6,auto,torch-choice,/home/tianyudu/Development/torch-choice/replication/paper_performance_benchmarks/runs/20260103_031639/synthetic_data,/home/tianyudu/Development/torch-choice/replication/paper_performance_benchmarks/runs/20260103_031639/benchmark_results,all,5,50000,0.03,-1,False,Adam,x86_64,16,NVIDIA GeForce RTX 3090,num_items_experiment_small
10000,3.3278725147247314,(item_latents|constant),2,52203.5,200,765,"ChoiceDataset(num_items=200, num_users=500, num_sessions=10000, label=[], item_index=[10000], user_index=[10000], session_index=[10000], item_availability=[], user_latents=[500, 5], item_latents=[200, 5], device=cuda:0)","3.12.11 (main, Jul 23 2025, 00:34:44) [Clang 20.1.4 ]",2.9.1+cu128,1.0.6,auto,torch-choice,/home/tianyudu/Development/torch-choice/replication/paper_performance_benchmarks/runs/20260103_031639/synthetic_data,/home/tianyudu/Development/torch-choice/replication/paper_performance_benchmarks/runs/20260103_031639/benchmark_results,all,5,50000,0.03,-1,False,Adam,x86_64,16,NVIDIA GeForce RTX 3090,num_items_experiment_small
10000,6.322463274002075,(user_latents|item) + (item_latents|constant),3,21731.6796875,10,1404,"ChoiceDataset(num_items=10, num_users=500, num_sessions=10000, label=[], item_index=[10000], user_index=[10000], session_index=[10000], item_availability=[], user_latents=[500, 5], item_latents=[10, 5], device=cuda:0)","3.12.11 (main, Jul 23 2025, 00:34:44) [Clang 20.1.4 ]",2.9.1+cu128,1.0.6,auto,torch-choice,/home/tianyudu/Development/torch-choice/replication/paper_performance_benchmarks/runs/20260103_031639/synthetic_data,/home/tianyudu/Development/torch-choice/replication/paper_performance_benchmarks/runs/20260103_031639/benchmark_results,all,5,50000,0.03,-1,False,Adam,x86_64,16,NVIDIA GeForce RTX 3090,num_items_experiment_small
10000,15.110128164291382,(user_latents|item) + (item_latents|constant),3,9953.31640625,20,3437,"ChoiceDataset(num_items=20, num_users=500, num_sessions=10000, label=[], item_index=[10000], user_index=[10000], session_index=[10000], item_availability=[], user_latents=[500, 5], item_latents=[20, 5], device=cuda:0)","3.12.11 (main, Jul 23 2025, 00:34:44) [Clang 20.1.4 ]",2.9.1+cu128,1.0.6,auto,torch-choice,/home/tianyudu/Development/torch-choice/replication/paper_performance_benchmarks/runs/20260103_031639/synthetic_data,/home/tianyudu/Development/torch-choice/replication/paper_performance_benchmarks/runs/20260103_031639/benchmark_results,all,5,50000,0.03,-1,False,Adam,x86_64,16,NVIDIA GeForce RTX 3090,num_items_experiment_small
10000,8.616626024246216,(user_latents|item) + (item_latents|constant),3,31379.1015625,30,1949,"ChoiceDataset(num_items=30, num_users=500, num_sessions=10000, label=[], item_index=[10000], user_index=[10000], session_index=[10000], item_availability=[], user_latents=[500, 5], item_latents=[30, 5], device=cuda:0)","3.12.11 (main, Jul 23 2025, 00:34:44) [Clang 20.1.4 ]",2.9.1+cu128,1.0.6,auto,torch-choice,/home/tianyudu/Development/torch-choice/replication/paper_performance_benchmarks/runs/20260103_031639/synthetic_data,/home/tianyudu/Development/torch-choice/replication/paper_performance_benchmarks/runs/20260103_031639/benchmark_results,all,5,50000,0.03,-1,False,Adam,x86_64,16,NVIDIA GeForce RTX 3090,num_items_experiment_small
10000,8.753722667694092,(user_latents|item) + (item_latents|constant),3,31585.1953125,50,1940,"ChoiceDataset(num_items=50, num_users=500, num_sessions=10000, label=[], item_index=[10000], user_index=[10000], session_index=[10000], item_availability=[], user_latents=[500, 5], item_latents=[50, 5], device=cuda:0)","3.12.11 (main, Jul 23 2025, 00:34:44) [Clang 20.1.4 ]",2.9.1+cu128,1.0.6,auto,torch-choice,/home/tianyudu/Development/torch-choice/replication/paper_performance_benchmarks/runs/20260103_031639/synthetic_data,/home/tianyudu/Development/torch-choice/replication/paper_performance_benchmarks/runs/20260103_031639/benchmark_results,all,5,50000,0.03,-1,False,Adam,x86_64,16,NVIDIA GeForce RTX 3090,num_items_experiment_small
10000,10.66502594947815,(user_latents|item) + (item_latents|constant),3,44241.21875,100,2306,"ChoiceDataset(num_items=100, num_users=500, num_sessions=10000, label=[], item_index=[10000], user_index=[10000], session_index=[10000], item_availability=[], user_latents=[500, 5], item_latents=[100, 5], device=cuda:0)","3.12.11 (main, Jul 23 2025, 00:34:44) [Clang 20.1.4 ]",2.9.1+cu128,1.0.6,auto,torch-choice,/home/tianyudu/Development/torch-choice/replication/paper_performance_benchmarks/runs/20260103_031639/synthetic_data,/home/tianyudu/Development/torch-choice/replication/paper_performance_benchmarks/runs/20260103_031639/benchmark_results,all,5,50000,0.03,-1,False,Adam,x86_64,16,NVIDIA GeForce RTX 3090,num_items_experiment_small
10000,19.680038928985596,(user_latents|item) + (item_latents|constant),3,31527.84375,150,4226,"ChoiceDataset(num_items=150, num_users=500, num_sessions=10000, label=[], item_index=[10000], user_index=[10000], session_index=[10000], item_availability=[], user_latents=[500, 5], item_latents=[150, 5], device=cuda:0)","3.12.11 (main, Jul 23 2025, 00:34:44) [Clang 20.1.4 ]",2.9.1+cu128,1.0.6,auto,torch-choice,/home/tianyudu/Development/torch-choice/replication/paper_performance_benchmarks/runs/20260103_031639/synthetic_data,/home/tianyudu/Development/torch-choice/replication/paper_performance_benchmarks/runs/20260103_031639/benchmark_results,all,5,50000,0.03,-1,False,Adam,x86_64,16,NVIDIA GeForce RTX 3090,num_items_experiment_small
10000,16.164374351501465,(user_latents|item) + (item_latents|constant),3,43781.4140625,200,3466,"ChoiceDataset(num_items=200, num_users=500, num_sessions=10000, label=[], item_index=[10000], user_index=[10000], session_index=[10000], item_availability=[], user_latents=[500, 5], item_latents=[200, 5], device=cuda:0)","3.12.11 (main, Jul 23 2025, 00:34:44) [Clang 20.1.4 ]",2.9.1+cu128,1.0.6,auto,torch-choice,/home/tianyudu/Development/torch-choice/replication/paper_performance_benchmarks/runs/20260103_031639/synthetic_data,/home/tianyudu/Development/torch-choice/replication/paper_performance_benchmarks/runs/20260103_031639/benchmark_results,all,5,50000,0.03,-1,False,Adam,x86_64,16,NVIDIA GeForce RTX 3090,num_items_experiment_small
10000,2.9698007106781006,(user_latents|item),3,21742.583984375,10,686,"ChoiceDataset(num_items=10, num_users=500, num_sessions=10000, label=[], item_index=[10000], user_index=[10000], session_index=[10000], item_availability=[], user_latents=[500, 5], item_latents=[10, 5], device=cuda:0)","3.12.11 (main, Jul 23 2025, 00:34:44) [Clang 20.1.4 ]",2.9.1+cu128,1.0.6,auto,torch-choice,/home/tianyudu/Development/torch-choice/replication/paper_performance_benchmarks/runs/20260103_031639/synthetic_data,/home/tianyudu/Development/torch-choice/replication/paper_performance_benchmarks/runs/20260103_031639/benchmark_results,all,5,50000,0.03,-1,False,Adam,x86_64,16,NVIDIA GeForce RTX 3090,num_items_experiment_small
10000,13.78384017944336,(user_latents|item),3,9976.798828125,20,3170,"ChoiceDataset(num_items=20, num_users=500, num_sessions=10000, label=[], item_index=[10000], user_index=[10000], session_index=[10000], item_availability=[], user_latents=[500, 5], item_latents=[20, 5], device=cuda:0)","3.12.11 (main, Jul 23 2025, 00:34:44) [Clang 20.1.4 ]",2.9.1+cu128,1.0.6,auto,torch-choice,/home/tianyudu/Development/torch-choice/replication/paper_performance_benchmarks/runs/20260103_031639/synthetic_data,/home/tianyudu/Development/torch-choice/replication/paper_performance_benchmarks/runs/20260103_031639/benchmark_results,all,5,50000,0.03,-1,False,Adam,x86_64,16,NVIDIA GeForce RTX 3090,num_items_experiment_small
10000,7.950446128845215,(user_latents|item),3,31395.65234375,30,1798,"ChoiceDataset(num_items=30, num_users=500, num_sessions=10000, label=[], item_index=[10000], user_index=[10000], session_index=[10000], item_availability=[], user_latents=[500, 5], item_latents=[30, 5], device=cuda:0)","3.12.11 (main, Jul 23 2025, 00:34:44) [Clang 20.1.4 ]",2.9.1+cu128,1.0.6,auto,torch-choice,/home/tianyudu/Development/torch-choice/replication/paper_performance_benchmarks/runs/20260103_031639/synthetic_data,/home/tianyudu/Development/torch-choice/replication/paper_performance_benchmarks/runs/20260103_031639/benchmark_results,all,5,50000,0.03,-1,False,Adam,x86_64,16,NVIDIA GeForce RTX 3090,num_items_experiment_small
10000,9.345242023468018,(user_latents|item),3,31646.6328125,50,2157,"ChoiceDataset(num_items=50, num_users=500, num_sessions=10000, label=[], item_index=[10000], user_index=[10000], session_index=[10000], item_availability=[], user_latents=[500, 5], item_latents=[50, 5], device=cuda:0)","3.12.11 (main, Jul 23 2025, 00:34:44) [Clang 20.1.4 ]",2.9.1+cu128,1.0.6,auto,torch-choice,/home/tianyudu/Development/torch-choice/replication/paper_performance_benchmarks/runs/20260103_031639/synthetic_data,/home/tianyudu/Development/torch-choice/replication/paper_performance_benchmarks/runs/20260103_031639/benchmark_results,all,5,50000,0.03,-1,False,Adam,x86_64,16,NVIDIA GeForce RTX 3090,num_items_experiment_small
10000,11.312528133392334,(user_latents|item),3,44255.37890625,100,2526,"ChoiceDataset(num_items=100, num_users=500, num_sessions=10000, label=[], item_index=[10000], user_index=[10000], session_index=[10000], item_availability=[], user_latents=[500, 5], item_latents=[100, 5], device=cuda:0)","3.12.11 (main, Jul 23 2025, 00:34:44) [Clang 20.1.4 ]",2.9.1+cu128,1.0.6,auto,torch-choice,/home/tianyudu/Development/torch-choice/replication/paper_performance_benchmarks/runs/20260103_031639/synthetic_data,/home/tianyudu/Development/torch-choice/replication/paper_performance_benchmarks/runs/20260103_031639/benchmark_results,all,5,50000,0.03,-1,False,Adam,x86_64,16,NVIDIA GeForce RTX 3090,num_items_experiment_small
10000,17.698726654052734,(user_latents|item),3,31545.265625,150,3970,"ChoiceDataset(num_items=150, num_users=500, num_sessions=10000, label=[], item_index=[10000], user_index=[10000], session_index=[10000], item_availability=[], user_latents=[500, 5], item_latents=[150, 5], device=cuda:0)","3.12.11 (main, Jul 23 2025, 00:34:44) [Clang 20.1.4 ]",2.9.1+cu128,1.0.6,auto,torch-choice,/home/tianyudu/Development/torch-choice/replication/paper_performance_benchmarks/runs/20260103_031639/synthetic_data,/home/tianyudu/Development/torch-choice/replication/paper_performance_benchmarks/runs/20260103_031639/benchmark_results,all,5,50000,0.03,-1,False,Adam,x86_64,16,NVIDIA GeForce RTX 3090,num_items_experiment_small
10000,17.30552315711975,(user_latents|item),3,43804.97265625,200,3883,"ChoiceDataset(num_items=200, num_users=500, num_sessions=10000, label=[], item_index=[10000], user_index=[10000], session_index=[10000], item_availability=[], user_latents=[500, 5], item_latents=[200, 5], device=cuda:0)","3.12.11 (main, Jul 23 2025, 00:34:44) [Clang 20.1.4 ]",2.9.1+cu128,1.0.6,auto,torch-choice,/home/tianyudu/Development/torch-choice/replication/paper_performance_benchmarks/runs/20260103_031639/synthetic_data,/home/tianyudu/Development/torch-choice/replication/paper_performance_benchmarks/runs/20260103_031639/benchmark_results,all,5,50000,0.03,-1,False,Adam,x86_64,16,NVIDIA GeForce RTX 3090,num_items_experiment_small
10000,5.197286128997803,(item_latents|constant),3,22767.7734375,10,1221,"ChoiceDataset(num_items=10, num_users=500, num_sessions=10000, label=[], item_index=[10000], user_index=[10000], session_index=[10000], item_availability=[], user_latents=[500, 5], item_latents=[10, 5], device=cuda:0)","3.12.11 (main, Jul 23 2025, 00:34:44) [Clang 20.1.4 ]",2.9.1+cu128,1.0.6,auto,torch-choice,/home/tianyudu/Development/torch-choice/replication/paper_performance_benchmarks/runs/20260103_031639/synthetic_data,/home/tianyudu/Development/torch-choice/replication/paper_performance_benchmarks/runs/20260103_031639/benchmark_results,all,5,50000,0.03,-1,False,Adam,x86_64,16,NVIDIA GeForce RTX 3090,num_items_experiment_small
10000,1.9345989227294922,(item_latents|constant),3,22880.435546875,20,454,"ChoiceDataset(num_items=20, num_users=500, num_sessions=10000, label=[], item_index=[10000], user_index=[10000], session_index=[10000], item_availability=[], user_latents=[500, 5], item_latents=[20, 5], device=cuda:0)","3.12.11 (main, Jul 23 2025, 00:34:44) [Clang 20.1.4 ]",2.9.1+cu128,1.0.6,auto,torch-choice,/home/tianyudu/Development/torch-choice/replication/paper_performance_benchmarks/runs/20260103_031639/synthetic_data,/home/tianyudu/Development/torch-choice/replication/paper_performance_benchmarks/runs/20260103_031639/benchmark_results,all,5,50000,0.03,-1,False,Adam,x86_64,16,NVIDIA GeForce RTX 3090,num_items_experiment_small
10000,2.50362491607666,(item_latents|constant),3,33579.78125,30,587,"ChoiceDataset(num_items=30, num_users=500, num_sessions=10000, label=[], item_index=[10000], user_index=[10000], session_index=[10000], item_availability=[], user_latents=[500, 5], item_latents=[30, 5], device=cuda:0)","3.12.11 (main, Jul 23 2025, 00:34:44) [Clang 20.1.4 ]",2.9.1+cu128,1.0.6,auto,torch-choice,/home/tianyudu/Development/torch-choice/replication/paper_performance_benchmarks/runs/20260103_031639/synthetic_data,/home/tianyudu/Development/torch-choice/replication/paper_performance_benchmarks/runs/20260103_031639/benchmark_results,all,5,50000,0.03,-1,False,Adam,x86_64,16,NVIDIA GeForce RTX 3090,num_items_experiment_small
10000,2.9005653858184814,(item_latents|constant),3,38080.71875,50,681,"ChoiceDataset(num_items=50, num_users=500, num_sessions=10000, label=[], item_index=[10000], user_index=[10000], session_index=[10000], item_availability=[], user_latents=[500, 5], item_latents=[50, 5], device=cuda:0)","3.12.11 (main, Jul 23 2025, 00:34:44) [Clang 20.1.4 ]",2.9.1+cu128,1.0.6,auto,torch-choice,/home/tianyudu/Development/torch-choice/replication/paper_performance_benchmarks/runs/20260103_031639/synthetic_data,/home/tianyudu/Development/torch-choice/replication/paper_performance_benchmarks/runs/20260103_031639/benchmark_results,all,5,50000,0.03,-1,False,Adam,x86_64,16,NVIDIA GeForce RTX 3090,num_items_experiment_small
10000,3.3694896697998047,(item_latents|constant),3,45992.625,100,794,"ChoiceDataset(num_items=100, num_users=500, num_sessions=10000, label=[], item_index=[10000], user_index=[10000], session_index=[10000], item_availability=[], user_latents=[500, 5], item_latents=[100, 5], device=cuda:0)","3.12.11 (main, Jul 23 2025, 00:34:44) [Clang 20.1.4 ]",2.9.1+cu128,1.0.6,auto,torch-choice,/home/tianyudu/Development/torch-choice/replication/paper_performance_benchmarks/runs/20260103_031639/synthetic_data,/home/tianyudu/Development/torch-choice/replication/paper_performance_benchmarks/runs/20260103_031639/benchmark_results,all,5,50000,0.03,-1,False,Adam,x86_64,16,NVIDIA GeForce RTX 3090,num_items_experiment_small
10000,3.1385114192962646,(item_latents|constant),3,49017.671875,150,735,"ChoiceDataset(num_items=150, num_users=500, num_sessions=10000, label=[], item_index=[10000], user_index=[10000], session_index=[10000], item_availability=[], user_latents=[500, 5], item_latents=[150, 5], device=cuda:0)","3.12.11 (main, Jul 23 2025, 00:34:44) [Clang 20.1.4 ]",2.9.1+cu128,1.0.6,auto,torch-choice,/home/tianyudu/Development/torch-choice/replication/paper_performance_benchmarks/runs/20260103_031639/synthetic_data,/home/tianyudu/Development/torch-choice/replication/paper_performance_benchmarks/runs/20260103_031639/benchmark_results,all,5,50000,0.03,-1,False,Adam,x86_64,16,NVIDIA GeForce RTX 3090,num_items_experiment_small
10000,2.744405746459961,(item_latents|constant),3,52203.5,200,633,"ChoiceDataset(num_items=200, num_users=500, num_sessions=10000, label=[], item_index=[10000], user_index=[10000], session_index=[10000], item_availability=[], user_latents=[500, 5], item_latents=[200, 5], device=cuda:0)","3.12.11 (main, Jul 23 2025, 00:34:44) [Clang 20.1.4 ]",2.9.1+cu128,1.0.6,auto,torch-choice,/home/tianyudu/Development/torch-choice/replication/paper_performance_benchmarks/runs/20260103_031639/synthetic_data,/home/tianyudu/Development/torch-choice/replication/paper_performance_benchmarks/runs/20260103_031639/benchmark_results,all,5,50000,0.03,-1,False,Adam,x86_64,16,NVIDIA GeForce RTX 3090,num_items_experiment_small
10000,9.8030686378479,(user_latents|item) + (item_latents|constant),4,21731.6796875,10,2246,"ChoiceDataset(num_items=10, num_users=500, num_sessions=10000, label=[], item_index=[10000], user_index=[10000], session_index=[10000], item_availability=[], user_latents=[500, 5], item_latents=[10, 5], device=cuda:0)","3.12.11 (main, Jul 23 2025, 00:34:44) [Clang 20.1.4 ]",2.9.1+cu128,1.0.6,auto,torch-choice,/home/tianyudu/Development/torch-choice/replication/paper_performance_benchmarks/runs/20260103_031639/synthetic_data,/home/tianyudu/Development/torch-choice/replication/paper_performance_benchmarks/runs/20260103_031639/benchmark_results,all,5,50000,0.03,-1,False,Adam,x86_64,16,NVIDIA GeForce RTX 3090,num_items_experiment_small
10000,14.80792784690857,(user_latents|item) + (item_latents|constant),4,9953.318359375,20,3214,"ChoiceDataset(num_items=20, num_users=500, num_sessions=10000, label=[], item_index=[10000], user_index=[10000], session_index=[10000], item_availability=[], user_latents=[500, 5], item_latents=[20, 5], device=cuda:0)","3.12.11 (main, Jul 23 2025, 00:34:44) [Clang 20.1.4 ]",2.9.1+cu128,1.0.6,auto,torch-choice,/home/tianyudu/Development/torch-choice/replication/paper_performance_benchmarks/runs/20260103_031639/synthetic_data,/home/tianyudu/Development/torch-choice/replication/paper_performance_benchmarks/runs/20260103_031639/benchmark_results,all,5,50000,0.03,-1,False,Adam,x86_64,16,NVIDIA GeForce RTX 3090,num_items_experiment_small
10000,7.703813791275024,(user_latents|item) + (item_latents|constant),4,31379.1015625,30,1740,"ChoiceDataset(num_items=30, num_users=500, num_sessions=10000, label=[], item_index=[10000], user_index=[10000], session_index=[10000], item_availability=[], user_latents=[500, 5], item_latents=[30, 5], device=cuda:0)","3.12.11 (main, Jul 23 2025, 00:34:44) [Clang 20.1.4 ]",2.9.1+cu128,1.0.6,auto,torch-choice,/home/tianyudu/Development/torch-choice/replication/paper_performance_benchmarks/runs/20260103_031639/synthetic_data,/home/tianyudu/Development/torch-choice/replication/paper_performance_benchmarks/runs/20260103_031639/benchmark_results,all,5,50000,0.03,-1,False,Adam,x86_64,16,NVIDIA GeForce RTX 3090,num_items_experiment_small
10000,10.388784170150757,(user_latents|item) + (item_latents|constant),4,31585.1953125,50,2366,"ChoiceDataset(num_items=50, num_users=500, num_sessions=10000, label=[], item_index=[10000], user_index=[10000], session_index=[10000], item_availability=[], user_latents=[500, 5], item_latents=[50, 5], device=cuda:0)","3.12.11 (main, Jul 23 2025, 00:34:44) [Clang 20.1.4 ]",2.9.1+cu128,1.0.6,auto,torch-choice,/home/tianyudu/Development/torch-choice/replication/paper_performance_benchmarks/runs/20260103_031639/synthetic_data,/home/tianyudu/Development/torch-choice/replication/paper_performance_benchmarks/runs/20260103_031639/benchmark_results,all,5,50000,0.03,-1,False,Adam,x86_64,16,NVIDIA GeForce RTX 3090,num_items_experiment_small
10000,11.810654401779175,(user_latents|item) + (item_latents|constant),4,44241.21875,100,2580,"ChoiceDataset(num_items=100, num_users=500, num_sessions=10000, label=[], item_index=[10000], user_index=[10000], session_index=[10000], item_availability=[], user_latents=[500, 5], item_latents=[100, 5], device=cuda:0)","3.12.11 (main, Jul 23 2025, 00:34:44) [Clang 20.1.4 ]",2.9.1+cu128,1.0.6,auto,torch-choice,/home/tianyudu/Development/torch-choice/replication/paper_performance_benchmarks/runs/20260103_031639/synthetic_data,/home/tianyudu/Development/torch-choice/replication/paper_performance_benchmarks/runs/20260103_031639/benchmark_results,all,5,50000,0.03,-1,False,Adam,x86_64,16,NVIDIA GeForce RTX 3090,num_items_experiment_small
10000,21.5645432472229,(user_latents|item) + (item_latents|constant),4,31527.84765625,150,4714,"ChoiceDataset(num_items=150, num_users=500, num_sessions=10000, label=[], item_index=[10000], user_index=[10000], session_index=[10000], item_availability=[], user_latents=[500, 5], item_latents=[150, 5], device=cuda:0)","3.12.11 (main, Jul 23 2025, 00:34:44) [Clang 20.1.4 ]",2.9.1+cu128,1.0.6,auto,torch-choice,/home/tianyudu/Development/torch-choice/replication/paper_performance_benchmarks/runs/20260103_031639/synthetic_data,/home/tianyudu/Development/torch-choice/replication/paper_performance_benchmarks/runs/20260103_031639/benchmark_results,all,5,50000,0.03,-1,False,Adam,x86_64,16,NVIDIA GeForce RTX 3090,num_items_experiment_small
10000,15.699422359466553,(user_latents|item) + (item_latents|constant),4,43781.4609375,200,3386,"ChoiceDataset(num_items=200, num_users=500, num_sessions=10000, label=[], item_index=[10000], user_index=[10000], session_index=[10000], item_availability=[], user_latents=[500, 5], item_latents=[200, 5], device=cuda:0)","3.12.11 (main, Jul 23 2025, 00:34:44) [Clang 20.1.4 ]",2.9.1+cu128,1.0.6,auto,torch-choice,/home/tianyudu/Development/torch-choice/replication/paper_performance_benchmarks/runs/20260103_031639/synthetic_data,/home/tianyudu/Development/torch-choice/replication/paper_performance_benchmarks/runs/20260103_031639/benchmark_results,all,5,50000,0.03,-1,False,Adam,x86_64,16,NVIDIA GeForce RTX 3090,num_items_experiment_small
10000,3.9319710731506348,(user_latents|item),4,21742.583984375,10,915,"ChoiceDataset(num_items=10, num_users=500, num_sessions=10000, label=[], item_index=[10000], user_index=[10000], session_index=[10000], item_availability=[], user_latents=[500, 5], item_latents=[10, 5], device=cuda:0)","3.12.11 (main, Jul 23 2025, 00:34:44) [Clang 20.1.4 ]",2.9.1+cu128,1.0.6,auto,torch-choice,/home/tianyudu/Development/torch-choice/replication/paper_performance_benchmarks/runs/20260103_031639/synthetic_data,/home/tianyudu/Development/torch-choice/replication/paper_performance_benchmarks/runs/20260103_031639/benchmark_results,all,5,50000,0.03,-1,False,Adam,x86_64,16,NVIDIA GeForce RTX 3090,num_items_experiment_small
10000,16.302879333496094,(user_latents|item),4,9976.798828125,20,3764,"ChoiceDataset(num_items=20, num_users=500, num_sessions=10000, label=[], item_index=[10000], user_index=[10000], session_index=[10000], item_availability=[], user_latents=[500, 5], item_latents=[20, 5], device=cuda:0)","3.12.11 (main, Jul 23 2025, 00:34:44) [Clang 20.1.4 ]",2.9.1+cu128,1.0.6,auto,torch-choice,/home/tianyudu/Development/torch-choice/replication/paper_performance_benchmarks/runs/20260103_031639/synthetic_data,/home/tianyudu/Development/torch-choice/replication/paper_performance_benchmarks/runs/20260103_031639/benchmark_results,all,5,50000,0.03,-1,False,Adam,x86_64,16,NVIDIA GeForce RTX 3090,num_items_experiment_small
10000,7.2955615520477295,(user_latents|item),4,31395.654296875,30,1679,"ChoiceDataset(num_items=30, num_users=500, num_sessions=10000, label=[], item_index=[10000], user_index=[10000], session_index=[10000], item_availability=[], user_latents=[500, 5], item_latents=[30, 5], device=cuda:0)","3.12.11 (main, Jul 23 2025, 00:34:44) [Clang 20.1.4 ]",2.9.1+cu128,1.0.6,auto,torch-choice,/home/tianyudu/Development/torch-choice/replication/paper_performance_benchmarks/runs/20260103_031639/synthetic_data,/home/tianyudu/Development/torch-choice/replication/paper_performance_benchmarks/runs/20260103_031639/benchmark_results,all,5,50000,0.03,-1,False,Adam,x86_64,16,NVIDIA GeForce RTX 3090,num_items_experiment_small
10000,12.619516849517822,(user_latents|item),4,31646.62890625,50,2917,"ChoiceDataset(num_items=50, num_users=500, num_sessions=10000, label=[], item_index=[10000], user_index=[10000], session_index=[10000], item_availability=[], user_latents=[500, 5], item_latents=[50, 5], device=cuda:0)","3.12.11 (main, Jul 23 2025, 00:34:44) [Clang 20.1.4 ]",2.9.1+cu128,1.0.6,auto,torch-choice,/home/tianyudu/Development/torch-choice/replication/paper_performance_benchmarks/runs/20260103_031639/synthetic_data,/home/tianyudu/Development/torch-choice/replication/paper_performance_benchmarks/runs/20260103_031639/benchmark_results,all,5,50000,0.03,-1,False,Adam,x86_64,16,NVIDIA GeForce RTX 3090,num_items_experiment_small
10000,11.98283839225769,(user_latents|item),4,44255.375,100,2771,"ChoiceDataset(num_items=100, num_users=500, num_sessions=10000, label=[], item_index=[10000], user_index=[10000], session_index=[10000], item_availability=[], user_latents=[500, 5], item_latents=[100, 5], device=cuda:0)","3.12.11 (main, Jul 23 2025, 00:34:44) [Clang 20.1.4 ]",2.9.1+cu128,1.0.6,auto,torch-choice,/home/tianyudu/Development/torch-choice/replication/paper_performance_benchmarks/runs/20260103_031639/synthetic_data,/home/tianyudu/Development/torch-choice/replication/paper_performance_benchmarks/runs/20260103_031639/benchmark_results,all,5,50000,0.03,-1,False,Adam,x86_64,16,NVIDIA GeForce RTX 3090,num_items_experiment_small
10000,19.256847858428955,(user_latents|item),4,31545.28515625,150,4389,"ChoiceDataset(num_items=150, num_users=500, num_sessions=10000, label=[], item_index=[10000], user_index=[10000], session_index=[10000], item_availability=[], user_latents=[500, 5], item_latents=[150, 5], device=cuda:0)","3.12.11 (main, Jul 23 2025, 00:34:44) [Clang 20.1.4 ]",2.9.1+cu128,1.0.6,auto,torch-choice,/home/tianyudu/Development/torch-choice/replication/paper_performance_benchmarks/runs/20260103_031639/synthetic_data,/home/tianyudu/Development/torch-choice/replication/paper_performance_benchmarks/runs/20260103_031639/benchmark_results,all,5,50000,0.03,-1,False,Adam,x86_64,16,NVIDIA GeForce RTX 3090,num_items_experiment_small
10000,12.524712800979614,(user_latents|item),4,43804.9140625,200,2815,"ChoiceDataset(num_items=200, num_users=500, num_sessions=10000, label=[], item_index=[10000], user_index=[10000], session_index=[10000], item_availability=[], user_latents=[500, 5], item_latents=[200, 5], device=cuda:0)","3.12.11 (main, Jul 23 2025, 00:34:44) [Clang 20.1.4 ]",2.9.1+cu128,1.0.6,auto,torch-choice,/home/tianyudu/Development/torch-choice/replication/paper_performance_benchmarks/runs/20260103_031639/synthetic_data,/home/tianyudu/Development/torch-choice/replication/paper_performance_benchmarks/runs/20260103_031639/benchmark_results,all,5,50000,0.03,-1,False,Adam,x86_64,16,NVIDIA GeForce RTX 3090,num_items_experiment_small
10000,5.847938299179077,(item_latents|constant),4,22767.7734375,10,1381,"ChoiceDataset(num_items=10, num_users=500, num_sessions=10000, label=[], item_index=[10000], user_index=[10000], session_index=[10000], item_availability=[], user_latents=[500, 5], item_latents=[10, 5], device=cuda:0)","3.12.11 (main, Jul 23 2025, 00:34:44) [Clang 20.1.4 ]",2.9.1+cu128,1.0.6,auto,torch-choice,/home/tianyudu/Development/torch-choice/replication/paper_performance_benchmarks/runs/20260103_031639/synthetic_data,/home/tianyudu/Development/torch-choice/replication/paper_performance_benchmarks/runs/20260103_031639/benchmark_results,all,5,50000,0.03,-1,False,Adam,x86_64,16,NVIDIA GeForce RTX 3090,num_items_experiment_small
10000,3.36690616607666,(item_latents|constant),4,22880.4375,20,795,"ChoiceDataset(num_items=20, num_users=500, num_sessions=10000, label=[], item_index=[10000], user_index=[10000], session_index=[10000], item_availability=[], user_latents=[500, 5], item_latents=[20, 5], device=cuda:0)","3.12.11 (main, Jul 23 2025, 00:34:44) [Clang 20.1.4 ]",2.9.1+cu128,1.0.6,auto,torch-choice,/home/tianyudu/Development/torch-choice/replication/paper_performance_benchmarks/runs/20260103_031639/synthetic_data,/home/tianyudu/Development/torch-choice/replication/paper_performance_benchmarks/runs/20260103_031639/benchmark_results,all,5,50000,0.03,-1,False,Adam,x86_64,16,NVIDIA GeForce RTX 3090,num_items_experiment_small
10000,5.095507860183716,(item_latents|constant),4,33579.7890625,30,1200,"ChoiceDataset(num_items=30, num_users=500, num_sessions=10000, label=[], item_index=[10000], user_index=[10000], session_index=[10000], item_availability=[], user_latents=[500, 5], item_latents=[30, 5], device=cuda:0)","3.12.11 (main, Jul 23 2025, 00:34:44) [Clang 20.1.4 ]",2.9.1+cu128,1.0.6,auto,torch-choice,/home/tianyudu/Development/torch-choice/replication/paper_performance_benchmarks/runs/20260103_031639/synthetic_data,/home/tianyudu/Development/torch-choice/replication/paper_performance_benchmarks/runs/20260103_031639/benchmark_results,all,5,50000,0.03,-1,False,Adam,x86_64,16,NVIDIA GeForce RTX 3090,num_items_experiment_small
10000,2.7141404151916504,(item_latents|constant),4,38080.7265625,50,637,"ChoiceDataset(num_items=50, num_users=500, num_sessions=10000, label=[], item_index=[10000], user_index=[10000], session_index=[10000], item_availability=[], user_latents=[500, 5], item_latents=[50, 5], device=cuda:0)","3.12.11 (main, Jul 23 2025, 00:34:44) [Clang 20.1.4 ]",2.9.1+cu128,1.0.6,auto,torch-choice,/home/tianyudu/Development/torch-choice/replication/paper_performance_benchmarks/runs/20260103_031639/synthetic_data,/home/tianyudu/Development/torch-choice/replication/paper_performance_benchmarks/runs/20260103_031639/benchmark_results,all,5,50000,0.03,-1,False,Adam,x86_64,16,NVIDIA GeForce RTX 3090,num_items_experiment_small
10000,3.4094669818878174,(item_latents|constant),4,45992.625,100,801,"ChoiceDataset(num_items=100, num_users=500, num_sessions=10000, label=[], item_index=[10000], user_index=[10000], session_index=[10000], item_availability=[], user_latents=[500, 5], item_latents=[100, 5], device=cuda:0)","3.12.11 (main, Jul 23 2025, 00:34:44) [Clang 20.1.4 ]",2.9.1+cu128,1.0.6,auto,torch-choice,/home/tianyudu/Development/torch-choice/replication/paper_performance_benchmarks/runs/20260103_031639/synthetic_data,/home/tianyudu/Development/torch-choice/replication/paper_performance_benchmarks/runs/20260103_031639/benchmark_results,all,5,50000,0.03,-1,False,Adam,x86_64,16,NVIDIA GeForce RTX 3090,num_items_experiment_small
10000,2.6166086196899414,(item_latents|constant),4,49017.671875,150,607,"ChoiceDataset(num_items=150, num_users=500, num_sessions=10000, label=[], item_index=[10000], user_index=[10000], session_index=[10000], item_availability=[], user_latents=[500, 5], item_latents=[150, 5], device=cuda:0)","3.12.11 (main, Jul 23 2025, 00:34:44) [Clang 20.1.4 ]",2.9.1+cu128,1.0.6,auto,torch-choice,/home/tianyudu/Development/torch-choice/replication/paper_performance_benchmarks/runs/20260103_031639/synthetic_data,/home/tianyudu/Development/torch-choice/replication/paper_performance_benchmarks/runs/20260103_031639/benchmark_results,all,5,50000,0.03,-1,False,Adam,x86_64,16,NVIDIA GeForce RTX 3090,num_items_experiment_small
10000,3.4285032749176025,(item_latents|constant),4,52203.5,200,767,"ChoiceDataset(num_items=200, num_users=500, num_sessions=10000, label=[], item_index=[10000], user_index=[10000], session_index=[10000], item_availability=[], user_latents=[500, 5], item_latents=[200, 5], device=cuda:0)","3.12.11 (main, Jul 23 2025, 00:34:44) [Clang 20.1.4 ]",2.9.1+cu128,1.0.6,auto,torch-choice,/home/tianyudu/Development/torch-choice/replication/paper_performance_benchmarks/runs/20260103_031639/synthetic_data,/home/tianyudu/Development/torch-choice/replication/paper_performance_benchmarks/runs/20260103_031639/benchmark_results,all,5,50000,0.03,-1,False,Adam,x86_64,16,NVIDIA GeForce RTX 3090,num_items_experiment_small
